<?xml version="1.0" encoding="utf-8"?>
<COLLADA xmlns="http://www.collada.org/2005/11/COLLADASchema" version="1.4.1" xmlns:xsi="http://www.w3.org/2001/XMLSchema-instance">
  <asset>
    <contributor>
      <author>Blender User</author>
      <authoring_tool>Blender 3.6.20 commit date:2025-01-20, commit time:15:08, hash:46254438b9dd</authoring_tool>
    </contributor>
    <created>2026-06-01T14:16:51</created>
    <modified>2026-06-01T14:16:51</modified>
    <unit name="meter" meter="1"/>
    <up_axis>Z_UP</up_axis>
  </asset>
  <library_effects>
    <effect id="Road-effect">
      <profile_COMMON>
        <technique sid="common">
          <lambert>
            <emission>
              <color sid="emission">0 0 0 1</color>
            </emission>
            <diffuse>
              <color sid="diffuse">0.64 0.64 0.64 1</color>
            </diffuse>
            <index_of_refraction>
              <float sid="ior">1</float>
            </index_of_refraction>
          </lambert>
        </technique>
      </profile_COMMON>
    </effect>
    <effect id="Lamppost_Emitter-effect">
      <profile_COMMON>
        <technique sid="common">
          <lambert>
            <emission>
              <color sid="emission">0 0 0 1</color>
            </emission>
            <diffuse>
              <color sid="diffuse">0.64 0.64 0.64 1</color>
            </diffuse>
            <index_of_refraction>
              <float sid="ior">1</float>
            </index_of_refraction>
          </lambert>
        </technique>
      </profile_COMMON>
    </effect>
  </library_effects>
  <library_images/>
  <library_materials>
    <material id="Road-material" name="Road">
      <instance_effect url="#Road-effect"/>
    </material>
    <material id="Lamppost_Emitter-material" name="Lamppost_Emitter">
      <instance_effect url="#Lamppost_Emitter-effect"/>
    </material>
  </library_materials>
  <library_geometries>
    <geometry id="Freeway_Curve_2_mesh-mesh" name="Freeway Curve 2_mesh">
      <mesh>
        <source id="Freeway_Curve_2_mesh-mesh-positions">
          <float_array id="Freeway_Curve_2_mesh-mesh-positions-array" count="1938">-60.21807 -0.2132897 -11.87754 -60.21807 1.617623 -11.87754 -59.85894 -0.2132897 -11.80602 -59.85894 1.617623 -11.80602 -60.2896 -0.2132897 -11.51842 -60.2896 1.617623 -11.51842 -59.93047 -0.2132897 -11.44689 -59.93047 1.617623 -11.44689 -60.17493 1.789014 -11.81295 -59.92354 1.789014 -11.76288 -59.97361 1.789014 -11.51149 -60.225 1.789014 -11.56156 -60.14288 7.785926 -11.76496 -59.97153 7.785926 -11.73083 -60.00566 7.785926 -11.55948 -60.17701 7.785926 -11.5936 -60.16929 7.651305 -11.80449 -59.93199 7.651305 -11.75723 -59.97925 7.651305 -11.51994 -60.21655 7.651305 -11.5672 -60.16929 8.065587 -11.80449 -59.93199 8.065587 -11.75723 -59.97925 8.065587 -11.51994 -60.21655 8.065587 -11.5672 -60.06917 7.685691 -11.73292 -60.00774 7.811664 -11.72069 -60.03522 7.811664 -11.58271 -60.09665 7.685691 -11.59495 -61.26259 8.316858 -11.97062 -61.25933 8.4575 -11.96997 -61.28681 8.4575 -11.832 -61.29007 8.316858 -11.83265 -60.66757 8.454189 -11.70866 -60.69745 8.316843 -11.71461 -60.66997 8.316843 -11.85259 -60.64009 8.454189 -11.84663 -61.21419 8.279109 -12.08492 -61.20532 8.675071 -12.08316 -61.28029 8.675071 -11.70676 -61.28916 8.279109 -11.70852 -62.02702 8.515427 -12.24682 -61.90007 8.675071 -12.22153 -61.97504 8.675071 -11.84513 -62.10199 8.515427 -11.87042 -61.40122 8.31169 -11.73084 -61.32625 8.31169 -12.10724 -61.31738 8.675071 -12.10548 -61.39235 8.675071 -11.72908 -61.8756 8.345994 -11.95399 -61.84992 8.345994 -12.08288 -61.63562 8.276226 -11.90619 -61.60995 8.276226 -12.03509 -81.50668 -0.2132899 -15.74428 -81.50668 1.617623 -15.74428 -81.86581 -0.2132899 -15.81581 -81.86581 1.617623 -15.81581 -81.43515 -0.2132899 -16.10341 -81.43515 1.617623 -16.10341 -81.79428 -0.2132899 -16.17494 -81.79428 1.617623 -16.17494 -81.54981 1.789014 -15.80888 -81.8012 1.789014 -15.85895 -81.75114 1.789014 -16.11034 -81.49975 1.789014 -16.06027 -81.58187 7.785926 -15.85687 -81.75321 7.785926 -15.891 -81.71909 7.785926 -16.06235 -81.54774 7.785926 -16.02822 -81.55546 7.651305 -15.81733 -81.79276 7.651305 -15.86459 -81.74549 7.651305 -16.10189 -81.5082 7.651305 -16.05463 -81.55546 8.065587 -15.81733 -81.79276 8.065587 -15.86459 -81.74549 8.065587 -16.10189 -81.5082 8.065587 -16.05463 -81.65558 7.685691 -15.8889 -81.71701 7.811664 -15.90114 -81.68952 7.811664 -16.03911 -81.6281 7.685691 -16.02688 -80.46216 8.316858 -15.65121 -80.46541 8.4575 -15.65185 -80.43793 8.4575 -15.78983 -80.43468 8.316858 -15.78918 -81.05718 8.454189 -15.91316 -81.0273 8.316843 -15.90721 -81.05478 8.316843 -15.76924 -81.08466 8.454189 -15.77519 -80.51056 8.279109 -15.5369 -80.51943 8.675071 -15.53867 -80.44446 8.675071 -15.91507 -80.43559 8.279109 -15.9133 -79.69773 8.515427 -15.37501 -79.82468 8.675071 -15.4003 -79.74971 8.675071 -15.7767 -79.62276 8.515427 -15.75141 -80.32353 8.31169 -15.89098 -80.39849 8.31169 -15.51458 -80.40737 8.675071 -15.51635 -80.3324 8.675071 -15.89275 -79.84915 8.345994 -15.66784 -79.87482 8.345994 -15.53894 -80.08913 8.276226 -15.71564 -80.1148 8.276226 -15.58674 -10.84071 -0.2132918 -60.34042 -10.84071 1.617621 -60.34042 -10.77349 -0.2132918 -59.98046 -10.77349 1.617621 -59.98046 -11.20067 -0.2132918 -60.2732 -11.20067 1.617621 -60.2732 -11.13345 -0.2132918 -59.91324 -11.13345 1.617621 -59.91324 -10.88463 1.789012 -60.27634 -10.83757 1.789012 -60.02437 -11.08954 1.789012 -59.97732 -11.1366 1.789012 -60.22929 -10.91725 7.785924 -60.22874 -10.88517 7.785924 -60.05699 -11.05692 7.785924 -60.02492 -11.08899 7.785924 -60.19667 -10.89037 7.651302 -60.26796 -10.84595 7.651302 -60.03012 -11.0838 7.651303 -59.9857 -11.12821 7.651302 -60.22354 -10.89037 8.065587 -60.26796 -10.84595 8.065587 -60.03012 -11.0838 8.065587 -59.9857 -11.12821 8.065587 -60.22354 -10.91955 7.685689 -60.1484 -10.90806 7.811662 -60.08683 -11.04635 7.811662 -60.061 -11.05785 7.685689 -60.12257 -11.14294 8.316854 -61.34458 -11.14233 8.457498 -61.34132 -11.28062 8.457498 -61.31549 -11.28123 8.316854 -61.31875 -11.16471 8.454185 -60.69482 -11.1703 8.316842 -60.72476 -11.03201 8.316842 -60.75059 -11.02642 8.454185 -60.72064 -11.01883 8.279109 -61.34218 -11.01717 8.675069 -61.33329 -11.39444 8.675069 -61.26284 -11.3961 8.279109 -61.27173 -11.17098 8.515425 -62.1569 -11.14722 8.675069 -62.02965 -11.52449 8.675069 -61.95919 -11.54825 8.515425 -62.08644 -11.41708 8.311687 -61.38405 -11.03981 8.311687 -61.4545 -11.03815 8.675069 -61.44561 -11.41542 8.675069 -61.37516 -11.38645 8.345993 -61.9074 -11.25725 8.345993 -61.93152 -11.34153 8.276225 -61.66686 -11.21234 8.276225 -61.69099 -15.17213 -0.2132927 -81.53934 -15.17213 1.61762 -81.53934 -15.23935 -0.2132927 -81.8993 -15.23935 1.61762 -81.8993 -14.81217 -0.2132927 -81.60656 -14.81217 1.61762 -81.60656 -14.8794 -0.2132927 -81.96652 -14.8794 1.61762 -81.96652 -15.12822 1.789011 -81.60342 -15.17528 1.789011 -81.85539 -14.92331 1.789011 -81.90245 -14.87625 1.789011 -81.65048 -15.0956 7.785923 -81.65102 -15.12767 7.785923 -81.82277 -14.95593 7.785923 -81.85485 -14.92385 7.785923 -81.68309 -15.12248 7.651302 -81.6118 -15.16689 7.651301 -81.84964 -14.92905 7.651301 -81.89406 -14.88463 7.651302 -81.65622 -15.12248 8.065586 -81.6118 -15.16689 8.065586 -81.84964 -14.92905 8.065586 -81.89406 -14.88463 8.065586 -81.65622 -15.09329 7.685688 -81.73136 -15.10479 7.811661 -81.79293 -14.9665 7.811661 -81.81876 -14.955 7.685688 -81.75719 -14.86991 8.316853 -80.53518 -14.87052 8.457497 -80.53844 -14.73222 8.457497 -80.56427 -14.73162 8.316853 -80.56101 -14.84814 8.454184 -81.18495 -14.84254 8.316841 -81.15501 -14.98084 8.316841 -81.12918 -14.98643 8.454184 -81.15912 -14.99401 8.279108 -80.53758 -14.99567 8.675068 -80.54647 -14.6184 8.675068 -80.61692 -14.61674 8.279108 -80.60803 -14.84186 8.515424 -79.72286 -14.86563 8.675068 -79.85012 -14.48836 8.675068 -79.92057 -14.46459 8.515424 -79.79332 -14.59576 8.311686 -80.49571 -14.97304 8.311686 -80.42526 -14.9747 8.675068 -80.43415 -14.59743 8.675068 -80.5046 -14.62639 8.345993 -79.97237 -14.75559 8.345993 -79.94824 -14.67131 8.276224 -80.2129 -14.80051 8.276224 -80.18878 -35.54512 -0.2132915 -74.8916 -35.54512 1.617622 -74.8916 -35.70188 -0.2132915 -75.22252 -35.70188 1.617621 -75.22252 -35.21419 -0.2132915 -75.04836 -35.21419 1.617621 -75.04836 -35.37095 -0.2132915 -75.37928 -35.37095 1.617621 -75.37928 -35.519 1.789012 -74.96475 -35.62873 1.789012 -75.1964 -35.39708 1.789012 -75.30613 -35.28734 1.789012 -75.07448 -35.49959 7.785924 -75.01909 -35.57439 7.785924 -75.17699 -35.41649 7.785924 -75.25179 -35.34169 7.785924 -75.09389 -35.51558 7.651303 -74.97432 -35.61916 7.651303 -75.19298 -35.4005 7.651303 -75.29656 -35.29692 7.651303 -75.0779 -35.51558 8.065587 -74.97432 -35.61916 8.065587 -75.19298 -35.4005 8.065587 -75.29656 -35.29692 8.065587 -75.0779 -35.51784 7.685689 -75.09737 -35.54465 7.811662 -75.15397 -35.41751 7.811662 -75.2142 -35.3907 7.685689 -75.1576 -34.99691 8.316857 -73.99765 -34.99833 8.457499 -74.00064 -34.87118 8.457499 -74.06087 -34.86977 8.316857 -74.05788 -35.14149 8.454188 -74.6315 -35.12845 8.316843 -74.60397 -35.25559 8.316843 -74.54374 -35.26863 8.454188 -74.57128 -35.11752 8.279109 -73.96833 -35.12139 8.67507 -73.9765 -34.77455 8.67507 -74.1408 -34.77067 8.279109 -74.13263 -34.76272 8.515426 -73.21932 -34.81813 8.67507 -73.33631 -34.47129 8.67507 -73.50061 -34.41587 8.515426 -73.38362 -34.72176 8.31169 -74.02937 -35.06861 8.31169 -73.86507 -35.07248 8.67507 -73.87324 -34.72563 8.67507 -74.03754 -34.61797 8.345993 -73.51551 -34.73675 8.345993 -73.45924 -34.72272 8.276226 -73.73664 -34.8415 8.276226 -73.68038 -25.9529 -0.2132916 -55.49714 -25.9529 1.617621 -55.49714 -25.79614 -0.2132916 -55.16621 -25.79614 1.617621 -55.16621 -26.28383 -0.2132916 -55.34038 -26.28383 1.617621 -55.34038 -26.12707 -0.2132916 -55.00945 -26.12707 1.617621 -55.00945 -25.97903 1.789012 -55.42399 -25.86929 1.789012 -55.19234 -26.10095 1.789012 -55.0826 -26.21068 1.789012 -55.31425 -25.99843 7.785924 -55.36964 -25.92364 7.785924 -55.21175 -26.08154 7.785924 -55.13695 -26.15633 7.785924 -55.29484 -25.98245 7.651303 -55.41442 -25.87887 7.651303 -55.19575 -26.09753 7.651303 -55.09217 -26.20111 7.651303 -55.31084 -25.98245 8.065587 -55.41442 -25.87887 8.065587 -55.19575 -26.09753 8.065587 -55.09217 -26.20111 8.065587 -55.31084 -25.98019 7.685689 -55.29137 -25.95337 7.811662 -55.23476 -26.08051 7.811662 -55.17454 -26.10733 7.685689 -55.23114 -26.50111 8.316854 -56.39109 -26.4997 8.457498 -56.38809 -26.62684 8.457498 -56.32786 -26.62826 8.316854 -56.33086 -26.35653 8.454185 -55.75724 -26.36958 8.316842 -55.78477 -26.24244 8.316842 -55.845 -26.22939 8.454185 -55.81746 -26.3805 8.279109 -56.42041 -26.37663 8.675069 -56.41223 -26.72348 8.675069 -56.24793 -26.72735 8.279109 -56.25611 -26.7353 8.515425 -57.16942 -26.67989 8.675069 -57.05243 -27.02673 8.675069 -56.88813 -27.08215 8.515425 -57.00512 -26.77626 8.311687 -56.35937 -26.42942 8.311687 -56.52367 -26.42554 8.675069 -56.51549 -26.77239 8.675069 -56.3512 -26.88006 8.345993 -56.87323 -26.76128 8.345993 -56.9295 -26.7753 8.276225 -56.65209 -26.65653 8.276225 -56.70836 -43.31464 -0.2132911 -43.32067 -43.31464 1.617622 -43.32067 -43.05515 -0.2132911 -43.0623 -43.05515 1.617622 -43.0623 -43.57301 -0.2132911 -43.06117 -43.57301 1.617622 -43.06117 -43.31351 -0.2132911 -42.80281 -43.31351 1.617622 -42.80281 -43.31447 1.789013 -43.24299 -43.13283 1.789013 -43.06213 -43.31368 1.789013 -42.88048 -43.49533 1.789013 -43.06134 -43.31435 7.785925 -43.18528 -43.19054 7.785925 -43.06201 -43.31381 7.785925 -42.93819 -43.43762 7.785925 -43.06147 -43.31445 7.651303 -43.23282 -43.14299 7.651303 -43.06211 -43.3137 7.651303 -42.89065 -43.48516 7.651303 -43.06136 -43.31445 8.065587 -43.23282 -43.14299 8.065587 -43.06211 -43.3137 8.065587 -42.89065 -43.48516 8.065587 -43.06136 -43.27069 7.68569 -43.1178 -43.2263 7.811663 -43.07361 -43.32556 7.811663 -42.97391 -43.36995 7.68569 -43.0181 -44.13302 8.316857 -43.97636 -44.13067 8.457499 -43.97402 -44.22993 8.457499 -43.87433 -44.23228 8.316857 -43.87667 -43.78248 8.454188 -43.42883 -43.80407 8.316843 -43.45033 -43.70481 8.316843 -43.55002 -43.68322 8.454188 -43.52853 -44.02944 8.279109 -44.04477 -44.02303 8.67507 -44.03839 -44.29382 8.67507 -43.76641 -44.30023 8.279109 -43.77279 -44.61677 8.515426 -44.62953 -44.52503 8.67507 -44.5382 -44.79582 8.67507 -44.26623 -44.88756 8.515426 -44.35756 -44.3812 8.31169 -43.85341 -44.11041 8.31169 -44.12539 -44.104 8.67507 -44.11901 -44.37479 8.67507 -43.84703 -44.65275 8.345993 -44.30184 -44.56002 8.345993 -44.39498 -44.47935 8.276226 -44.12919 -44.38662 8.276226 -44.22233 -58.90383 -0.2132917 -58.32505 -58.90383 1.617621 -58.32505 -59.16333 -0.2132917 -58.58342 -59.16333 1.617621 -58.58342 -58.64546 -0.2132917 -58.58455 -58.64546 1.617621 -58.58455 -58.90496 -0.2132918 -58.84291 -58.90496 1.617621 -58.84291 -58.904 1.789012 -58.40273 -59.08565 1.789012 -58.58359 -58.90479 1.789012 -58.76523 -58.72314 1.789012 -58.58438 -58.90412 7.785924 -58.46044 -59.02794 7.785924 -58.58371 -58.90467 7.785924 -58.70753 -58.78085 7.785924 -58.58425 -58.90402 7.651303 -58.4129 -59.07548 7.651303 -58.58361 -58.90477 7.651303 -58.75507 -58.73331 7.651303 -58.58436 -58.90402 8.065587 -58.4129 -59.07548 8.065587 -58.58361 -58.90477 8.065587 -58.75507 -58.73331 8.065587 -58.58436 -58.94778 7.685689 -58.52792 -58.99217 7.811662 -58.57211 -58.89291 7.811662 -58.67181 -58.84852 7.685689 -58.62762 -58.08546 8.316854 -57.66936 -58.08781 8.457498 -57.67169 -57.98854 8.457498 -57.77139 -57.98619 8.316854 -57.76905 -58.436 8.454185 -58.21689 -58.4144 8.316842 -58.19539 -58.51366 8.316842 -58.09569 -58.53525 8.454185 -58.11719 -58.18903 8.279109 -57.60095 -58.19544 8.675069 -57.60733 -57.92465 8.675069 -57.87931 -57.91824 8.279109 -57.87293 -57.60171 8.515425 -57.01618 -57.69344 8.675069 -57.10752 -57.42265 8.675069 -57.37949 -57.33092 8.515425 -57.28816 -57.83727 8.311687 -57.79231 -58.10806 8.311687 -57.52033 -58.11447 8.675069 -57.52671 -57.84368 8.675069 -57.79869 -57.56572 8.345993 -57.34388 -57.65845 8.345993 -57.25074 -57.73912 8.276225 -57.51652 -57.83185 8.276225 -57.42339 -74.8186 -0.2132908 -35.80242 -74.8186 1.617622 -35.80242 -75.14818 -0.2132908 -35.96199 -75.14818 1.617622 -35.96199 -74.65903 -0.2132908 -36.132 -74.65903 1.617622 -36.132 -74.98861 -0.2132908 -36.29158 -74.98861 1.617622 -36.29158 -74.8441 1.789013 -35.87579 -75.07481 1.789013 -35.98749 -74.96311 1.789013 -36.2182 -74.7324 1.789013 -36.1065 -74.86305 7.785925 -35.9303 -75.0203 7.785925 -36.00644 -74.94416 7.785925 -36.16369 -74.78691 7.785925 -36.08755 -74.84744 7.651304 -35.88539 -75.06521 7.651304 -35.99083 -74.95977 7.651304 -36.2086 -74.74201 7.651304 -36.10316 -74.84744 8.065587 -35.88539 -75.06521 8.065587 -35.99083 -74.95977 8.065587 -36.2086 -74.74201 8.065587 -36.10316 -74.92633 7.68569 -35.97985 -74.98271 7.811663 -36.00714 -74.9214 7.811663 -36.13376 -74.86502 7.68569 -36.10647 -73.83109 8.316857 -35.44957 -73.83407 8.457499 -35.45102 -73.77277 8.457499 -35.57764 -73.76979 8.316857 -35.5762 -74.34107 8.454188 -35.85279 -74.31365 8.316843 -35.83951 -74.37496 8.316843 -35.71289 -74.40238 8.454188 -35.72617 -73.90668 8.279109 -35.35112 -73.91483 8.67507 -35.35506 -73.74758 8.67507 -35.7005 -73.73944 8.279109 -35.69655 -73.16072 8.515426 -34.98995 -73.27723 8.67507 -35.04636 -73.10998 8.67507 -35.3918 -72.99347 8.515426 -35.33539 -73.63659 8.31169 -35.64676 -73.80384 8.31169 -35.30133 -73.81198 8.67507 -35.30527 -73.64473 8.67507 -35.65071 -73.23361 8.345993 -35.31146 -73.29088 8.345993 -35.19316 -73.45384 8.276226 -35.41809 -73.51112 8.276226 -35.2998 -55.18734 -0.2132903 -26.7046 -55.18734 1.617623 -26.7046 -54.85775 -0.2132903 -26.54503 -54.85775 1.617623 -26.54503 -55.34691 -0.2132903 -26.37502 -55.34691 1.617623 -26.37502 -55.01733 -0.2132903 -26.21544 -55.01733 1.617623 -26.21544 -55.16184 1.789013 -26.63123 -54.93113 1.789013 -26.51953 -55.04283 1.789013 -26.28882 -55.27354 1.789013 -26.40052 -55.14289 7.785926 -26.57672 -54.98564 7.785926 -26.50058 -55.06177 7.785926 -26.34333 -55.21903 7.785926 -26.41946 -55.1585 7.651304 -26.62163 -54.94073 7.651304 -26.51619 -55.04616 7.651304 -26.29842 -55.26394 7.651304 -26.40386 -55.1585 8.065587 -26.62163 -54.94073 8.065587 -26.51619 -55.04616 8.065587 -26.29842 -55.26394 8.065587 -26.40386 -55.0796 7.685691 -26.52717 -55.02323 7.811664 -26.49988 -55.08454 7.811664 -26.37326 -55.14091 7.685691 -26.40055 -56.17485 8.316858 -27.05745 -56.17186 8.4575 -27.056 -56.23317 8.4575 -26.92938 -56.23616 8.316858 -26.93082 -55.66487 8.454189 -26.65423 -55.69229 8.316843 -26.6675 -55.63098 8.316843 -26.79413 -55.60356 8.454189 -26.78085 -56.09925 8.279109 -27.1559 -56.09111 8.675071 -27.15196 -56.25836 8.675071 -26.80652 -56.2665 8.279109 -26.81046 -56.84522 8.515427 -27.51707 -56.72871 8.675071 -27.46066 -56.89595 8.675071 -27.11522 -57.01247 8.515427 -27.17163 -56.36934 8.31169 -26.86026 -56.2021 8.31169 -27.20569 -56.19395 8.675071 -27.20175 -56.3612 8.675071 -26.85631 -56.77233 8.345994 -27.19556 -56.71506 8.345994 -27.31385 -56.55209 8.276226 -27.08893 -56.49482 8.276226 -27.20722 -85.00001 -5 3.07361e-5 -60.00001 -5 3.07361e-5 -1.52588e-5 -5.000004 -84.99997 -16.82325 -5.000004 -82.78515 -37.50001 -5.000003 -76.29162 -59.96195 -5.000002 -59.96191 -76.29167 -5.000001 -37.49996 -82.78519 -5.000001 -16.82321 -1.52588e-5 -3.60619e-6 -82.49997 -16.17621 -3.5131e-6 -80.37034 -36.25001 -3.24018e-6 -74.12657 -58.19418 -2.54375e-6 -58.19414 -74.1266 -1.58454e-6 -36.24997 -80.37038 -7.07082e-7 -16.17616 -82.50001 0 2.5799e-5 -1.52588e-5 -2.73196e-6 -62.49997 -10.99982 -2.66866e-6 -61.05182 -26.25002 -2.48307e-6 -56.80604 -44.05205 -1.92557e-6 -44.05201 -56.8061 -1.14742e-6 -26.24997 -61.05186 -4.80816e-7 -10.99978 -62.50001 0 2.73089e-5 -1.52588e-5 -5.000003 -59.99997 -10.35278 -5.000002 -58.637 -25.00001 -5.000002 -54.64099 -42.28429 -5.000002 -42.28424 -54.64103 -5.000001 -24.99997 -58.63704 -5 -10.35273 -16.82325 0.1499963 -82.78515 -16.79715 0.2499963 -82.68772 -1.52588e-5 0.1499962 -84.99997 -1.52588e-5 0.2499963 -84.89911 -37.50001 0.1499966 -76.29162 -37.44958 0.2499966 -76.20427 -59.96195 0.1499974 -59.96191 -59.89063 0.2499973 -59.89059 -76.29167 0.1499983 -37.49996 -76.20432 0.2499983 -37.44953 -82.78519 0.1499992 -16.82321 -82.68776 0.2499992 -16.7971 -84.89915 0.25 2.56069e-5 -85.00001 0.15 2.56037e-5 -16.20231 0.2499964 -80.46777 -16.17621 0.1499965 -80.37034 -1.52588e-5 0.2499963 -82.60083 -1.52588e-5 0.1499963 -82.49997 -36.30044 0.2499967 -74.21392 -36.25001 0.1499966 -74.12657 -58.26551 0.2499974 -58.26546 -58.19418 0.1499974 -58.19414 -74.21395 0.2499983 -36.3004 -74.1266 0.1499984 -36.24997 -80.46781 0.2499992 -16.20227 -80.37038 0.1499993 -16.17616 -82.50001 0.15 2.57924e-5 -82.60087 0.25 2.57814e-5 -10.99982 0.1499973 -61.05182 -10.97372 0.2499973 -60.95439 -1.52588e-5 0.1499972 -62.49997 -1.52576e-5 0.2499971 -62.39911 -26.25002 0.1499975 -56.80604 -26.19958 0.2499974 -56.7187 -44.05205 0.149998 -44.05201 -43.98073 0.249998 -43.98069 -56.8061 0.1499988 -26.24997 -56.71875 0.2499988 -26.19954 -61.05186 0.1499994 -10.99978 -60.95443 0.2499995 -10.97368 -62.39915 0.25 2.73056e-5 -62.50001 0.15 2.73024e-5 -10.37888 0.2499974 -58.73442 -10.35278 0.1499974 -58.637 -1.52588e-5 0.2499973 -60.10083 -1.52588e-5 0.1499974 -59.99997 -25.05045 0.2499976 -54.72833 -25.00001 0.1499976 -54.64099 -42.3556 0.2499981 -42.35556 -42.28429 0.1499981 -42.28424 -54.72838 0.2499989 -25.0504 -54.64103 0.1499989 -24.99997 -58.73447 0.2499995 -10.37884 -58.63704 0.1499994 -10.35273 -60.00001 0.15 2.74911e-5 -60.10087 0.25 2.74787e-5 -1.52588e-5 -3.39204e-6 -77.60083 -1.52588e-5 -3.38322e-6 -77.39911 -14.90821 -3.30625e-6 -75.63813 -14.856 -3.29773e-6 -75.44329 -33.80044 -3.05472e-6 -69.88378 -33.69958 -3.04708e-6 -69.70908 -54.72997 -2.39232e-6 -54.72993 -54.58733 -2.38609e-6 -54.58729 -69.88382 -1.47746e-6 -33.80039 -69.70912 -1.47305e-6 -33.69954 -75.63817 -6.51657e-7 -14.90817 -75.44332 -6.49375e-7 -14.85596 -77.39915 0 2.61841e-5 -77.60087 0 2.61683e-5 -1.52588e-5 -3.17348e-6 -72.60083 -1.52588e-5 -3.16467e-6 -72.39912 -13.61412 -3.09514e-6 -70.8085 -13.56191 -3.08662e-6 -70.61365 -31.30044 -2.86544e-6 -65.55365 -31.19958 -2.8578e-6 -65.37895 -51.19443 -2.23778e-6 -51.19439 -51.05179 -2.23154e-6 -51.05175 -65.5537 -1.36818e-6 -31.3004 -65.37899 -1.36378e-6 -31.19954 -70.80854 -5.9509e-7 -13.61407 -70.61368 -5.92808e-7 -13.56186 -72.39914 0 2.65616e-5 -72.60087 0 2.65467e-5 -1.52588e-5 -2.95493e-6 -67.60083 -1.52588e-5 -2.94611e-6 -67.39912 -12.32002 -2.88403e-6 -65.97887 -12.26781 -2.87551e-6 -65.78401 -28.80044 -2.67617e-6 -61.22353 -28.69959 -2.66853e-6 -61.04883 -47.65891 -2.08324e-6 -47.65887 -47.51626 -2.077e-6 -47.51622 -61.22357 -1.25891e-6 -28.8004 -61.04887 -1.2545e-6 -28.69954 -65.97891 -5.38523e-7 -12.31998 -65.78406 -5.36241e-7 -12.26777 -67.39916 0 2.6939e-5 -67.60087 0 2.6925e-5</float_array>
          <technique_common>
            <accessor source="#Freeway_Curve_2_mesh-mesh-positions-array" count="646" stride="3">
              <param name="X" type="float"/>
              <param name="Y" type="float"/>
              <param name="Z" type="float"/>
            </accessor>
          </technique_common>
        </source>
        <source id="Freeway_Curve_2_mesh-mesh-normals">
          <float_array id="Freeway_Curve_2_mesh-mesh-normals-array" count="3243">-0.2682067 0 -0.9633615 -0.4281013 0 -0.9037308 0.9000676 0 0.4357505 -0.90006 0 -0.4357662 -0.1943147 -0.9616715 -0.1934677 -0.8606274 0.3051456 0.4076845 -0.1835597 0.00680375 -0.982985 -0.6748551 0.3051907 -0.6718849 -0.1747843 0.3051291 -0.936134 0.936104 0.3051907 -0.1748369 -1.67754e-5 -1 -1.68275e-5 0.9829797 0.006804406 -0.1835888 -0.7086179 0.006805658 -0.7055596 0.1835973 0.006803631 0.982978 -0.005142867 0.9999863 -0.00102657 0 -1 0 -0.4280635 0 -0.9037487 0.587521 0 0.809209 0.7086578 0 0.7055525 -0.808843 0 -0.5880248 -0.6352849 0.7083545 -0.3076477 0 1 -1.01815e-6 -0.7055475 -1.49039e-5 0.7086628 0.9037327 -2.19683e-5 -0.4280971 0 1 2.09118e-6 0.7084545 -0.02284967 0.7053865 0 1 2.71828e-6 0 1 0 -0.4357361 1.63442e-5 0.9000746 -0.7055594 1.32294e-5 0.7086509 0 1 5.22785e-7 0.6922699 0.7083476 0.1378627 0 1 2.7184e-6 -0.7055556 1.35805e-5 0.7086545 0.9830056 -4.41721e-6 -0.1835758 -0.1953479 1.57068e-5 0.9807341 0.4357455 -2.09407e-5 -0.9000699 -0.2689227 -0.9616715 -0.05355888 -0.2467994 -0.9616727 -0.1194818 -0.705536 0 0.7086741 -0.4358038 0 0.9000417 -0.5823957 0 -0.8129054 0.9000557 0 0.4357751 0.1317637 -0.6964766 0.7053785 0.18601 0.3051863 -0.9339495 0.09229564 0.707108 0.7010563 -0.9361174 0.3051518 0.1748337 -0.407645 0.3051838 -0.8606325 0.7055628 2.71616e-5 -0.7086474 -0.05033659 -0.9616714 -0.269545 0.4280818 0.006804764 0.9037145 -0.1835597 0.006803691 -0.982985 -0.1953277 0.006802678 0.9807145 0 1 -4.07236e-6 -0.130526 0 -0.991445 0.9548758 0 0.2970057 0.1953298 0 -0.9807377 0.9807379 0 0.1953283 -0.4281314 0.006804585 -0.9036909 -0.3021841 0.7083259 -0.6379335 0.9037284 -4.20824e-6 -0.4281066 -0.4357786 3.71724e-5 0.9000539 0 -1 0 -0.7037583 -0.6964755 -0.1401653 -0.5002255 0.708335 -0.4980322 -0.903721 1.63433e-5 0.4281218 -0.9830015 3.26904e-5 0.1835976 9.63254e-4 0.9999862 0.00515747 2.32184e-5 -1 1.12191e-5 -0.903729 1.01855e-5 0.4281051 0.4357666 -2.65033e-5 -0.9000597 -0.7055821 -5.74204e-6 0.7086282 0.1953481 -1.97387e-5 -0.980734 -0.1644116 -0.4451991 -0.8802084 -0.8998273 -0.02286171 -0.435647 0.263198 0 0.9647419 0.8092092 0 0.5875207 0.1835747 0 0.9830058 -0.9000453 0 -0.4357965 0.674809 0.3051979 0.6719279 -0.705582 0.006805181 0.7085956 -0.8571372 0.3051416 -0.4149755 -0.6719161 0.3051984 0.6748205 0.8571159 0.3051681 0.4149999 0.004719674 0.9999863 0.002281308 0.9807126 0.006804406 0.1953371 -0.1953516 0.006804704 0.9807097 -0.7086377 0.006803631 -0.7055398 0.5504513 0.6298091 0.5480363 -0.1317632 -0.6964759 -0.7053793 -0.9830134 0 0.1835343 -0.9540582 0 -0.2996212 -0.1953343 0 0.9807368 0 -1 0 -0.004719913 0.9999862 -0.002286732 0.6353092 0.7083442 0.3076213 0.7055462 -4.39379e-5 -0.708664 -0.7055538 4.39381e-5 0.7086563 -0.980482 -0.02283692 -0.1952784 -0.1173713 -0.9616764 -0.2477958 0 -1 0 0.5002363 0.708338 0.4980171 0.7055349 -4.29978e-5 -0.7086752 0.9830015 1.63452e-5 -0.1835976 -0.98301 0 0.183552 0 1 -1.95251e-6 0.9804806 -0.02280664 0.1952891 0.9037254 1.35811e-5 -0.4281128 -0.9830077 -2.54634e-5 0.1835651 -0.9830144 0 0.1835291 0.7055356 0 -0.7086745 0.2467916 -0.9616702 0.1195172 0.1943023 -0.9616726 0.1934753 0.9037306 0 -0.4281017 0.1953293 0 -0.9807378 -0.4280967 0 -0.903733 -0.7055662 0 0.708644 -0.6718831 0.3052111 0.6748477 0.1953348 0.006804585 -0.980713 -0.8606318 0.3051381 0.4076807 -0.1748311 0.305211 -0.9360985 -0.6748304 0.3051663 -0.6719208 -0.3071717 -0.6964927 -0.6484933 0.7086526 0.006805658 0.7055249 -0.9000274 0.006804347 -0.4357801 -0.982981 0.00680387 0.1835816 0 -1 -2.03629e-6 7.23614e-7 -1 4.07272e-6 0.1835789 0 0.983005 0.9830005 0 -0.1836037 0.9807376 0 0.1953305 -0.7086619 0 -0.7055483 0 1 4.07272e-6 0.3833563 -0.4452133 0.8092115 0.1953426 5.49216e-5 -0.9807351 0.4357622 3.85757e-6 -0.9000619 -0.9804613 0.0236116 -0.1952899 -0.4279769 -0.02284699 -0.9035009 0 -1 0 0.1953177 1.63446e-5 -0.9807401 -0.1295259 0.7083411 -0.6938847 0 -1 0 -0.4357825 1.76691e-5 0.9000521 -0.9037263 -1.76695e-5 0.4281108 0.1953575 -1.04711e-5 -0.9807322 -0.4358566 -1.04709e-5 0.9000161 0.002246141 0.9999863 0.004742562 0.307122 -0.6964929 0.6485166 0.1835238 -0.02282959 0.9827501 0.9037367 0 -0.4280887 -0.9000549 0 -0.4357765 -0.9037346 0 0.4280934 0 -1 -2.03649e-6 0.6718736 0.3052105 -0.6748573 0.9037129 0.006803929 -0.4280849 0.6748738 0.3051258 0.6718956 -0.8571113 0.305215 -0.4149749 -0.9339644 0.3051232 -0.1860384 -0.9037055 0.006805241 0.4281006 -0.4357721 0.006805241 0.9000314 -0.9829823 0.006803929 0.1835744 0 1 -2.71843e-6 -0.9807333 0 -0.1953516 -0.9037386 0 0.4280847 0.4358089 0 -0.9000392 -0.9000578 0 -0.4357707 0.1643645 -0.445184 0.8802248 -0.003718435 0.9999862 -0.003698647 -0.9830042 5.34787e-6 0.1835834 0.4357708 0 -0.9000577 0 1 -5.22794e-7 0 1 2.71841e-6 -0.1943196 -0.9616741 -0.1934499 0.9804616 0.0236116 0.1952885 -0.1953492 -3.26862e-5 0.9807338 0.1953826 5.78779e-5 -0.9807271 -0.6345524 -0.4452082 -0.6317697 0 -1 2.03636e-6 -0.1953515 -2.37664e-5 0.9807333 0.1305061 -0.9911066 0.02600145 -0.9037567 -1.04715e-5 0.4280466 0.4076458 0.3051866 0.8606312 0 1 3.90527e-6 0 1 -9.76242e-7 -0.7086421 0 -0.7055682 0.4357944 0 -0.9000462 -0.1953234 0 0.980739 -0.9037368 0 0.4280887 0.005143046 0.9999862 0.00102663 0.4076505 0.3051487 0.8606424 -0.4281314 0.006803989 -0.9036909 0.1748448 0.3052006 0.9360994 0.9339607 0.3051448 0.1860218 -0.4149668 0.3051731 0.8571301 -0.002245008 0.9999862 -0.004739642 0.4357656 0.006804704 -0.9000346 0.1953306 0.006804764 -0.9807139 0.7055217 0.006804108 -0.7086557 0 1 2.03629e-6 0 1 2.03633e-6 0.4280987 0 0.9037321 -0.9807376 0 -0.1953305 0.983007 0 -0.1835682 -0.4281007 0 -0.9037312 -0.2467742 -0.9616789 -0.1194832 0.8781474 -0.4452829 0.1748721 0.983008 -4.27822e-5 -0.1835629 0.7055509 -2.34954e-5 -0.7086593 0 1 -3.90527e-6 0 1 3.90479e-6 0.003716468 0.9999863 0.003703713 0.6345387 -0.4452853 0.6317292 0.7055546 6.53715e-5 -0.7086557 0.9830114 8.26805e-6 -0.1835452 0 -1 0 -0.5085356 -0.6964619 -0.5062928 -0.7084597 0.02356231 -0.7053579 0.195326 -1.32517e-5 -0.9807384 -0.7055546 0 0.7086556 0.9829999 -5.23546e-6 -0.1836063 0.4357814 -1.93807e-5 -0.9000526 0.7618222 0.6297616 0.1517472 0.2689068 -0.961677 0.05353987 -0.1835795 0 -0.9830049 -0.983007 0 0.1835682 0.4280729 0 0.9037442 -0.7086256 0 -0.7055847 -3.76736e-6 -1 -2.24371e-5 -0.1860119 0.3051913 0.9339475 0.90371 0.006804645 -0.4280909 -0.4149563 0.3051861 0.8571305 -0.9339208 0.3052777 -0.1860046 0.8606272 0.3051588 -0.4076752 -0.5504102 0.6298519 -0.5480285 0.9829803 0.006804466 -0.1835851 0.4280846 0.006804168 0.9037131 -0.9807098 0.006805002 -0.1953515 0 -1 -4.07272e-6 0.1835528 0 0.9830099 -0.4357905 0 0.9000481 0.4358034 0 -0.900042 0 1 1.35912e-6 0 1 7.81104e-6 -0.9037371 1.06954e-5 0.428088 -0.1953396 -2.19684e-5 0.9807357 0.3325358 0.6298426 0.7019389 -0.7617842 0.6298118 -0.1517305 0.5085276 -0.6964896 0.5062628 0.4357764 3.19714e-5 -0.900055 -0.9037501 5.51185e-6 0.4280604 -0.183524 -0.0228495 -0.9827497 -0.3833767 -0.4451285 -0.8092484 1.01389e-5 -1 2.24359e-5 0.9037334 0 -0.4280958 -0.4357641 6.79025e-6 0.900061 -0.9037469 4.30695e-6 0.4280673 0.7055683 -2.87096e-6 -0.708642 -0.6458379 -0.69649 -0.3127222 0.1943047 -0.9616735 0.1934682 -0.9830085 0 0.18356 0.7055436 0 -0.7086666 0.2970052 0 0.954876 -0.1953398 0 0.9807357 -0.4076693 0.3051767 -0.8606236 0.4357892 0.006805539 -0.9000231 0.8570879 0.3052789 0.4149762 -0.936121 0.3051542 0.17481 0.4150199 0.3051927 -0.8570974 0 -1 0 -0.7055565 0.006803512 0.7086211 -0.4357584 0.006803452 0.900038 -0.9000164 0.006806552 -0.4358029 0.7037537 -0.696478 0.1401751 -0.9633616 0 -0.2682065 -0.705559 0 0.7086513 0.9807364 0 0.1953362 0.7086421 0 0.7055681 -0.699081 0.6298572 -0.3384757 0.1835878 0.02355945 0.982721 0 1 0 -0.9037448 4.39352e-5 0.4280719 -0.4279568 0.02357101 -0.9034918 0.7084056 0.02356207 0.7054122 2.13059e-5 -1 1.12178e-5 -0.142588 0.6298255 -0.7635369 -0.1953396 5.51234e-7 0.9807357 -0.7055238 3.26874e-5 0.7086863 0.8998242 -0.02283656 0.4356549 -0.183587 0.02358382 -0.9827206 0.4357686 -2.71617e-5 -0.9000588 0.7055602 0 -0.7086501 -0.4357215 -2.44045e-5 0.9000816 0.9829976 2.15338e-6 -0.1836187 2.01864e-7 -1 2.22252e-7 0.2689444 -0.9616649 0.05356872 -0.9037308 0 0.4281014 0.5815755 0 0.8134924 -0.1836217 0 -0.982997 0 1 5.43638e-6 0.4149696 0.3051966 -0.8571203 0.1835583 0.006803512 0.9829854 0.6718999 0.3052098 -0.6748315 0.1747648 0.3052053 0.9361127 0.860621 0.3051801 -0.4076722 0.1295844 0.7083352 0.6938799 0.980724 0.006802022 0.1952799 -0.90372 0.006805598 0.4280698 0.9000476 0.006804704 0.4357385 -3.15086e-6 -1 4.07255e-6 0 -1 4.07272e-6 0.7055746 0 -0.7086358 -0.980736 0 -0.1953386 -0.4358131 0 0.9000372 -0.1835858 0 -0.9830037 -0.8782032 -0.4451606 -0.1749034 0.1174023 -0.9616749 0.2477867 0.1953284 -1.9726e-5 -0.980738 0.9830056 2.19689e-5 -0.183576 -0.8059394 -0.4451581 -0.3902512 0.1426116 0.6298319 0.7635273 0.4279843 0.02351754 0.9034801 1.45405e-5 -1 1.68275e-5 0.9037233 0 -0.4281171 -0.4357728 2.20493e-6 0.9000567 0 1 -3.05442e-6 3.76597e-6 -1 1.96323e-5 -2.13079e-5 -1 -2.24356e-5 -0.1953252 8.83445e-6 0.9807386 0.19534 -3.73473e-5 -0.9807357 -0.7055146 0 0.7086954 -0.1953609 1.43563e-6 0.9807315 0.4279772 -0.02284306 0.9035008 0.6458379 -0.69649 0.3127222 -0.7055483 0 0.7086619 -0.1953207 0 0.9807395 -0.8129053 0 -0.582396 0.9037345 0 -0.4280936 0.9339917 0.3050525 0.1860173 0.900028 0.00680685 0.4357789 0.936109 0.3051801 -0.1748288 0.1859986 0.3051862 -0.9339518 -0.1860175 0.3051888 0.9339472 0.1173853 -0.9616683 0.2478203 0.7055639 0.006804227 -0.7086136 0.708603 0.006804287 0.7055746 -0.9807186 0.00680685 -0.1953066 0 1 -4.07259e-6 -9.62919e-4 0.9999862 -0.00515747 0.9000498 0 0.435787 0.4357546 0 -0.9000656 0.7055662 0 -0.708644 0.130526 0 0.9914449 0 1 4.07259e-6 -0.4357684 4.39369e-5 0.9000588 -0.1953439 8.15336e-6 0.9807348 -2.32182e-5 -1 -1.40235e-6 -0.3325182 0.6298248 -0.7019632 0.3021303 0.7083413 0.637942 0.8059477 -0.4451601 0.3902318 0.4357562 6.53749e-5 -0.9000648 -0.9830085 -4.96135e-6 0.1835607 0.6991342 0.6297842 0.3385015 -8.7844e-6 -1 -1.9631e-5 0 1 -7.8103e-6 -0.9830047 8.83457e-6 0.1835806 0.983004 4.07429e-5 -0.1835843 0.9037396 -1.07673e-5 -0.4280825 0.9037566 1.04713e-5 -0.4280469 -0.7084671 -0.02282893 -0.7053746 0.05027323 -0.9616791 0.269529 0 1 0 0 1 0 0 1 0 0 1 0 0 1 0 0 1 0 0 1 0 0 1 0 0 1 0 0 1 0 0 1 0 0 1 0 0 1 0 0 1 0 0.9037389 0 -0.4280841 0 1 0 0 1 0 0 1 0 0 1 0 0 1 0 0.7055411 0 -0.708669 -0.9807381 0 -0.1953272 0 1 0 0 1 0 0 1 0 0 1 0 0 1 0 0 1 0 0 1 0 0 1 0 0 1 0 0.964742 0 0.2631977 0.9830008 0 -0.1836016 -0.4357548 0 0.9000655 0 1 0 -0.9914449 0 -0.130526 0.7086535 0 0.7055567 -0.1835747 0 -0.9830058 0 1 0 0 1 0 0.8134924 0 0.5815757 0 1 0 0.1953452 0 -0.9807345 0 1 0 -0.1305257 0 -0.9914449 0 1 0 0.9914449 4.31212e-7 0.1305263 -0.2996219 0 -0.9540581 -0.7086631 0 -0.7055471 -0.5880247 0 -0.8088431 0.9830036 0 -0.1835865 0 1 0 0.4281031 0 0.9037299 0.980742 0 0.1953083 0.1305263 0 0.991445 0.9914449 0 0.1305259 -0.09229367 0.7071225 -0.7010418 0.6706901 0.7099131 0.2149378 0.6684702 0.7141047 0.2078513 0.668462 0.7141049 0.2078769 -0.5715898 0.7086731 -0.4136033 -0.5700607 0.7094399 -0.4143984 -0.5700606 0.7094399 -0.4143984 0.5703035 0.7082251 0.4161383 0.5703686 0.7093697 0.4140947 0.5703653 0.7093697 0.4140992 -0.2122354 0.7056664 -0.6760112 -0.219094 0.7015329 -0.6781221 -0.2147798 0.6973652 -0.6837773 0.7010636 0.7071006 0.09229683 -0.7010497 0.7071146 -0.09229481 -0.6769579 0.7133131 -0.1814182 -0.6728569 0.7157197 -0.187107 -0.6728566 0.7157198 -0.1871073 -0.4119341 0.7068719 -0.5750152 -0.4146114 0.7053768 -0.574927 -0.4137364 0.7038137 -0.5774674 0.4154929 0.707028 0.5722562 0.4148011 0.7057715 0.5743055 0.4169794 0.7045149 0.5742708 0.2104967 0.7055997 0.6766241 0.2060194 0.7013282 0.6824184 0.2130841 0.6970226 0.6846566 -0.415861 0.706977 -0.5720518 -0.4178484 0.7057885 -0.5720711 -0.4172318 0.7046678 -0.5738998 0.09230124 0.7070688 0.7010951 0.6769186 0.7101902 0.1934196 0.6735135 0.7160071 0.1836121 0.6735327 0.715974 0.1836706 -0.5744127 0.709031 -0.4090542 -0.5725356 0.7099243 -0.4101347 -0.5725355 0.7099243 -0.4101349 0.411369 0.7068979 0.5753875 0.4104734 0.7053008 0.5779814 0.4132427 0.7037035 0.577955 -0.1902673 0.7043815 -0.6838459 -0.1996756 0.6986883 -0.6869966 -0.1934677 0.6928581 -0.6946351 -0.09229624 0.7071087 -0.7010555 -0.7010306 0.7071338 -0.09229266 -0.9830065 0 0.1835709 0.5728043 0.7084667 0.4122745 0.572867 0.7100123 0.4095193 0.5728611 0.7100124 0.4095274 -0.67153 0.7118996 -0.2055391 -0.6681557 0.7138539 -0.2097153 -0.6681231 0.7138875 -0.2097053 0.186948 0.704168 0.6849802 0.1804146 0.6982308 0.6927658 0.1901715 0.692226 0.6961738 0.7010538 0.7071105 0.09229528 0.7086619 0 0.7055483 0 1 0 0 1 0 0 1 0 -0.9830002 -5.23541e-6 0.1836051 0 1 0 0 1 0 0 1 0 0 1 0 0 1 0 0 1 0 0 1 0 0 1 0 0 1 0 0 1 0 0 1 0 0 1 0 0 1 0 0 1 0 0 1 0 -0.991445 0 -0.1305262 0 1 2.71834e-6 0.623507 -0.7719001 0.1241343 0.2467994 -0.9616721 0.1194862 -0.331496 -0.7348091 0.5917482 0.1197735 -0.9911065 0.05798584 -0.07949578 -0.7348495 -0.6735553 0.9037263 -1.43311e-5 -0.4281108 -0.05033391 -0.9616774 -0.2695239 0.3314949 -0.7347977 -0.591763 0.02442824 -0.9911071 0.1308054 0.07943648 -0.734803 0.673613 -0.6235209 -0.7718802 -0.124189 0 1 -5.43667e-6 -0.6725958 -0.7348142 -0.08753901 -0.05697077 -0.9911051 -0.1202703 0.5957148 -0.7347868 -0.3243646 -0.1305037 -0.9911072 -0.02599024 0.8998522 0.02356463 0.4355581 0.6725985 -0.7348122 0.08753591 0.4505097 -0.7719057 0.4485561 -0.5956752 -0.7348086 0.324388 -0.5722057 -0.7718991 -0.2770426 -0.6922633 0.7083495 -0.1378865 0.6727018 -0.734802 -0.08682334 0.0569719 -0.9911075 0.1202502 -0.4933215 -0.734798 0.4655168 0.09429973 -0.9911074 0.09388113 0.05033999 -0.9616729 0.269539 -0.6727054 -0.7348002 0.08681094 -0.2721597 -0.7718884 -0.5745583 0.4933093 -0.7348122 -0.4655073 0.2721979 -0.7719033 0.5745204 -0.8998031 0.02360987 -0.4356573 -0.6036307 -0.7348152 0.3093165 -0.09429508 -0.9911075 -0.09388482 0.3067653 -0.7347568 -0.6050021 -0.116739 -0.7718717 -0.6249688 -0.268922 -0.9616713 -0.05356478 0.6036303 -0.734819 -0.3093084 0.5722268 -0.7718813 0.2770485 -0.3066707 -0.7348115 0.6049836 -0.4505264 -0.7718875 -0.4485707 -0.1173779 -0.9616729 -0.247806 0.469718 -0.7347654 -0.489372 0.1168012 -0.771885 0.6249408 -0.09257686 -0.7348048 0.6719313 -0.02442449 -0.9911068 -0.130808 0.4280595 0 0.9037506 -0.4697107 -0.734777 0.4893615 -0.1197681 -0.9911069 -0.05799013 0.09253543 -0.7348276 -0.6719119 -0.3314962 -0.7348072 0.5917506 -0.0794596 -0.7347956 -0.6736184 0.3314834 -0.7348117 -0.591752 0.07948046 -0.7348111 0.6735989 -0.6726009 -0.7348111 -0.08752632 0.5956636 -0.7348235 -0.3243755 0.6725942 -0.7348172 0.08752554 -0.5956113 -0.7348687 0.3243689 0.6727167 -0.7347909 -0.08680176 -0.4932796 -0.7348471 0.4654837 -0.6727221 -0.7347763 0.08688485 0.4932981 -0.7348214 -0.4655045 -0.6036422 -0.7348029 0.3093234 0.30667 -0.7348267 -0.6049656 0.6036364 -0.7348044 -0.309331 -0.3066637 -0.7348239 0.6049721 0.4697023 -0.7348191 -0.4893063 -0.09253859 -0.7348284 0.6719107 -0.4696835 -0.7348195 0.4893239 0.09253001 -0.734793 -0.6719506 0.1953144 0 -0.9807407 -0.2682079 0 -0.9633611 -0.4280995 0 -0.9037317 0.9000635 0 0.435759 -0.9000644 0 -0.4357572 -0.1943238 -0.9616694 -0.1934689 -0.860636 0.3051462 0.4076662 -0.1835583 0.006804645 -0.9829854 -0.6748246 0.3051818 -0.6719196 -0.1748839 0.3052147 -0.9360874 0.9361085 0.30518 -0.174832 -1.67777e-5 -1 -1.5426e-5 0.9829811 0.006803452 -0.183581 -0.7086357 0.006801366 -0.7055418 0.1835488 0.006804049 0.9829871 -0.005142986 0.9999864 -0.001019895 0 -1 -1.01811e-6 -0.4281378 0 -0.9037135 0.5875211 0 0.8092088 0.708635 0 0.7055752 -0.6352981 0.7083394 -0.307655 -0.7055642 0 0.708646 0.9037364 7.34677e-5 -0.4280896 0 1 -2.09121e-6 0.7084816 -0.02282935 0.7053599 -0.4357514 2.20495e-5 0.9000672 -0.7055218 -3.26873e-5 0.7086883 0 1 4.18232e-6 0.6922744 0.7083384 0.1378872 -0.7055613 0 0.708649 0.9830067 2.71616e-5 -0.18357 -0.195326 1.32788e-5 0.9807384 0.4356944 -3.15804e-5 -0.9000947 -0.2689429 -0.9616653 -0.05356818 -0.2467924 -0.961674 -0.1194856 -0.7055475 0 0.7086628 -0.4357945 0 0.9000462 -0.5823957 0 -0.8129055 0.90006 0 0.4357661 0.1317537 -0.6964763 0.7053805 0.1860178 0.3051821 -0.9339492 0.09229665 0.7070983 0.7010659 -0.9361096 0.3051871 0.1748133 -0.4077326 0.3051483 -0.8606036 0.7055635 0 -0.7086467 -0.05033153 -0.9616736 -0.2695378 0.4280887 0.006803512 0.9037111 -0.1835966 0.006803691 -0.9829782 -0.1952887 0.006804943 0.9807223 0 1 4.07299e-6 0.9548758 0 0.2970057 0.1953202 0 -0.9807396 0.9807381 0 0.1953272 -0.4280846 0.006804823 -0.9037132 -0.3021925 0.7083232 -0.6379325 0.9037366 0 -0.4280892 -0.4357641 4.3937e-5 0.900061 -0.7037578 -0.6964745 -0.140172 -0.5002966 0.708329 -0.4979692 -0.9037086 6.7252e-5 0.4281483 -0.9830104 -1.76394e-5 0.1835502 9.6356e-4 0.9999862 0.005158662 2.32168e-5 -1 1.40229e-6 -0.9037338 -8.83467e-6 0.428095 0.435781 0 -0.9000528 -0.7056013 2.09415e-5 0.7086091 0.1953252 -1.04712e-5 -0.9807386 -0.1644092 -0.4452046 -0.880206 -0.8998289 -0.02285295 -0.435644 0.2631973 0 0.9647421 0.8092091 0 0.5875208 0.1835747 0 0.9830058 -0.9000484 0 -0.43579 0.6748482 0.3052046 0.6718855 -0.705549 0.006804347 0.7086285 -0.8571251 0.3052021 -0.4149558 -0.6718928 0.3051677 0.6748576 0.8571102 0.3052381 0.4149602 0.004719734 0.9999862 0.002286732 0.9807117 0.006804943 0.1953412 -0.1953344 0.006803631 0.9807132 -0.7086466 0.00680375 -0.7055308 0.5504372 0.6298207 0.5480374 -0.1317529 -0.6964809 -0.7053763 -0.9830083 0 0.1835618 -0.9540583 0 -0.2996211 -0.1953398 0 0.9807357 0 -1 0 0.6353313 0.7083283 0.307612 0.7055593 4.0503e-5 -0.708651 -0.7055734 -3.89252e-5 0.7086369 -0.9804775 -0.02285975 -0.1952983 -0.1174104 -0.9616704 -0.2478003 0 -1 0 0.5002318 0.7083464 0.4980098 0.7055525 0 -0.7086578 0.9829958 5.12694e-5 -0.1836287 -0.9830088 0 0.1835589 0.9804805 -0.02281177 0.1952891 0.903734 -1.76697e-5 -0.4280946 -0.9830045 0 0.1835822 -0.983016 0 0.1835203 0.7055821 4.30653e-6 -0.7086282 0.2467784 -0.961679 0.1194738 0.1943246 -0.96167 0.1934654 0.9037348 0 -0.4280929 0.1953201 0 -0.9807395 -0.4280976 0 -0.9037325 0 1 -5.22803e-7 -0.6719187 0.3051583 0.674836 0.1953401 0.00680387 -0.980712 -0.8606424 0.3051012 0.4076862 -0.1747673 0.3051581 -0.9361277 -0.6748284 0.3052063 -0.6719046 -0.3072355 -0.6964746 -0.6484825 0.7086756 0.006805241 0.7055017 -0.9000377 0.006805241 -0.435759 -0.982986 0.006805717 0.1835545 0 -1 4.07259e-6 7.23585e-7 -1 5.0907e-6 0.1835793 0 0.983005 0.9830056 0 -0.1835762 -0.7086607 0 -0.7055495 0 1 -4.07272e-6 0.3833032 -0.4452558 0.8092132 0.1953304 -6.13695e-7 -0.9807375 0.4357885 -8.7875e-5 -0.9000492 -0.9804611 0.02361422 -0.1952905 -0.4280076 -0.02282452 -0.903487 0 -1 0 0 1 -3.13671e-6 0.1953429 8.81989e-6 -0.980735 -0.1295262 0.708342 -0.6938837 0 1 4.07759e-6 0 -1 0 -0.4357796 1.35808e-5 0.9000535 -0.9037418 6.11113e-5 0.4280782 0.1953262 -2.87109e-6 -0.9807384 -0.4357688 -2.00979e-5 0.9000588 0.002246499 0.9999862 0.004739999 0.3072259 -0.6964835 0.6484776 0.183501 -0.02282935 0.9827544 0.9037373 0 -0.4280878 -0.9000508 0 -0.4357849 -0.9037263 0 0.4281108 0 -1 4.07236e-6 0.6719117 0.3051551 -0.6748445 0.9037017 0.006803452 -0.4281086 0.674834 0.3052061 0.6718991 -0.857132 0.3051292 -0.414995 -0.9339455 0.3051843 -0.1860335 -0.9037231 0.006804525 0.4280636 -0.4357541 0.006803989 0.90004 -0.9829871 0.006805479 0.1835493 0 1 -2.03643e-6 -0.980733 0 -0.1953527 -0.9037378 0 0.4280867 0.4357721 0 -0.9000571 -0.9000578 0 -0.4357706 0.1643979 -0.4451923 0.8802143 -0.003718495 0.9999862 -0.003705084 -0.9830056 0 0.1835758 0.4357832 3.50682e-6 -0.9000518 -0.1943056 -0.9616754 -0.1934572 0.9804657 0.0235328 0.1952775 -0.1953296 5.51224e-6 0.9807377 0.1953146 -3.26873e-5 -0.9807407 0 -1 0 -0.6345296 -0.4452645 -0.631753 0 -1 -4.07282e-6 -0.1953269 1.7669e-5 0.9807383 0.1304994 -0.9911077 0.02598923 -0.9037799 9.33016e-6 0.4279975 0.407691 0.3051804 0.8606121 -0.7086534 0 -0.7055568 0.4357782 0 -0.9000542 -0.9037327 0 0.4280975 0.005142986 0.9999863 0.001019895 0.4076681 0.3051614 0.8606296 -0.4280803 0.00680387 -0.9037151 0.1747748 0.3052139 0.9361081 0.9339421 0.305202 0.1860215 -0.4149909 0.3051727 0.8571186 -0.002243995 0.9999863 -0.004734277 0.4357643 0.006804108 -0.9000352 0.1953446 0.006804645 -0.9807111 0.7055602 0.006805002 -0.7086174 0 1 -4.07256e-6 0 1 -4.07255e-6 0.4280986 0 0.903732 -0.9807379 0 -0.1953286 -0.4281007 0 -0.9037311 -0.2468063 -0.9616692 -0.1194949 0.8781538 -0.4452565 0.1749079 0.9830033 4.39376e-5 -0.1835879 0.7055442 8.78727e-5 -0.708666 0 1 7.81049e-6 0.003715872 0.9999864 0.003697395 0.6345456 -0.4452275 0.6317629 0.7055181 3.08672e-5 -0.708692 0.9830142 3.26865e-5 -0.1835296 -0.5084847 -0.696492 -0.5063026 -0.7084267 0.02358323 -0.7053903 0.1953492 1.86737e-5 -0.9807338 -0.7055765 0 0.7086338 0.9830127 1.86629e-5 -0.1835373 0.435719 1.04706e-5 -0.9000828 0.7617922 0.6298034 0.1517246 0.2689324 -0.9616685 0.05356544 -0.1835355 0 -0.9830132 0.4281343 0 0.9037153 -0.7086278 0 -0.7055825 -3.76737e-6 -1 -1.82302e-5 -0.1860174 0.3051887 0.9339472 0.9037062 0.006803512 -0.4280992 -0.41501 0.3052378 0.8570861 -0.9339469 0.3052036 -0.1859944 0.860591 0.3052276 -0.4077 -0.5504391 0.6298108 -0.5480468 0.9829752 0.00680375 -0.1836125 0.4280846 0.006805539 0.9037132 -0.980714 0.006805956 -0.1953302 0.183578 0 0.9830052 0.1835967 0 0.9830017 -0.4357537 0 0.900066 0.4357725 0 -0.900057 -0.9037277 6.59067e-5 0.4281079 -0.1953284 -4.93588e-5 0.980738 0.3325018 0.6298336 0.7019631 -0.7617691 0.6298326 -0.15172 0 1 -3.90491e-6 0.5084949 -0.6964905 0.5062944 0.4357625 -1.6344e-5 -0.9000617 -0.9037192 0 0.4281257 -0.1835007 -0.02284795 -0.9827541 -0.3832789 -0.4451991 -0.809256 1.0131e-5 -1 1.68275e-5 0.9037392 3.0557e-5 -0.4280835 -0.4357736 -1.76691e-5 0.9000564 -0.9037373 1.04717e-5 0.4280875 0.7055488 1.04715e-5 -0.7086614 -0.6458593 -0.6964827 -0.3126945 0.1943103 -0.9616754 0.1934528 -0.9830054 0 0.1835765 0.7055528 0 -0.7086574 0.2970056 0 0.9548757 -0.1953343 0 0.9807367 0 1 1.9525e-6 -0.407691 0.3052101 -0.8606016 0.4357585 0.006804347 -0.900038 0.8571276 0.3051464 0.4149916 -0.9360982 0.3052036 0.1748455 0.414989 0.3051858 -0.8571148 -0.70552 0.006807923 0.7086574 -0.4357163 0.0068053 0.9000583 -0.9000495 0.006801903 -0.4357349 0.7037549 -0.6964798 0.1401606 -0.9633615 0 -0.2682064 -0.705559 0 0.7086513 0.980736 0 0.1953383 0.7086535 0 0.7055568 -0.6991249 0.6298133 -0.3384669 0.1835761 0.02360045 0.9827222 0 1 0 -0.903727 -1.19233e-5 0.4281093 -0.4279835 0.02362293 -0.9034779 0.708454 0.02353489 0.7053644 2.13092e-5 -1 1.12188e-5 -0.1426128 0.6298311 -0.7635276 -0.1953649 1.63431e-5 0.9807307 -0.7055767 7.71686e-6 0.7086337 0.8998203 -0.02282059 0.4356637 -0.1835876 0.02355754 -0.982721 0.4357825 -3.53383e-5 -0.9000521 0.7055386 -3.39521e-5 -0.7086715 -0.4357906 0 0.9000482 0.9829999 5.23524e-6 -0.1836063 -2.00989e-7 -1 2.77815e-7 0.2689225 -0.9616714 0.05356383 0.9000707 0 0.435744 -0.9037238 0 0.4281161 0.5815761 0 0.8134921 0 1 -1.08733e-5 0.4149781 0.3051869 -0.8571197 0.1836061 0.006803572 0.9829764 0.6719332 0.3051518 -0.6748247 0.1748043 0.3051922 0.9361097 0.860594 0.305208 -0.4077085 0.1295258 0.708348 0.6938776 0.9807076 0.006807684 0.1953623 -0.9036977 0.006803452 0.4281171 0.9000436 0.006804347 0.435747 0 -1 2.03633e-6 0.7055745 0 -0.7086358 -0.4357659 0 0.90006 -0.1835862 0 -0.9830037 -0.8781522 -0.4452195 -0.17501 0.1173751 -0.961672 0.247811 0.1953247 0 -0.9807386 0.9830061 -5.78597e-6 -0.1835737 -0.805872 -0.4452869 -0.3902434 0.1425808 0.6298718 0.7635002 0.4279569 0.02348893 0.903494 1.4538e-5 -1 1.54253e-5 0.903742 1.54337e-5 -0.4280776 -0.4357433 -3.26865e-5 0.900071 3.76566e-6 -1 2.10329e-5 -2.13075e-5 -1 -2.80448e-6 -0.1953417 2.37671e-5 0.9807353 0.1953269 -8.83452e-6 -0.9807383 -0.7056077 -1.43547e-6 0.7086027 -0.1953227 2.09411e-5 0.9807391 0.4279953 -0.02285444 0.9034919 0.645819 -0.696498 0.3127434 -0.1953202 0 0.9807396 -0.8129053 0 -0.582396 0.9037479 0 -0.4280651 0.9339284 0.3052802 0.1859619 0.9000377 0.006801843 0.435759 0.9360978 0.3052281 -0.1748054 0.1860227 0.3051384 -0.9339626 -0.1860125 0.3052147 0.9339397 0.1173814 -0.9616702 0.2478146 0.7055528 0.006805479 -0.7086248 0.7086466 0.006802797 0.7055308 -0.9807237 0.006802856 -0.1952811 -9.63476e-4 0.9999862 -0.005158185 0.900052 0 0.4357826 0.435773 0 -0.9000566 0.7055483 0 -0.7086619 0.1305258 0 0.991445 0 1 -2.03636e-6 0 1 1.95251e-6 -0.435771 5.55809e-5 0.9000577 -0.1953432 1.09843e-5 0.980735 -2.32174e-5 -1 -1.12179e-5 -0.3325222 0.6298385 -0.7019491 0.3021801 0.7083387 0.6379212 0.8059133 -0.4452267 0.3902269 0.43578 -8.1582e-5 -0.9000533 -0.9830063 0 0.1835721 0.6990872 0.6298518 0.3384728 -8.78308e-6 -1 -1.68267e-5 -0.9830043 -6.79002e-6 0.1835827 0.9830049 2.65037e-5 -0.1835796 0.9037077 2.09432e-5 -0.4281501 0.9037424 -7.17675e-6 -0.4280771 -0.7084562 -0.02283722 -0.7053852 0.05036067 -0.9616692 0.2695481 0 1 0 0 1 0 0 1 0 0 1 0 0 1 0 0 1 0 0 1 0 0 1 0 0 1 0 0 1 0 0 1 0 0 1 0 0 1 0 0 1 0 0.9037223 0 -0.4281193 0 1 0 0 1 0 0 1 0 0 1 0 0 1 0 0.7055591 0 -0.7086511 0 1 0 0 1 0 0 1 0 0 1 0 0 1 0 0 1 0 0 1 0 0 1 0 0 1 0 0.964742 0 0.2631976 0.9830023 0 -0.1835934 -0.4357837 0 0.9000514 0 1 0 -0.991445 0 -0.1305261 0.7086358 0 0.7055745 0 1 0 0 1 0 0.8134924 0 0.5815756 0 1 0 0.1953343 0 -0.9807367 0 1 0 -0.130527 0 -0.9914448 0 1 0 0.9914448 0 0.1305264 -0.2996219 0 -0.9540581 -0.5880247 0 -0.808843 0 1 0 0.428072 0 0.9037446 0.9807423 0 0.1953064 0.1305263 0 0.9914449 0.9914449 4.44921e-7 0.130526 -0.09229689 0.7070991 -0.7010651 0.6846724 0.6969969 0.2131173 0.6846804 0.6969969 0.2130916 0.6824551 0.7012743 0.2060814 -0.5739662 0.704584 -0.4172821 -0.5739665 0.704584 -0.4172816 -0.571994 0.7057787 -0.4179705 0.5742 0.7045992 0.4169345 0.5742035 0.7045991 0.4169299 0.5742129 0.7057818 0.4149118 -0.2054389 0.7098087 -0.6737705 -0.2097039 0.7138943 -0.6681162 -0.2122771 0.7056891 -0.6759744 0.701047 0.7071174 0.09229415 -0.7010462 0.7071181 -0.09229463 -0.6945567 0.6929415 -0.1934505 -0.6945906 0.6929069 -0.1934532 -0.6869759 0.6987535 -0.1995187 -0.4093126 0.7084166 -0.5749863 -0.4101461 0.7099053 -0.5725511 -0.4119564 0.7068601 -0.5750137 0.4163994 0.7077245 0.5707344 0.4140447 0.7094612 0.5702909 0.4155359 0.7069568 0.5723129 0.2147355 0.7076528 0.673139 0.2078884 0.7140668 0.6684991 0.2105029 0.7055918 0.6766304 -0.4137855 0.7081905 -0.5720558 -0.4144369 0.7093751 -0.5701131 -0.4158123 0.7070738 -0.5719676 0.09229779 0.707099 0.701065 0.6961849 0.6921994 0.1902279 0.696167 0.6922336 0.190169 0.6927856 0.6981838 0.1805198 -0.5774475 0.7038376 -0.4137234 -0.577448 0.7038376 -0.4137228 -0.574983 0.7053765 -0.4145342 0.4124971 0.7078257 0.5734362 0.4095056 0.710049 0.5728312 0.4113867 0.7068689 0.5754107 -0.1810268 0.7101099 -0.6804215 -0.1871001 0.7157459 -0.6728309 -0.190351 0.7044057 -0.6837976 -0.09229677 0.7070982 -0.701066 -0.7011713 0.706992 -0.09231096 -0.9830058 -1.46403e-5 0.1835753 0.5779575 0.7036931 0.4132568 0.5779634 0.703693 0.4132487 0.5779705 0.70528 0.4105246 -0.6837382 0.6974065 -0.2147706 -0.6837391 0.6974065 -0.2147674 -0.6780878 0.7016009 -0.2189823 0.1927308 0.7066872 0.6807702 0.1837972 0.7158774 0.6736009 0.1869659 0.7041304 0.685014 0.7010429 0.7071216 0.09229326 0.7086607 0 0.7055495 0 1 0 0 1 0 0 1 0 -0.9829976 2.15338e-6 0.1836187 0 1 0 0 1 0 0 1 0 0 1 0 0 1 0 0 1 0 0 1 0 0 1 0 0 1 0 0 1 0 0 1 0 0 1 0 0 1 0 0 1 0 0 1 0 -0.991445 1.19073e-6 -0.1305261 0.6235622 -0.7718438 0.1242075 0.2468162 -0.9616651 0.1195074 0.1197683 -0.9911072 0.05798381 0.9037179 -3.26866e-5 -0.4281285 -0.05033349 -0.9616721 -0.2695433 0.02442413 -0.991108 0.1307999 -0.6234723 -0.7719142 -0.1242209 -0.05695247 -0.9911085 -0.1202516 -0.1305148 -0.9911056 -0.02599608 0.8998105 0.02361196 0.4356417 0.4505442 -0.771874 0.4485762 -0.5722141 -0.7718905 -0.2770491 -0.6922637 0.7083348 -0.1379597 0.05696618 -0.9911068 0.1202595 0.09430366 -0.9911059 0.0938934 0.05032724 -0.9616768 0.2695276 -0.272168 -0.7718793 -0.5745668 0.2721859 -0.7718772 0.5745611 -0.8997932 0.02364403 -0.4356755 -0.09429132 -0.9911077 -0.09388631 -0.1166368 -0.7719035 -0.6249487 -0.2689194 -0.9616715 -0.05357617 0.5722458 -0.7718648 0.2770553 -0.4505721 -0.7718647 -0.448564 -0.1173868 -0.9616712 -0.2478084 0.1167177 -0.7718867 0.6249545 -0.02442193 -0.9911078 -0.1308018 0.4280965 0 0.9037331 -0.1197571 -0.9911081 -0.05799317</float_array>
          <technique_common>
            <accessor source="#Freeway_Curve_2_mesh-mesh-normals-array" count="1081" stride="3">
              <param name="X" type="float"/>
              <param name="Y" type="float"/>
              <param name="Z" type="float"/>
            </accessor>
          </technique_common>
        </source>
        <source id="Freeway_Curve_2_mesh-mesh-map-0">
          <float_array id="Freeway_Curve_2_mesh-mesh-map-0-array" count="6504">0.08442395 0.2942302 0.08566808 0.1359173 0.08566808 0.2942302 0.6847317 0.9162794 0.6847317 0.9162794 0.6847317 0.9162794 0.6847317 0.9304642 0.6847317 0.9304642 0.6847317 0.9304642 0.6847317 0.925736 0.6847317 0.925736 0.6847317 0.925736 0.7241403 0.5099584 0.6847317 0.4953307 0.749449 0.4953306 0.6847317 0.9150974 0.6847317 0.9150974 0.6847317 0.9150974 0.6847317 0.9044588 0.6847317 0.9044588 0.6847317 0.9044588 0.6847317 0.9186435 0.6847317 0.9186435 0.6847317 0.9186435 0.6847317 0.9080049 0.6847317 0.9080049 0.6847317 0.9080049 0.6847317 0.9080049 0.6847317 0.9080049 0.6847317 0.9080049 0.6847317 0.9210077 0.6847317 0.9210077 0.6847317 0.9210077 0.6847317 0.9080049 0.6847317 0.9080049 0.6847317 0.9080049 0.6847317 0.9221897 0.6847317 0.9221897 0.6847317 0.9221897 0.6847317 0.9044588 0.6847317 0.9044588 0.6847317 0.9044588 0.6847317 0.9032768 0.6847317 0.9032768 0.6847317 0.9032768 0.6847317 0.8985485 0.6847317 0.8985485 0.6847317 0.8985485 0.6847317 0.9115512 0.6847317 0.9115512 0.6847317 0.9115512 0.252791 0.2942302 0.2515469 0.5048026 0.2515469 0.2942302 0.6847317 0.9186435 0.6847317 0.9186435 0.6847317 0.9186435 0.2742089 0.715375 0.3169234 0.5048026 0.3169234 0.715375 0.6847317 0.9281001 0.6847317 0.9281001 0.6847317 0.9281001 0.6847317 0.8985485 0.6847317 0.8985485 0.6847317 0.8985485 0.6847317 0.9210077 0.6847317 0.9210077 0.6847317 0.9210077 0.6847317 0.9174615 0.6847317 0.9174615 0.6847317 0.9174615 0.7051375 0.3794961 0.7208361 0.3515593 0.7203902 0.3765489 0.7058669 0.5069417 0.7198576 0.5238654 0.7099426 0.5218095 0.7080912 0.3832122 0.7203902 0.3765489 0.7179706 0.3820038 0.7083141 0.1106213 0.7240957 0.1386303 0.7018287 0.1356654 0.6847317 0.9316462 0.6847317 0.9316462 0.6847317 0.9316462 0.6847317 0.9245539 0.6847317 0.9245539 0.6847317 0.9245539 0.7293692 0.8639502 0.7123627 0.8371319 0.7348693 0.8395548 0.6847317 0.8997305 0.6847317 0.8997305 0.6847317 0.8997305 0.7080915 0.2991248 0.7203902 0.2924609 0.7179709 0.2979163 0.6847317 0.4953307 0.7016505 0.552826 0.688628 0.5700185 0.684732 0.7372888 0.7110196 0.6781913 0.7122679 0.7037914 0.7094596 0.765555 0.6847315 0.7384708 0.7055087 0.7502049 0.7271602 0.6288102 0.749696 0.6556945 0.7300773 0.6439926 0.7055087 0.7502049 0.7495919 0.7384708 0.7237058 0.7531862 0.625 0.8750001 0.625 0.8750001 0.625 0.8750001 0.6847317 0.9186435 0.6847317 0.9186435 0.6847317 0.9186435 0.6847317 0.9292821 0.6847317 0.9292821 0.6847317 0.9292821 0.08442395 0.5048026 0.08566808 0.2942302 0.08566808 0.5048026 0.6847317 0.925736 0.6847317 0.925736 0.6847317 0.925736 0.6847317 0.9103691 0.6847317 0.9103691 0.6847317 0.9103691 0.6847317 0.9009126 0.6847317 0.9009126 0.6847317 0.9009126 0.252791 0.01816505 0.253969 0.1359173 0.252791 0.1359173 0.6847317 0.9044588 0.6847317 0.9044588 0.6847317 0.9044588 0.6847317 0.9115512 0.6847317 0.9115512 0.6847317 0.9115512 0.7497715 0.4100633 0.7208361 0.3515593 0.7313582 0.3271581 0.625 0.8750001 0.625 0.8750001 0.625 0.8750001 0.6847317 0.9115512 0.6847317 0.9115512 0.6847317 0.9115512 0.6847317 0.9080049 0.6847317 0.9080049 0.6847317 0.9080049 0.6847317 0.8973664 0.6847317 0.8973664 0.6847317 0.8973664 0.6847317 0.9020947 0.6847317 0.9020947 0.6847317 0.9020947 0.7271602 0.6288102 0.7143855 0.6245539 0.7297175 0.6250597 0.2742089 0.1359173 0.3169234 0.01816505 0.3169234 0.1359173 0.252791 0.715375 0.2515469 0.8736879 0.2515469 0.715375 0.6847317 0.8985485 0.6847317 0.8985485 0.6847317 0.8985485 0.6847317 0.9009126 0.6847317 0.9009126 0.6847317 0.9009126 0.6847317 0.9150974 0.6847317 0.9150974 0.6847317 0.9150974 0.6847317 0.9139153 0.6847317 0.9139153 0.6847317 0.9139153 0.6847317 0.9139153 0.6847317 0.9139153 0.6847317 0.9139153 0.6847317 0.9316462 0.6847317 0.9316462 0.6847317 0.9316462 0.6847317 0.9115512 0.6847317 0.9115512 0.6847317 0.9115512 0.6847317 0.8997305 0.6847317 0.8997305 0.6847317 0.8997305 0.6847317 0.9245539 0.6847317 0.9245539 0.6847317 0.9245539 0.6847317 0.9009126 0.6847317 0.9009126 0.6847317 0.9009126 0.6847317 0.9174615 0.6847317 0.9174615 0.6847317 0.9174615 0.6847317 0.9068229 0.6847317 0.9068229 0.6847317 0.9068229 0.6847317 0.9162794 0.6847317 0.9162794 0.6847317 0.9162794 0.6847317 0.9068229 0.6847317 0.9068229 0.6847317 0.9068229 0.6847317 0.9032768 0.6847317 0.9032768 0.6847317 0.9032768 0.7490345 0.4941487 0.7214871 0.4356703 0.7323552 0.4112454 0.6847317 0.3259758 0.6984693 0.2692908 0.7051377 0.2954089 0.7080912 0.3832122 0.6847313 0.4100633 0.7051375 0.3794961 0.7194704 0.7665279 0.7495919 0.7384708 0.7220553 0.7719687 0.6847317 0.9103691 0.6847317 0.9103691 0.6847317 0.9103691 0.7300773 0.6439926 0.7172189 0.6296151 0.7271602 0.6288102 0.06300622 0.1359173 0.02029258 0.2942302 0.02029258 0.1359173 0.252791 0.5048026 0.2515469 0.715375 0.2515469 0.5048026 0.6847317 0.9080049 0.6847317 0.9080049 0.6847317 0.9080049 0.6847317 0.9304642 0.6847317 0.9304642 0.6847317 0.9304642 0.7297175 0.6250597 0.7128794 0.5976548 0.735431 0.6001952 0.6847317 0.9221897 0.6847317 0.9221897 0.6847317 0.9221897 0.6847317 0.9186435 0.6847317 0.9186435 0.6847317 0.9186435 0.6847317 0.925736 0.6847317 0.925736 0.6847317 0.925736 0.6847317 0.9221897 0.6847317 0.9221897 0.6847317 0.9221897 0.6847317 0.9292821 0.6847317 0.9292821 0.6847317 0.9292821 0.6847317 0.9316462 0.6847317 0.9316462 0.6847317 0.9316462 0.6847317 0.8973664 0.6847317 0.8973664 0.6847317 0.8973664 0.6847317 0.9009126 0.6847317 0.9009126 0.6847317 0.9009126 0.6847317 0.9186435 0.6847317 0.9186435 0.6847317 0.9186435 0.7313582 0.3271581 0.6984696 0.3533785 0.6847884 0.3369863 0.6847317 0.9068229 0.6847317 0.9068229 0.6847317 0.9068229 0.6847317 0.909187 0.6847317 0.909187 0.6847317 0.909187 0.2742089 0.8736879 0.3169234 0.715375 0.3169234 0.8736879 0.6847317 0.8973664 0.6847317 0.8973664 0.6847317 0.8973664 0.6847317 0.9150974 0.6847317 0.9150974 0.6847317 0.9150974 0.6847317 0.9281001 0.6847317 0.9281001 0.6847317 0.9281001 0.6847317 0.9316462 0.6847317 0.9316462 0.6847317 0.9316462 0.6847317 0.9210077 0.6847317 0.9210077 0.6847317 0.9210077 0.6847317 0.9245539 0.6847317 0.9245539 0.6847317 0.9245539 0.7291357 0.883901 0.7165167 0.8686724 0.7262901 0.8689084 0.625 0.8750001 0.625 0.8750001 0.625 0.8750001 0.6847317 0.8973664 0.6847317 0.8973664 0.6847317 0.8973664 0.6847317 0.9210077 0.6847317 0.9210077 0.6847317 0.9210077 0.6847317 0.9210077 0.6847317 0.9210077 0.6847317 0.9210077 0.6847317 0.9103691 0.6847317 0.9103691 0.6847317 0.9103691 0.6847317 0.9056409 0.6847317 0.9056409 0.6847317 0.9056409 0.6847317 0.8973664 0.6847317 0.8973664 0.6847317 0.8973664 0.7237058 0.7531862 0.7094596 0.765555 0.7055087 0.7502049 0.6847317 0.0713818 0.7018287 0.1356654 0.6864644 0.1574005 0.7495919 0.7372888 0.7335892 0.6806291 0.747633 0.6590075 0.7168101 0.1868852 0.7497867 0.1585825 0.7191091 0.1908492 0.7179706 0.3820038 0.7497715 0.4100633 0.7225453 0.3952225 0.625 0.8750001 0.625 0.8750001 0.625 0.8750001 0.625 0.8750001 0.625 0.8750001 0.625 0.8750001 0.6847317 0.9150974 0.6847317 0.9150974 0.6847317 0.9150974 0.6847317 0.9020947 0.6847317 0.9020947 0.6847317 0.9020947 0.6847317 0.9127332 0.6847317 0.9127332 0.6847317 0.9127332 0.6847317 0.9198256 0.6847317 0.9198256 0.6847317 0.9198256 0.7040449 0.1915243 0.7205893 0.2177256 0.69829 0.2163947 0.6847317 0.9186435 0.6847317 0.9186435 0.6847317 0.9186435 0.6847317 0.9009126 0.6847317 0.9009126 0.6847317 0.9009126 0.6847317 0.9115512 0.6847317 0.9115512 0.6847317 0.9115512 0.6847317 0.9044588 0.6847317 0.9044588 0.6847317 0.9044588 0.6847317 0.9221897 0.6847317 0.9221897 0.6847317 0.9221897 0.6847317 0.9174615 0.6847317 0.9174615 0.6847317 0.9174615 0.6847317 0.9186435 0.6847317 0.9186435 0.6847317 0.9186435 0.6847317 0.9292821 0.6847317 0.9292821 0.6847317 0.9292821 0.6847317 0.9044588 0.6847317 0.9044588 0.6847317 0.9044588 0.6847317 0.9304642 0.6847317 0.9304642 0.6847317 0.9304642 0.6847317 0.909187 0.6847317 0.909187 0.6847317 0.909187 0.6847317 0.9056409 0.6847317 0.9056409 0.6847317 0.9056409 0.6847317 0.909187 0.6847317 0.909187 0.6847317 0.909187 0.6847317 0.8985485 0.6847317 0.8985485 0.6847317 0.8985485 0.6847317 0.9198256 0.6847317 0.9198256 0.6847317 0.9198256 0.6847317 0.9198256 0.6847317 0.9198256 0.6847317 0.9198256 0.6847317 0.9174615 0.6847317 0.9174615 0.6847317 0.9174615 0.6847317 0.8997305 0.6847317 0.8997305 0.6847317 0.8997305 0.6847317 0.9281001 0.6847317 0.9281001 0.6847317 0.9281001 0.6847317 0.8997305 0.6847317 0.8997305 0.6847317 0.8997305 0.7272325 0.09439128 0.7120665 0.1060678 0.7096632 0.0928502 0.6847317 0.9044588 0.6847317 0.9044588 0.6847317 0.9044588 0.7051377 0.2954089 0.7208358 0.2674719 0.7203902 0.2924609 0.6847317 0.9032768 0.6847317 0.9032768 0.6847317 0.9032768 0.6847317 0.9103691 0.6847317 0.9103691 0.6847317 0.9103691 0.7248635 0.7102052 0.7122679 0.7037914 0.7277442 0.70638 0.6847317 0.9292821 0.6847317 0.9292821 0.6847317 0.9292821 0.684731 0.6578254 0.7128794 0.5976548 0.7143855 0.6245539 0.7481824 0.08677637 0.7240957 0.1386303 0.7234921 0.112556 0.7262901 0.8689084 0.7493858 0.8961842 0.7291357 0.883901 0.7179709 0.2979163 0.7497724 0.3259761 0.7225453 0.3111342 0.6847317 0.9174615 0.6847317 0.9174615 0.6847317 0.9174615 0.6847317 0.9139153 0.6847317 0.9139153 0.6847317 0.9139153 0.7106168 0.7225738 0.7248635 0.7102052 0.7288143 0.7255551 0.6847317 0.9127332 0.6847317 0.9127332 0.6847317 0.9127332 0.6847317 0.926918 0.6847317 0.926918 0.6847317 0.926918 0.6847317 0.9115512 0.6847317 0.9115512 0.6847317 0.9115512 0.6847317 0.9020947 0.6847317 0.9020947 0.6847317 0.9020947 0.6847317 0.9221897 0.6847317 0.9221897 0.6847317 0.9221897 0.6847317 0.9150974 0.6847317 0.9150974 0.6847317 0.9150974 0.6847317 0.9186435 0.6847317 0.9186435 0.6847317 0.9186435 0.6847317 0.9292821 0.6847317 0.9292821 0.6847317 0.9292821 0.6847317 0.8973664 0.6847317 0.8973664 0.6847317 0.8973664 0.7277442 0.70638 0.7110196 0.6781913 0.7335892 0.6806291 0.6847317 0.9150974 0.6847317 0.9150974 0.6847317 0.9150974 0.6847317 0.925736 0.6847317 0.925736 0.6847317 0.925736 0.6847317 0.9080049 0.6847317 0.9080049 0.6847317 0.9080049 0.6847317 0.9127332 0.6847317 0.9127332 0.6847317 0.9127332 0.7165167 0.8686724 0.7293692 0.8639502 0.7262901 0.8689084 0.6847317 0.8973664 0.6847317 0.8973664 0.6847317 0.8973664 0.6847317 0.9162794 0.6847317 0.9162794 0.6847317 0.9162794 0.6847317 0.925736 0.6847317 0.925736 0.6847317 0.925736 0.6847317 0.9292821 0.6847317 0.9292821 0.6847317 0.9292821 0.6847317 0.9068229 0.6847317 0.9068229 0.6847317 0.9068229 0.6847317 0.9245539 0.6847317 0.9245539 0.6847317 0.9245539 0.6847317 0.9068229 0.6847317 0.9068229 0.6847317 0.9068229 0.6847317 0.9316462 0.6847317 0.9316462 0.6847317 0.9316462 0.7065791 0.7693799 0.7233028 0.7975687 0.7007334 0.7951308 0.7168101 0.1868852 0.7040449 0.1915243 0.7071173 0.1866216 0.625 0.8750001 0.625 0.8750001 0.625 0.8750001 0.6847317 0.9032768 0.6847317 0.9032768 0.6847317 0.9032768 0.6847317 0.8997305 0.6847317 0.8997305 0.6847317 0.8997305 0.6847317 0.8997305 0.6847317 0.8997305 0.6847317 0.8997305 0.6847317 0.9186435 0.6847317 0.9186435 0.6847317 0.9186435 0.6847317 0.9245539 0.6847317 0.9245539 0.6847317 0.9245539 0.6847317 0.9127332 0.6847317 0.9127332 0.6847317 0.9127332 0.6847315 0.7384708 0.7007334 0.7951308 0.6866896 0.8167519 0.625 0.8750001 0.625 0.8750001 0.625 0.8750001 0.7178543 0.466315 0.7490345 0.4941487 0.7223517 0.4794841 0.6847317 0.9150974 0.6847317 0.9150974 0.6847317 0.9150974 0.6847317 0.9186435 0.6847317 0.9186435 0.6847317 0.9186435 0.6847317 0.9080049 0.6847317 0.9080049 0.6847317 0.9080049 0.6847317 0.9186435 0.6847317 0.9186435 0.6847317 0.9186435 0.6847317 0.926918 0.6847317 0.926918 0.6847317 0.926918 0.6847317 0.9020947 0.6847317 0.9020947 0.6847317 0.9020947 0.6847317 0.9150974 0.6847317 0.9150974 0.6847317 0.9150974 0.6847317 0.8997305 0.6847317 0.8997305 0.6847317 0.8997305 0.6847317 0.9115512 0.6847317 0.9115512 0.6847317 0.9115512 0.6847317 0.9115512 0.6847317 0.9115512 0.6847317 0.9115512 0.6847317 0.9080049 0.6847317 0.9080049 0.6847317 0.9080049 0.6847317 0.8973664 0.6847317 0.8973664 0.6847317 0.8973664 0.6847317 0.925736 0.6847317 0.925736 0.6847317 0.925736 0.6847317 0.9139153 0.6847317 0.9139153 0.6847317 0.9139153 0.6847317 0.9292821 0.6847317 0.9292821 0.6847317 0.9292821 0.6847317 0.8973664 0.6847317 0.8973664 0.6847317 0.8973664 0.6847317 0.9221897 0.6847317 0.9221897 0.6847317 0.9221897 0.6847317 0.9162794 0.6847317 0.9162794 0.6847317 0.9162794 0.6847317 0.9056409 0.6847317 0.9056409 0.6847317 0.9056409 0.6847317 0.9150974 0.6847317 0.9150974 0.6847317 0.9150974 0.6847317 0.8985485 0.6847317 0.8985485 0.6847317 0.8985485 0.6847317 0.9044588 0.6847317 0.9044588 0.6847317 0.9044588 0.6847317 0.9150974 0.6847317 0.9150974 0.6847317 0.9150974 0.7045816 0.3142415 0.7497724 0.3259761 0.6847317 0.3259758 0.6847317 0.8997305 0.6847317 0.8997305 0.6847317 0.8997305 0.6847317 0.9103691 0.6847317 0.9103691 0.6847317 0.9103691 0.6847317 0.9245539 0.6847317 0.9245539 0.6847317 0.9245539 0.6847317 0.9150974 0.6847317 0.9150974 0.6847317 0.9150974 0.6847317 0.9292821 0.6847317 0.9292821 0.6847317 0.9292821 0.6847317 0.9210077 0.6847317 0.9210077 0.6847317 0.9210077 0.6847317 0.9210077 0.6847317 0.9210077 0.6847317 0.9210077 0.6847317 0.9245539 0.6847317 0.9245539 0.6847317 0.9245539 0.6847317 0.9068229 0.6847317 0.9068229 0.6847317 0.9068229 0.6847317 0.9080049 0.6847317 0.9080049 0.6847317 0.9080049 0.6847317 0.9210077 0.6847317 0.9210077 0.6847317 0.9210077 0.6847317 0.9210077 0.6847317 0.9210077 0.6847317 0.9210077 0.7495919 0.7384708 0.7233028 0.7975687 0.7220553 0.7719687 0.6847313 0.4100633 0.6984696 0.3533785 0.7051375 0.3794961 0.7071173 0.1866216 0.6847317 0.1599383 0.70438 0.1718724 0.7080915 0.2991248 0.6847317 0.3259758 0.7051377 0.2954089 0.7492845 0.8179454 0.7123627 0.8371319 0.7015383 0.8179339 0.625 0.8750001 0.625 0.8750001 0.625 0.8750001 0.6847317 0.9080049 0.6847317 0.9080049 0.6847317 0.9080049 0.6847317 0.9044588 0.6847317 0.9044588 0.6847317 0.9044588 0.6847317 0.9162794 0.6847317 0.9162794 0.6847317 0.9162794 0.6847317 0.9221897 0.6847317 0.9221897 0.6847317 0.9221897 0.6847317 0.9068229 0.6847317 0.9068229 0.6847317 0.9068229 0.6847317 0.8973664 0.6847317 0.8973664 0.6847317 0.8973664 0.6847317 0.9115512 0.6847317 0.9115512 0.6847317 0.9115512 0.6847317 0.9292821 0.6847317 0.9292821 0.6847317 0.9292821 0.6847317 0.9009126 0.6847317 0.9009126 0.6847317 0.9009126 0.6847317 0.9150974 0.6847317 0.9150974 0.6847317 0.9150974 0.7016505 0.552826 0.7358189 0.5771972 0.688628 0.5700185 0.6847317 0.9044588 0.6847317 0.9044588 0.6847317 0.9044588 0.6847317 0.9150974 0.6847317 0.9150974 0.6847317 0.9150974 0.6847317 0.8973664 0.6847317 0.8973664 0.6847317 0.8973664 0.6847317 0.9233718 0.6847317 0.9233718 0.6847317 0.9233718 0.6847317 0.9233718 0.6847317 0.9233718 0.6847317 0.9233718 0.6847317 0.909187 0.6847317 0.909187 0.6847317 0.909187 0.6847317 0.9044588 0.6847317 0.9044588 0.6847317 0.9044588 0.6847317 0.925736 0.6847317 0.925736 0.6847317 0.925736 0.6847317 0.9304642 0.6847317 0.9304642 0.6847317 0.9304642 0.7081466 0.4676365 0.7202666 0.4608121 0.7178543 0.466315 0.6847317 0.925736 0.6847317 0.925736 0.6847317 0.925736 0.6847317 0.9174615 0.6847317 0.9174615 0.6847317 0.9174615 0.6847317 0.9032768 0.6847317 0.9032768 0.6847317 0.9032768 0.6864644 0.1574005 0.7240957 0.1386303 0.7340889 0.1574005 0.6866896 0.8167519 0.7233028 0.7975687 0.7343119 0.8165842 0.6847317 0.9221897 0.6847317 0.9221897 0.6847317 0.9221897 0.6847317 0.9245539 0.6847317 0.9245539 0.6847317 0.9245539 0.6847317 0.9316462 0.6847317 0.9316462 0.6847317 0.9316462 0.6847317 0.9139153 0.6847317 0.9139153 0.6847317 0.9139153 0.70438 0.1718724 0.7168101 0.1868852 0.7071173 0.1866216 0.6847317 0.9139153 0.6847317 0.9139153 0.6847317 0.9139153 0.6847317 0.9139153 0.6847317 0.9139153 0.6847317 0.9139153 0.6847317 0.4941487 0.698863 0.4372414 0.7052657 0.464026 0.7497724 0.3259761 0.7208358 0.2674719 0.7313577 0.2430695 0.7216701 0.1085032 0.7481824 0.08677637 0.7234921 0.112556 0.7198576 0.5238654 0.749449 0.4953306 0.7219956 0.5279231 0.6847317 0.9316462 0.6847317 0.9316462 0.6847317 0.9316462 0.7045808 0.39833 0.7497715 0.4100633 0.6847313 0.4100633 0.6847317 0.9080049 0.6847317 0.9080049 0.6847317 0.9080049 0.6847317 0.9221897 0.6847317 0.9221897 0.6847317 0.9221897 0.252791 0.1359173 0.2515469 0.2942302 0.2515469 0.1359173 0.6847317 0.9009126 0.6847317 0.9009126 0.6847317 0.9009126 0.6847317 0.9044588 0.6847317 0.9044588 0.6847317 0.9044588 0.6847317 0.9150974 0.6847317 0.9150974 0.6847317 0.9150974 0.6847317 0.925736 0.6847317 0.925736 0.6847317 0.925736 0.6847317 0.925736 0.6847317 0.925736 0.6847317 0.925736 0.6847317 0.9080049 0.6847317 0.9080049 0.6847317 0.9080049 0.6847317 0.925736 0.6847317 0.925736 0.6847317 0.925736 0.6847317 0.925736 0.6847317 0.925736 0.6847317 0.925736 0.6847317 0.9221897 0.6847317 0.9221897 0.6847317 0.9221897 0.6847317 0.9292821 0.6847317 0.9292821 0.6847317 0.9292821 0.6847317 0.925736 0.6847317 0.925736 0.6847317 0.925736 0.6847317 0.9198256 0.6847317 0.9198256 0.6847317 0.9198256 0.6847317 0.9032768 0.6847317 0.9032768 0.6847317 0.9032768 0.08442395 0.8736879 0.08566808 0.715375 0.08566808 0.8736879 0.6847317 0.9221897 0.6847317 0.9221897 0.6847317 0.9221897 0.6847317 0.8973664 0.6847317 0.8973664 0.6847317 0.8973664 0.6847317 0.9221897 0.6847317 0.9221897 0.6847317 0.9221897 0.7208358 0.2674719 0.6847884 0.2528994 0.7313577 0.2430695 0.6847317 0.9103691 0.6847317 0.9103691 0.6847317 0.9103691 0.2092409 0.715375 0.210914 0.8736879 0.2092409 0.8736879 0.6847317 0.9139153 0.6847317 0.9139153 0.6847317 0.9139153 0.6847317 0.9174615 0.6847317 0.9174615 0.6847317 0.9174615 0.6847317 0.9245539 0.6847317 0.9245539 0.6847317 0.9245539 0.6847317 0.9281001 0.6847317 0.9281001 0.6847317 0.9281001 0.747633 0.6590075 0.7110196 0.6781913 0.7000102 0.6591752 0.6847317 0.9032768 0.6847317 0.9032768 0.6847317 0.9032768 0.6847317 0.9210077 0.6847317 0.9210077 0.6847317 0.9210077 0.7225453 0.3111342 0.7080915 0.2991248 0.7179709 0.2979163 0.6847317 0.9068229 0.6847317 0.9068229 0.6847317 0.9068229 0.7219956 0.5279231 0.7016505 0.552826 0.7066952 0.526472 0.749696 0.6556945 0.735431 0.6001952 0.7496957 0.578741 0.749449 0.4953306 0.7242732 0.5534645 0.7219956 0.5279231 0.7172189 0.6296151 0.684731 0.6578254 0.7143855 0.6245539 0.7148525 0.7092323 0.684732 0.7372888 0.7122679 0.7037914 0.6847317 0.9221897 0.6847317 0.9221897 0.6847317 0.9221897 0.7291357 0.883901 0.684732 0.8961842 0.7114747 0.8814743 0.6847317 0.926918 0.6847317 0.926918 0.6847317 0.926918 0.6847317 0.9127332 0.6847317 0.9127332 0.6847317 0.9127332 0.06300622 0.2942302 0.02029258 0.5048026 0.02029258 0.2942302 0.6847317 0.9056409 0.6847317 0.9056409 0.6847317 0.9056409 0.7198576 0.5238654 0.7066952 0.526472 0.7099426 0.5218095 0.6847317 0.9292821 0.6847317 0.9292821 0.6847317 0.9292821 0.6847317 0.9080049 0.6847317 0.9080049 0.6847317 0.9080049 0.6847317 0.9186435 0.6847317 0.9186435 0.6847317 0.9186435 0.6847317 0.9044588 0.6847317 0.9044588 0.6847317 0.9044588 0.6847317 0.9115512 0.6847317 0.9115512 0.6847317 0.9115512 0.6847317 0.9068229 0.6847317 0.9068229 0.6847317 0.9068229 0.6847317 0.9009126 0.6847317 0.9009126 0.6847317 0.9009126 0.6847317 0.9115512 0.6847317 0.9115512 0.6847317 0.9115512 0.6847317 0.9292821 0.6847317 0.9292821 0.6847317 0.9292821 0.6847317 0.9056409 0.6847317 0.9056409 0.6847317 0.9056409 0.6847317 0.926918 0.6847317 0.926918 0.6847317 0.926918 0.6847317 0.9186435 0.6847317 0.9186435 0.6847317 0.9186435 0.6847317 0.9020947 0.6847317 0.9020947 0.6847317 0.9020947 0.6847317 0.926918 0.6847317 0.926918 0.6847317 0.926918 0.6847317 0.909187 0.6847317 0.909187 0.6847317 0.909187 0.6847317 0.9032768 0.6847317 0.9032768 0.6847317 0.9032768 0.625 0.8750001 0.625 0.8750001 0.625 0.8750001 0.6847317 0.9032768 0.6847317 0.9032768 0.6847317 0.9032768 0.6847317 0.9068229 0.6847317 0.9068229 0.6847317 0.9068229 0.6847317 0.9281001 0.6847317 0.9281001 0.6847317 0.9281001 0.69829 0.2163947 0.7313655 0.2418874 0.6847315 0.2328535 0.6847317 0.9139153 0.6847317 0.9139153 0.6847317 0.9139153 0.6847317 0.9245539 0.6847317 0.9245539 0.6847317 0.9245539 0.6847317 0.9139153 0.6847317 0.9139153 0.6847317 0.9139153 0.6847317 0.9281001 0.6847317 0.9281001 0.6847317 0.9281001 0.6847317 0.909187 0.6847317 0.909187 0.6847317 0.909187 0.6847317 0.9103691 0.6847317 0.9103691 0.6847317 0.9103691 0.6847317 0.9316462 0.6847317 0.9316462 0.6847317 0.9316462 0.684732 0.8961842 0.7123627 0.8371319 0.7141757 0.8646842 0.7493858 0.8961842 0.7348693 0.8395548 0.7492845 0.8179454 0.7099426 0.5218095 0.6847317 0.4953307 0.7058669 0.5069417 0.7165167 0.8686724 0.684732 0.8961842 0.7141757 0.8646842 0.7223517 0.4794841 0.7081466 0.4676365 0.7178543 0.466315 0.6847317 0.9281001 0.6847317 0.9281001 0.6847317 0.9281001 0.6847317 0.9233718 0.6847317 0.9233718 0.6847317 0.9233718 0.6847317 0.8985485 0.6847317 0.8985485 0.6847317 0.8985485 0.08442395 0.715375 0.08566808 0.5048026 0.08566808 0.715375 0.6847317 0.9162794 0.6847317 0.9162794 0.6847317 0.9162794 0.7202666 0.4608121 0.698863 0.4372414 0.7214871 0.4356703 0.6847317 0.9009126 0.6847317 0.9009126 0.6847317 0.9009126 0.6847317 0.925736 0.6847317 0.925736 0.6847317 0.925736 0.6847317 0.9044588 0.6847317 0.9044588 0.6847317 0.9044588 0.6847317 0.8973664 0.6847317 0.8973664 0.6847317 0.8973664 0.6847317 0.9009126 0.6847317 0.9009126 0.6847317 0.9009126 0.7272325 0.09439128 0.6847317 0.0713818 0.7481824 0.08677637 0.6847317 0.9186435 0.6847317 0.9186435 0.6847317 0.9186435 0.6847317 0.9221897 0.6847317 0.9221897 0.6847317 0.9221897 0.6847317 0.9009126 0.6847317 0.9009126 0.6847317 0.9009126 0.6847317 0.9304642 0.6847317 0.9304642 0.6847317 0.9304642 0.6847317 0.9103691 0.6847317 0.9103691 0.6847317 0.9103691 0.6847317 0.9292821 0.6847317 0.9292821 0.6847317 0.9292821 0.6847317 0.9292821 0.6847317 0.9292821 0.6847317 0.9292821 0.6847317 0.9198256 0.6847317 0.9198256 0.6847317 0.9198256 0.252791 0.01816505 0.2515469 0.1359173 0.2515469 0.01816505 0.6847317 0.926918 0.6847317 0.926918 0.6847317 0.926918 0.6847317 0.9009126 0.6847317 0.9009126 0.6847317 0.9009126 0.6847317 0.9281001 0.6847317 0.9281001 0.6847317 0.9281001 0.6847317 0.8997305 0.6847317 0.8997305 0.6847317 0.8997305 0.6847317 0.8997305 0.6847317 0.8997305 0.6847317 0.8997305 0.7323552 0.4112454 0.698863 0.4372414 0.6852167 0.4205708 0.6847317 0.9174615 0.6847317 0.9174615 0.6847317 0.9174615 0.6847317 0.9316462 0.6847317 0.9316462 0.6847317 0.9316462 0.6847317 0.9281001 0.6847317 0.9281001 0.6847317 0.9281001 0.6847317 0.9103691 0.6847317 0.9103691 0.6847317 0.9103691 0.7496957 0.578741 0.7128794 0.5976548 0.701999 0.5783797 0.6847317 0.9174615 0.6847317 0.9174615 0.6847317 0.9174615 0.6847317 0.9115512 0.6847317 0.9115512 0.6847317 0.9115512 0.7497867 0.1585825 0.7205893 0.2177256 0.7191091 0.1908492 0.6847317 0.1599383 0.69829 0.2163947 0.6847315 0.2328535 0.7081466 0.4676365 0.6847317 0.4941487 0.7052657 0.464026 0.7120665 0.1060678 0.6847317 0.0713818 0.7096632 0.0928502 0.7045808 0.39833 0.7179706 0.3820038 0.7225453 0.3952225 0.625 0.8750001 0.625 0.8750001 0.625 0.8750001 0.1263014 0.8736879 0.08566808 0.715375 0.1263014 0.715375 0.1263014 0.8736879 0.08566808 0.9914399 0.08566808 0.8736879 0.1694442 0.8736879 0.2092409 0.9914399 0.1694442 0.9914399 0.1677711 0.2942302 0.1279744 0.5048026 0.1279744 0.2942302 0.1677711 0.1359173 0.1279744 0.2942302 0.1279744 0.1359173 0.1263014 0.715375 0.08566808 0.5048026 0.1263014 0.5048026 0.1677711 0.1359173 0.1694442 0.01816505 0.1694442 0.1359173 0.1677711 0.1359173 0.1279744 0.01816505 0.1677711 0.01816505 0.2515469 0.1359173 0.210914 0.2942302 0.210914 0.1359173 0.2092409 0.1359173 0.210914 0.01816505 0.210914 0.1359173 0.210914 0.8736879 0.2515469 0.9914399 0.210914 0.9914399 0.1677711 0.715375 0.1694442 0.8736879 0.1677711 0.8736879 0.06418418 0.8736879 0.08324599 0.9914399 0.06418418 0.9914399 0.2515469 0.2942302 0.210914 0.5048026 0.210914 0.2942302 0.6847317 0.9115512 0.6847317 0.9115512 0.6847317 0.9115512 0.1263014 0.1359173 0.1279744 0.01816505 0.1279744 0.1359173 0.2092409 0.8736879 0.1694442 0.715375 0.2092409 0.715375 0.1677711 0.8736879 0.1279744 0.9914399 0.1279744 0.8736879 0.08324599 0.715375 0.06418418 0.5048026 0.08324599 0.5048026 0.1677711 0.715375 0.1279744 0.5048026 0.1677711 0.5048026 0.6847317 0.9233718 0.6847317 0.9233718 0.6847317 0.9233718 0.6847317 0.9009126 0.6847317 0.9009126 0.6847317 0.9009126 0.2515469 0.715375 0.210914 0.5048026 0.2515469 0.5048026 0.08324599 0.1359173 0.06418418 0.01816505 0.08324599 0.01816505 0.2092409 0.715375 0.1694442 0.5048026 0.2092409 0.5048026 0.1677711 0.8736879 0.1279744 0.715375 0.1677711 0.715375 0.2092409 0.1359173 0.1694442 0.2942302 0.1694442 0.1359173 0.2730309 0.8736879 0.253969 0.715375 0.2730309 0.715375 0.2092409 0.2942302 0.1694442 0.5048026 0.1694442 0.2942302 0.2730309 0.01816505 0.253969 0.1359173 0.253969 0.01816505 0.2515469 0.01816505 0.210914 0.1359173 0.210914 0.01816505 0.02029258 0.8736879 0.06300622 0.715375 0.06300622 0.8736879 0.6847317 0.9080049 0.6847317 0.9080049 0.6847317 0.9080049 0.6847317 0.9304642 0.6847317 0.9304642 0.6847317 0.9304642 0.2092409 0.1359173 0.1694442 0.01816505 0.2092409 0.01816505 0.08442395 0.9914399 0.08566808 0.8736879 0.08566808 0.9914399 0.6847317 0.9233718 0.6847317 0.9233718 0.6847317 0.9233718 0.6847317 0.9044588 0.6847317 0.9044588 0.6847317 0.9044588 0.2515469 0.8736879 0.210914 0.715375 0.2515469 0.715375 0.1263014 0.1359173 0.08566808 0.01816505 0.1263014 0.01816505 0.06300622 0.5048026 0.02029258 0.715375 0.02029258 0.5048026 0.1263014 0.2942302 0.08566808 0.5048026 0.08566808 0.2942302 0.6847317 0.9009126 0.6847317 0.9009126 0.6847317 0.9009126 0.1263014 0.1359173 0.08566808 0.2942302 0.08566808 0.1359173 0.08442395 0.1359173 0.08566808 0.01816505 0.08566808 0.1359173 0.2730309 0.1359173 0.253969 0.2942302 0.253969 0.1359173 0.02029258 0.8736879 0.06300622 0.9914399 0.02029258 0.9914399 0.3169234 0.2942302 0.2742089 0.1359173 0.3169234 0.1359173 0.6847317 0.9233718 0.6847317 0.9233718 0.6847317 0.9233718 0.2742089 0.5048026 0.3169234 0.2942302 0.3169234 0.5048026 0.6847317 0.9056409 0.6847317 0.9056409 0.6847317 0.9056409 0.1677711 0.5048026 0.1694442 0.2942302 0.1694442 0.5048026 0.6847317 0.9127332 0.6847317 0.9127332 0.6847317 0.9127332 0.6847317 0.9020947 0.6847317 0.9020947 0.6847317 0.9020947 0.02029258 0.1359173 0.06300622 0.01816505 0.06300622 0.1359173 0.252791 0.8736879 0.2515469 0.9914399 0.2515469 0.8736879 0.08324599 0.01816505 0.08442395 0.1359173 0.08324599 0.1359173 0.252791 0.715375 0.253969 0.8736879 0.252791 0.8736879 0.2730309 0.5048026 0.2742089 0.715375 0.2730309 0.715375 0.252791 0.5048026 0.253969 0.715375 0.252791 0.715375 0.2730309 0.2942302 0.2742089 0.1359173 0.2742089 0.2942302 0.06300622 0.8736879 0.06418418 0.9914399 0.06300622 0.9914399 0.08324599 0.9914399 0.08442395 0.8736879 0.08442395 0.9914399 0.08324599 0.715375 0.08442395 0.8736879 0.08324599 0.8736879 0.08324599 0.5048026 0.08442395 0.2942302 0.08442395 0.5048026 0.252791 0.5048026 0.253969 0.2942302 0.253969 0.5048026 0.252791 0.2942302 0.253969 0.1359173 0.253969 0.2942302 0.2730309 0.5048026 0.2742089 0.2942302 0.2742089 0.5048026 0.06300622 0.01816505 0.06418418 0.1359173 0.06300622 0.1359173 0.06300622 0.715375 0.06418418 0.8736879 0.06300622 0.8736879 0.08324599 0.5048026 0.08442395 0.715375 0.08324599 0.715375 0.06300622 0.5048026 0.06418418 0.2942302 0.06418418 0.5048026 0.08324599 0.2942302 0.08442395 0.1359173 0.08442395 0.2942302 0.2730309 0.01816505 0.2742089 0.1359173 0.2730309 0.1359173 0.2730309 0.8736879 0.2742089 0.9914399 0.2730309 0.9914399 0.6847317 0.9103691 0.6847317 0.9103691 0.6847317 0.9103691 0.06300622 0.5048026 0.06418418 0.715375 0.06300622 0.715375 0.2730309 0.715375 0.2742089 0.8736879 0.2730309 0.8736879 0.06300622 0.2942302 0.06418418 0.1359173 0.06418418 0.2942302 0.252791 0.8736879 0.253969 0.9914399 0.252791 0.9914399 0.6847317 0.9198256 0.6847317 0.9198256 0.6847317 0.9198256 0.1263014 0.5048026 0.1279744 0.715375 0.1263014 0.715375 0.1677711 0.9914399 0.1694442 0.8736879 0.1694442 0.9914399 0.1677711 0.5048026 0.1694442 0.715375 0.1677711 0.715375 0.7248635 0.7102052 0.7495919 0.7372888 0.7288143 0.7255551 0.1263014 0.2942302 0.1279744 0.1359173 0.1279744 0.2942302 0.08324599 0.2942302 0.06418418 0.5048026 0.06418418 0.2942302 0.1263014 0.8736879 0.1279744 0.9914399 0.1263014 0.9914399 0.2730309 0.2942302 0.253969 0.5048026 0.253969 0.2942302 0.2730309 0.715375 0.253969 0.5048026 0.2730309 0.5048026 0.1263014 0.5048026 0.1279744 0.2942302 0.1279744 0.5048026 0.08324599 0.8736879 0.06418418 0.715375 0.08324599 0.715375 0.1677711 0.2942302 0.1694442 0.1359173 0.1694442 0.2942302 0.1263014 0.715375 0.1279744 0.8736879 0.1263014 0.8736879 0.2092409 0.2942302 0.210914 0.1359173 0.210914 0.2942302 0.2092409 0.5048026 0.210914 0.715375 0.2092409 0.715375 0.2092409 0.5048026 0.210914 0.2942302 0.210914 0.5048026 0.08324599 0.1359173 0.06418418 0.2942302 0.06418418 0.1359173 0.2092409 0.8736879 0.210914 0.9914399 0.2092409 0.9914399 0.2730309 0.8736879 0.253969 0.9914399 0.253969 0.8736879 0.3169234 0.8736879 0.2742089 0.9914399 0.2742089 0.8736879 0.7094596 0.765555 0.7220553 0.7719687 0.7065791 0.7693799 0.625 0.8750001 0.625 0.8750001 0.625 0.8750001 0.7300773 0.6439926 0.684731 0.6578254 0.7124266 0.6420406 0.625 0.8750001 0.625 0.8750001 0.625 0.8750001 0.625 0.8750001 0.625 0.8750001 0.625 0.8750001 0.625 0.8750001 0.625 0.8750001 0.625 0.8750001 0.6847317 0.9174615 0.6847317 0.9174615 0.6847317 0.9174615 0.7288143 0.7255551 0.684732 0.7372888 0.7106168 0.7225738 0.625 0.8750001 0.625 0.8750001 0.625 0.8750001 0.625 0.8750001 0.625 0.8750001 0.625 0.8750001 0.625 0.8750001 0.625 0.8750001 0.625 0.8750001 0.625 0.8750001 0.625 0.8750001 0.625 0.8750001 0.7216701 0.1085032 0.7083141 0.1106213 0.7120665 0.1060678 0.625 0.8750001 0.625 0.8750001 0.625 0.8750001 0.625 0.8750001 0.625 0.8750001 0.625 0.8750001 0.625 0.8750001 0.625 0.8750001 0.625 0.8750001 0.625 0.8750001 0.625 0.8750001 0.625 0.8750001 0.6847317 0.9281001 0.6847317 0.9281001 0.6847317 0.9281001 0.625 0.8750001 0.625 0.8750001 0.625 0.8750001 0.625 0.8750001 0.625 0.8750001 0.625 0.8750001 0.625 0.8750001 0.625 0.8750001 0.625 0.8750001 0.625 0.8750001 0.625 0.8750001 0.625 0.8750001 0.6847317 0.9032768 0.6847317 0.9032768 0.6847317 0.9032768 0.625 0.8750001 0.625 0.8750001 0.625 0.8750001 0.625 0.8750001 0.625 0.8750001 0.625 0.8750001 0.625 0.8750001 0.625 0.8750001 0.625 0.8750001 0.625 0.8750001 0.625 0.8750001 0.625 0.8750001 0.70438 0.1718724 0.7497867 0.1585825 0.7219056 0.174067 0.625 0.8750001 0.625 0.8750001 0.625 0.8750001 0.625 0.8750001 0.625 0.8750001 0.625 0.8750001 0.625 0.8750001 0.625 0.8750001 0.625 0.8750001 0.625 0.8750001 0.625 0.8750001 0.625 0.8750001 0.6847317 0.9316462 0.6847317 0.9316462 0.6847317 0.9316462 0.625 0.8750001 0.625 0.8750001 0.625 0.8750001 0.625 0.8750001 0.625 0.8750001 0.625 0.8750001 0.625 0.8750001 0.625 0.8750001 0.625 0.8750001 0.625 0.8750001 0.625 0.8750001 0.625 0.8750001 0.625 0.8750001 0.625 0.8750001 0.625 0.8750001 0.625 0.8750001 0.625 0.8750001 0.625 0.8750001 0.625 0.8750001 0.625 0.8750001 0.625 0.8750001 0.625 0.8750001 0.625 0.8750001 0.625 0.8750001 0.625 0.8750001 0.625 0.8750001 0.625 0.8750001 0.7045819 0.4825327 0.7490345 0.4941487 0.6847317 0.4941487 0.625 0.8750001 0.625 0.8750001 0.625 0.8750001 0.625 0.8750001 0.625 0.8750001 0.625 0.8750001 0.625 0.8750001 0.625 0.8750001 0.625 0.8750001 0.625 0.8750001 0.625 0.8750001 0.625 0.8750001 0.6847317 0.9115512 0.6847317 0.9115512 0.6847317 0.9115512 0.625 0.8750001 0.625 0.8750001 0.625 0.8750001 0.625 0.8750001 0.625 0.8750001 0.625 0.8750001 0.625 0.8750001 0.625 0.8750001 0.625 0.8750001 0.625 0.8750001 0.625 0.8750001 0.625 0.8750001 0.625 0.8750001 0.625 0.8750001 0.625 0.8750001 0.625 0.8750001 0.625 0.8750001 0.625 0.8750001 0.625 0.8750001 0.625 0.8750001 0.625 0.8750001 0.625 0.8750001 0.625 0.8750001 0.625 0.8750001 0.625 0.8750001 0.625 0.8750001 0.625 0.8750001 0.625 0.8750001 0.625 0.8750001 0.625 0.8750001 0.625 0.8750001 0.625 0.8750001 0.625 0.8750001 0.625 0.8750001 0.625 0.8750001 0.625 0.8750001 0.625 0.8750001 0.625 0.8750001 0.625 0.8750001 0.625 0.8750001 0.625 0.8750001 0.625 0.8750001 0.625 0.8750001 0.625 0.8750001 0.625 0.8750001 0.625 0.8750001 0.625 0.8750001 0.625 0.8750001 0.625 0.8750001 0.625 0.8750001 0.625 0.8750001 0.625 0.8750001 0.625 0.8750001 0.625 0.8750001 0.625 0.8750001 0.625 0.8750001 0.625 0.8750001 0.625 0.8750001 0.625 0.8750001 0.625 0.8750001 0.625 0.8750001 0.625 0.8750001 0.625 0.8750001 0.625 0.8750001 0.625 0.8750001 0.625 0.8750001 0.625 0.8750001 0.625 0.8750001 0.625 0.8750001 0.6847317 0.8973664 0.6847317 0.8973664 0.6847317 0.8973664 0.08442395 0.2942302 0.08442395 0.1359173 0.08566808 0.1359173 0.6847317 0.9162794 0.6847317 0.9162794 0.6847317 0.9162794 0.6847317 0.9304642 0.6847317 0.9304642 0.6847317 0.9304642 0.6847317 0.925736 0.6847317 0.925736 0.6847317 0.925736 0.7241403 0.5099584 0.7058669 0.5069417 0.6847317 0.4953307 0.6847317 0.9150974 0.6847317 0.9150974 0.6847317 0.9150974 0.6847317 0.9044588 0.6847317 0.9044588 0.6847317 0.9044588 0.6847317 0.9186435 0.6847317 0.9186435 0.6847317 0.9186435 0.6847317 0.9080049 0.6847317 0.9080049 0.6847317 0.9080049 0.6847317 0.9080049 0.6847317 0.9080049 0.6847317 0.9080049 0.6847317 0.9210077 0.6847317 0.9210077 0.6847317 0.9210077 0.6847317 0.9080049 0.6847317 0.9080049 0.6847317 0.9080049 0.6847317 0.9221897 0.6847317 0.9221897 0.6847317 0.9221897 0.6847317 0.9044588 0.6847317 0.9044588 0.6847317 0.9044588 0.6847317 0.9032768 0.6847317 0.9032768 0.6847317 0.9032768 0.6847317 0.8985485 0.6847317 0.8985485 0.6847317 0.8985485 0.6847317 0.9115512 0.6847317 0.9115512 0.6847317 0.9115512 0.252791 0.2942302 0.252791 0.5048026 0.2515469 0.5048026 0.6847317 0.9186435 0.6847317 0.9186435 0.6847317 0.9186435 0.2742089 0.715375 0.2742089 0.5048026 0.3169234 0.5048026 0.6847317 0.9281001 0.6847317 0.9281001 0.6847317 0.9281001 0.6847317 0.8985485 0.6847317 0.8985485 0.6847317 0.8985485 0.6847317 0.9210077 0.6847317 0.9210077 0.6847317 0.9210077 0.6847317 0.9174615 0.6847317 0.9174615 0.6847317 0.9174615 0.7051375 0.3794961 0.6984696 0.3533785 0.7208361 0.3515593 0.7058669 0.5069417 0.7241403 0.5099584 0.7198576 0.5238654 0.7080912 0.3832122 0.7051375 0.3794961 0.7203902 0.3765489 0.7083141 0.1106213 0.7234921 0.112556 0.7240957 0.1386303 0.6847317 0.9316462 0.6847317 0.9316462 0.6847317 0.9316462 0.6847317 0.9245539 0.6847317 0.9245539 0.6847317 0.9245539 0.7293692 0.8639502 0.7141757 0.8646842 0.7123627 0.8371319 0.6847317 0.8997305 0.6847317 0.8997305 0.6847317 0.8997305 0.7080915 0.2991248 0.7051377 0.2954089 0.7203902 0.2924609 0.6847317 0.4953307 0.7066952 0.526472 0.7016505 0.552826 0.684732 0.7372888 0.7000102 0.6591752 0.7110196 0.6781913 0.7094596 0.765555 0.7065791 0.7693799 0.6847315 0.7384708 0.7271602 0.6288102 0.7297175 0.6250597 0.749696 0.6556945 0.7055087 0.7502049 0.6847315 0.7384708 0.7495919 0.7384708 0.625 0.8750001 0.625 0.8750001 0.625 0.8750001 0.6847317 0.9186435 0.6847317 0.9186435 0.6847317 0.9186435 0.6847317 0.9292821 0.6847317 0.9292821 0.6847317 0.9292821 0.08442395 0.5048026 0.08442395 0.2942302 0.08566808 0.2942302 0.6847317 0.925736 0.6847317 0.925736 0.6847317 0.925736 0.6847317 0.9103691 0.6847317 0.9103691 0.6847317 0.9103691 0.6847317 0.9009126 0.6847317 0.9009126 0.6847317 0.9009126 0.252791 0.01816505 0.253969 0.01816505 0.253969 0.1359173 0.6847317 0.9044588 0.6847317 0.9044588 0.6847317 0.9044588 0.6847317 0.9115512 0.6847317 0.9115512 0.6847317 0.9115512 0.7497715 0.4100633 0.7203902 0.3765489 0.7208361 0.3515593 0.625 0.8750001 0.625 0.8750001 0.625 0.8750001 0.6847317 0.9115512 0.6847317 0.9115512 0.6847317 0.9115512 0.6847317 0.9080049 0.6847317 0.9080049 0.6847317 0.9080049 0.6847317 0.8973664 0.6847317 0.8973664 0.6847317 0.8973664 0.6847317 0.9020947 0.6847317 0.9020947 0.6847317 0.9020947 0.7271602 0.6288102 0.7172189 0.6296151 0.7143855 0.6245539 0.2742089 0.1359173 0.2742089 0.01816505 0.3169234 0.01816505 0.252791 0.715375 0.252791 0.8736879 0.2515469 0.8736879 0.6847317 0.8985485 0.6847317 0.8985485 0.6847317 0.8985485 0.6847317 0.9009126 0.6847317 0.9009126 0.6847317 0.9009126 0.6847317 0.9150974 0.6847317 0.9150974 0.6847317 0.9150974 0.6847317 0.9139153 0.6847317 0.9139153 0.6847317 0.9139153 0.6847317 0.9139153 0.6847317 0.9139153 0.6847317 0.9139153 0.6847317 0.9316462 0.6847317 0.9316462 0.6847317 0.9316462 0.6847317 0.9115512 0.6847317 0.9115512 0.6847317 0.9115512 0.6847317 0.8997305 0.6847317 0.8997305 0.6847317 0.8997305 0.6847317 0.9245539 0.6847317 0.9245539 0.6847317 0.9245539 0.6847317 0.9009126 0.6847317 0.9009126 0.6847317 0.9009126 0.6847317 0.9174615 0.6847317 0.9174615 0.6847317 0.9174615 0.6847317 0.9068229 0.6847317 0.9068229 0.6847317 0.9068229 0.6847317 0.9162794 0.6847317 0.9162794 0.6847317 0.9162794 0.6847317 0.9068229 0.6847317 0.9068229 0.6847317 0.9068229 0.6847317 0.9032768 0.6847317 0.9032768 0.6847317 0.9032768 0.7490345 0.4941487 0.7202666 0.4608121 0.7214871 0.4356703 0.6847317 0.3259758 0.6847884 0.2528994 0.6984693 0.2692908 0.7080912 0.3832122 0.7045808 0.39833 0.6847313 0.4100633 0.7194704 0.7665279 0.7237058 0.7531862 0.7495919 0.7384708 0.6847317 0.9103691 0.6847317 0.9103691 0.6847317 0.9103691 0.7300773 0.6439926 0.7124266 0.6420406 0.7172189 0.6296151 0.06300622 0.1359173 0.06300622 0.2942302 0.02029258 0.2942302 0.252791 0.5048026 0.252791 0.715375 0.2515469 0.715375 0.6847317 0.9080049 0.6847317 0.9080049 0.6847317 0.9080049 0.6847317 0.9304642 0.6847317 0.9304642 0.6847317 0.9304642 0.7297175 0.6250597 0.7143855 0.6245539 0.7128794 0.5976548 0.6847317 0.9221897 0.6847317 0.9221897 0.6847317 0.9221897 0.6847317 0.9186435 0.6847317 0.9186435 0.6847317 0.9186435 0.6847317 0.925736 0.6847317 0.925736 0.6847317 0.925736 0.6847317 0.9221897 0.6847317 0.9221897 0.6847317 0.9221897 0.6847317 0.9292821 0.6847317 0.9292821 0.6847317 0.9292821 0.6847317 0.9316462 0.6847317 0.9316462 0.6847317 0.9316462 0.6847317 0.8973664 0.6847317 0.8973664 0.6847317 0.8973664 0.6847317 0.9009126 0.6847317 0.9009126 0.6847317 0.9009126 0.6847317 0.9186435 0.6847317 0.9186435 0.6847317 0.9186435 0.7313582 0.3271581 0.7208361 0.3515593 0.6984696 0.3533785 0.6847317 0.9068229 0.6847317 0.9068229 0.6847317 0.9068229 0.6847317 0.909187 0.6847317 0.909187 0.6847317 0.909187 0.2742089 0.8736879 0.2742089 0.715375 0.3169234 0.715375 0.6847317 0.8973664 0.6847317 0.8973664 0.6847317 0.8973664 0.6847317 0.9150974 0.6847317 0.9150974 0.6847317 0.9150974 0.6847317 0.9281001 0.6847317 0.9281001 0.6847317 0.9281001 0.6847317 0.9316462 0.6847317 0.9316462 0.6847317 0.9316462 0.6847317 0.9210077 0.6847317 0.9210077 0.6847317 0.9210077 0.6847317 0.9245539 0.6847317 0.9245539 0.6847317 0.9245539 0.7291357 0.883901 0.7114747 0.8814743 0.7165167 0.8686724 0.625 0.8750001 0.625 0.8750001 0.625 0.8750001 0.6847317 0.8973664 0.6847317 0.8973664 0.6847317 0.8973664 0.6847317 0.9210077 0.6847317 0.9210077 0.6847317 0.9210077 0.6847317 0.9210077 0.6847317 0.9210077 0.6847317 0.9210077 0.6847317 0.9103691 0.6847317 0.9103691 0.6847317 0.9103691 0.6847317 0.9056409 0.6847317 0.9056409 0.6847317 0.9056409 0.6847317 0.8973664 0.6847317 0.8973664 0.6847317 0.8973664 0.7237058 0.7531862 0.7194704 0.7665279 0.7094596 0.765555 0.6847317 0.0713818 0.7083141 0.1106213 0.7018287 0.1356654 0.7495919 0.7372888 0.7277442 0.70638 0.7335892 0.6806291 0.7168101 0.1868852 0.7219056 0.174067 0.7497867 0.1585825 0.7179706 0.3820038 0.7203902 0.3765489 0.7497715 0.4100633 0.625 0.8750001 0.625 0.8750001 0.625 0.8750001 0.625 0.8750001 0.625 0.8750001 0.625 0.8750001 0.6847317 0.9150974 0.6847317 0.9150974 0.6847317 0.9150974 0.6847317 0.9020947 0.6847317 0.9020947 0.6847317 0.9020947 0.6847317 0.9127332 0.6847317 0.9127332 0.6847317 0.9127332 0.6847317 0.9198256 0.6847317 0.9198256 0.6847317 0.9198256 0.7040449 0.1915243 0.7191091 0.1908492 0.7205893 0.2177256 0.6847317 0.9186435 0.6847317 0.9186435 0.6847317 0.9186435 0.6847317 0.9009126 0.6847317 0.9009126 0.6847317 0.9009126 0.6847317 0.9115512 0.6847317 0.9115512 0.6847317 0.9115512 0.6847317 0.9044588 0.6847317 0.9044588 0.6847317 0.9044588 0.6847317 0.9221897 0.6847317 0.9221897 0.6847317 0.9221897 0.6847317 0.9174615 0.6847317 0.9174615 0.6847317 0.9174615 0.6847317 0.9186435 0.6847317 0.9186435 0.6847317 0.9186435 0.6847317 0.9292821 0.6847317 0.9292821 0.6847317 0.9292821 0.6847317 0.9044588 0.6847317 0.9044588 0.6847317 0.9044588 0.6847317 0.9304642 0.6847317 0.9304642 0.6847317 0.9304642 0.6847317 0.909187 0.6847317 0.909187 0.6847317 0.909187 0.6847317 0.9056409 0.6847317 0.9056409 0.6847317 0.9056409 0.6847317 0.909187 0.6847317 0.909187 0.6847317 0.909187 0.6847317 0.8985485 0.6847317 0.8985485 0.6847317 0.8985485 0.6847317 0.9198256 0.6847317 0.9198256 0.6847317 0.9198256 0.6847317 0.9198256 0.6847317 0.9198256 0.6847317 0.9198256 0.6847317 0.9174615 0.6847317 0.9174615 0.6847317 0.9174615 0.6847317 0.8997305 0.6847317 0.8997305 0.6847317 0.8997305 0.6847317 0.9281001 0.6847317 0.9281001 0.6847317 0.9281001 0.6847317 0.8997305 0.6847317 0.8997305 0.6847317 0.8997305 0.7272325 0.09439128 0.7216701 0.1085032 0.7120665 0.1060678 0.6847317 0.9044588 0.6847317 0.9044588 0.6847317 0.9044588 0.7051377 0.2954089 0.6984693 0.2692908 0.7208358 0.2674719 0.6847317 0.9032768 0.6847317 0.9032768 0.6847317 0.9032768 0.6847317 0.9103691 0.6847317 0.9103691 0.6847317 0.9103691 0.7248635 0.7102052 0.7148525 0.7092323 0.7122679 0.7037914 0.6847317 0.9292821 0.6847317 0.9292821 0.6847317 0.9292821 0.684731 0.6578254 0.701999 0.5783797 0.7128794 0.5976548 0.7481824 0.08677637 0.7340889 0.1574005 0.7240957 0.1386303 0.7262901 0.8689084 0.7293692 0.8639502 0.7493858 0.8961842 0.7179709 0.2979163 0.7203902 0.2924609 0.7497724 0.3259761 0.6847317 0.9174615 0.6847317 0.9174615 0.6847317 0.9174615 0.6847317 0.9139153 0.6847317 0.9139153 0.6847317 0.9139153 0.7106168 0.7225738 0.7148525 0.7092323 0.7248635 0.7102052 0.6847317 0.9127332 0.6847317 0.9127332 0.6847317 0.9127332 0.6847317 0.926918 0.6847317 0.926918 0.6847317 0.926918 0.6847317 0.9115512 0.6847317 0.9115512 0.6847317 0.9115512 0.6847317 0.9020947 0.6847317 0.9020947 0.6847317 0.9020947 0.6847317 0.9221897 0.6847317 0.9221897 0.6847317 0.9221897 0.6847317 0.9150974 0.6847317 0.9150974 0.6847317 0.9150974 0.6847317 0.9186435 0.6847317 0.9186435 0.6847317 0.9186435 0.6847317 0.9292821 0.6847317 0.9292821 0.6847317 0.9292821 0.6847317 0.8973664 0.6847317 0.8973664 0.6847317 0.8973664 0.7277442 0.70638 0.7122679 0.7037914 0.7110196 0.6781913 0.6847317 0.9150974 0.6847317 0.9150974 0.6847317 0.9150974 0.6847317 0.925736 0.6847317 0.925736 0.6847317 0.925736 0.6847317 0.9080049 0.6847317 0.9080049 0.6847317 0.9080049 0.6847317 0.9127332 0.6847317 0.9127332 0.6847317 0.9127332 0.7165167 0.8686724 0.7141757 0.8646842 0.7293692 0.8639502 0.6847317 0.8973664 0.6847317 0.8973664 0.6847317 0.8973664 0.6847317 0.9162794 0.6847317 0.9162794 0.6847317 0.9162794 0.6847317 0.925736 0.6847317 0.925736 0.6847317 0.925736 0.6847317 0.9292821 0.6847317 0.9292821 0.6847317 0.9292821 0.6847317 0.9068229 0.6847317 0.9068229 0.6847317 0.9068229 0.6847317 0.9245539 0.6847317 0.9245539 0.6847317 0.9245539 0.6847317 0.9068229 0.6847317 0.9068229 0.6847317 0.9068229 0.6847317 0.9316462 0.6847317 0.9316462 0.6847317 0.9316462 0.7065791 0.7693799 0.7220553 0.7719687 0.7233028 0.7975687 0.7168101 0.1868852 0.7191091 0.1908492 0.7040449 0.1915243 0.625 0.8750001 0.625 0.8750001 0.625 0.8750001 0.6847317 0.9032768 0.6847317 0.9032768 0.6847317 0.9032768 0.6847317 0.8997305 0.6847317 0.8997305 0.6847317 0.8997305 0.6847317 0.8997305 0.6847317 0.8997305 0.6847317 0.8997305 0.6847317 0.9186435 0.6847317 0.9186435 0.6847317 0.9186435 0.6847317 0.9245539 0.6847317 0.9245539 0.6847317 0.9245539 0.6847317 0.9127332 0.6847317 0.9127332 0.6847317 0.9127332 0.6847315 0.7384708 0.7065791 0.7693799 0.7007334 0.7951308 0.625 0.8750001 0.625 0.8750001 0.625 0.8750001 0.7178543 0.466315 0.7202666 0.4608121 0.7490345 0.4941487 0.6847317 0.9150974 0.6847317 0.9150974 0.6847317 0.9150974 0.6847317 0.9186435 0.6847317 0.9186435 0.6847317 0.9186435 0.6847317 0.9080049 0.6847317 0.9080049 0.6847317 0.9080049 0.6847317 0.9186435 0.6847317 0.9186435 0.6847317 0.9186435 0.6847317 0.926918 0.6847317 0.926918 0.6847317 0.926918 0.6847317 0.9020947 0.6847317 0.9020947 0.6847317 0.9020947 0.6847317 0.9150974 0.6847317 0.9150974 0.6847317 0.9150974 0.6847317 0.8997305 0.6847317 0.8997305 0.6847317 0.8997305 0.6847317 0.9115512 0.6847317 0.9115512 0.6847317 0.9115512 0.6847317 0.9115512 0.6847317 0.9115512 0.6847317 0.9115512 0.6847317 0.9080049 0.6847317 0.9080049 0.6847317 0.9080049 0.6847317 0.8973664 0.6847317 0.8973664 0.6847317 0.8973664 0.6847317 0.925736 0.6847317 0.925736 0.6847317 0.925736 0.6847317 0.9139153 0.6847317 0.9139153 0.6847317 0.9139153 0.6847317 0.9292821 0.6847317 0.9292821 0.6847317 0.9292821 0.6847317 0.8973664 0.6847317 0.8973664 0.6847317 0.8973664 0.6847317 0.9221897 0.6847317 0.9221897 0.6847317 0.9221897 0.6847317 0.9162794 0.6847317 0.9162794 0.6847317 0.9162794 0.6847317 0.9056409 0.6847317 0.9056409 0.6847317 0.9056409 0.6847317 0.9150974 0.6847317 0.9150974 0.6847317 0.9150974 0.6847317 0.8985485 0.6847317 0.8985485 0.6847317 0.8985485 0.6847317 0.9044588 0.6847317 0.9044588 0.6847317 0.9044588 0.6847317 0.9150974 0.6847317 0.9150974 0.6847317 0.9150974 0.7045816 0.3142415 0.7225453 0.3111342 0.7497724 0.3259761 0.6847317 0.8997305 0.6847317 0.8997305 0.6847317 0.8997305 0.6847317 0.9103691 0.6847317 0.9103691 0.6847317 0.9103691 0.6847317 0.9245539 0.6847317 0.9245539 0.6847317 0.9245539 0.6847317 0.9150974 0.6847317 0.9150974 0.6847317 0.9150974 0.6847317 0.9292821 0.6847317 0.9292821 0.6847317 0.9292821 0.6847317 0.9210077 0.6847317 0.9210077 0.6847317 0.9210077 0.6847317 0.9210077 0.6847317 0.9210077 0.6847317 0.9210077 0.6847317 0.9245539 0.6847317 0.9245539 0.6847317 0.9245539 0.6847317 0.9068229 0.6847317 0.9068229 0.6847317 0.9068229 0.6847317 0.9080049 0.6847317 0.9080049 0.6847317 0.9080049 0.6847317 0.9210077 0.6847317 0.9210077 0.6847317 0.9210077 0.6847317 0.9210077 0.6847317 0.9210077 0.6847317 0.9210077 0.7495919 0.7384708 0.7343119 0.8165842 0.7233028 0.7975687 0.6847313 0.4100633 0.6847884 0.3369863 0.6984696 0.3533785 0.7071173 0.1866216 0.7040449 0.1915243 0.6847317 0.1599383 0.7080915 0.2991248 0.7045816 0.3142415 0.6847317 0.3259758 0.7492845 0.8179454 0.7348693 0.8395548 0.7123627 0.8371319 0.625 0.8750001 0.625 0.8750001 0.625 0.8750001 0.6847317 0.9080049 0.6847317 0.9080049 0.6847317 0.9080049 0.6847317 0.9044588 0.6847317 0.9044588 0.6847317 0.9044588 0.6847317 0.9162794 0.6847317 0.9162794 0.6847317 0.9162794 0.6847317 0.9221897 0.6847317 0.9221897 0.6847317 0.9221897 0.6847317 0.9068229 0.6847317 0.9068229 0.6847317 0.9068229 0.6847317 0.8973664 0.6847317 0.8973664 0.6847317 0.8973664 0.6847317 0.9115512 0.6847317 0.9115512 0.6847317 0.9115512 0.6847317 0.9292821 0.6847317 0.9292821 0.6847317 0.9292821 0.6847317 0.9009126 0.6847317 0.9009126 0.6847317 0.9009126 0.6847317 0.9150974 0.6847317 0.9150974 0.6847317 0.9150974 0.7016505 0.552826 0.7242732 0.5534645 0.7358189 0.5771972 0.6847317 0.9044588 0.6847317 0.9044588 0.6847317 0.9044588 0.6847317 0.9150974 0.6847317 0.9150974 0.6847317 0.9150974 0.6847317 0.8973664 0.6847317 0.8973664 0.6847317 0.8973664 0.6847317 0.9233718 0.6847317 0.9233718 0.6847317 0.9233718 0.6847317 0.9233718 0.6847317 0.9233718 0.6847317 0.9233718 0.6847317 0.909187 0.6847317 0.909187 0.6847317 0.909187 0.6847317 0.9044588 0.6847317 0.9044588 0.6847317 0.9044588 0.6847317 0.925736 0.6847317 0.925736 0.6847317 0.925736 0.6847317 0.9304642 0.6847317 0.9304642 0.6847317 0.9304642 0.7081466 0.4676365 0.7052657 0.464026 0.7202666 0.4608121 0.6847317 0.925736 0.6847317 0.925736 0.6847317 0.925736 0.6847317 0.9174615 0.6847317 0.9174615 0.6847317 0.9174615 0.6847317 0.9032768 0.6847317 0.9032768 0.6847317 0.9032768 0.6864644 0.1574005 0.7018287 0.1356654 0.7240957 0.1386303 0.6866896 0.8167519 0.7007334 0.7951308 0.7233028 0.7975687 0.6847317 0.9221897 0.6847317 0.9221897 0.6847317 0.9221897 0.6847317 0.9245539 0.6847317 0.9245539 0.6847317 0.9245539 0.6847317 0.9316462 0.6847317 0.9316462 0.6847317 0.9316462 0.6847317 0.9139153 0.6847317 0.9139153 0.6847317 0.9139153 0.70438 0.1718724 0.7219056 0.174067 0.7168101 0.1868852 0.6847317 0.9139153 0.6847317 0.9139153 0.6847317 0.9139153 0.6847317 0.9139153 0.6847317 0.9139153 0.6847317 0.9139153 0.6847317 0.4941487 0.6852167 0.4205708 0.698863 0.4372414 0.7497724 0.3259761 0.7203902 0.2924609 0.7208358 0.2674719 0.7216701 0.1085032 0.7272325 0.09439128 0.7481824 0.08677637 0.7198576 0.5238654 0.7241403 0.5099584 0.749449 0.4953306 0.6847317 0.9316462 0.6847317 0.9316462 0.6847317 0.9316462 0.7045808 0.39833 0.7225453 0.3952225 0.7497715 0.4100633 0.6847317 0.9080049 0.6847317 0.9080049 0.6847317 0.9080049 0.6847317 0.9221897 0.6847317 0.9221897 0.6847317 0.9221897 0.252791 0.1359173 0.252791 0.2942302 0.2515469 0.2942302 0.6847317 0.9009126 0.6847317 0.9009126 0.6847317 0.9009126 0.6847317 0.9044588 0.6847317 0.9044588 0.6847317 0.9044588 0.6847317 0.9150974 0.6847317 0.9150974 0.6847317 0.9150974 0.6847317 0.925736 0.6847317 0.925736 0.6847317 0.925736 0.6847317 0.925736 0.6847317 0.925736 0.6847317 0.925736 0.6847317 0.9080049 0.6847317 0.9080049 0.6847317 0.9080049 0.6847317 0.925736 0.6847317 0.925736 0.6847317 0.925736 0.6847317 0.925736 0.6847317 0.925736 0.6847317 0.925736 0.6847317 0.9221897 0.6847317 0.9221897 0.6847317 0.9221897 0.6847317 0.9292821 0.6847317 0.9292821 0.6847317 0.9292821 0.6847317 0.925736 0.6847317 0.925736 0.6847317 0.925736 0.6847317 0.9198256 0.6847317 0.9198256 0.6847317 0.9198256 0.6847317 0.9032768 0.6847317 0.9032768 0.6847317 0.9032768 0.08442395 0.8736879 0.08442395 0.715375 0.08566808 0.715375 0.6847317 0.9221897 0.6847317 0.9221897 0.6847317 0.9221897 0.6847317 0.8973664 0.6847317 0.8973664 0.6847317 0.8973664 0.6847317 0.9221897 0.6847317 0.9221897 0.6847317 0.9221897 0.7208358 0.2674719 0.6984693 0.2692908 0.6847884 0.2528994 0.6847317 0.9103691 0.6847317 0.9103691 0.6847317 0.9103691 0.2092409 0.715375 0.210914 0.715375 0.210914 0.8736879 0.6847317 0.9139153 0.6847317 0.9139153 0.6847317 0.9139153 0.6847317 0.9174615 0.6847317 0.9174615 0.6847317 0.9174615 0.6847317 0.9245539 0.6847317 0.9245539 0.6847317 0.9245539 0.6847317 0.9281001 0.6847317 0.9281001 0.6847317 0.9281001 0.747633 0.6590075 0.7335892 0.6806291 0.7110196 0.6781913 0.6847317 0.9032768 0.6847317 0.9032768 0.6847317 0.9032768 0.6847317 0.9210077 0.6847317 0.9210077 0.6847317 0.9210077 0.7225453 0.3111342 0.7045816 0.3142415 0.7080915 0.2991248 0.6847317 0.9068229 0.6847317 0.9068229 0.6847317 0.9068229 0.7219956 0.5279231 0.7242732 0.5534645 0.7016505 0.552826 0.749696 0.6556945 0.7297175 0.6250597 0.735431 0.6001952 0.749449 0.4953306 0.7358189 0.5771972 0.7242732 0.5534645 0.7172189 0.6296151 0.7124266 0.6420406 0.684731 0.6578254 0.7148525 0.7092323 0.7106168 0.7225738 0.684732 0.7372888 0.6847317 0.9221897 0.6847317 0.9221897 0.6847317 0.9221897 0.7291357 0.883901 0.7493858 0.8961842 0.684732 0.8961842 0.6847317 0.926918 0.6847317 0.926918 0.6847317 0.926918 0.6847317 0.9127332 0.6847317 0.9127332 0.6847317 0.9127332 0.06300622 0.2942302 0.06300622 0.5048026 0.02029258 0.5048026 0.6847317 0.9056409 0.6847317 0.9056409 0.6847317 0.9056409 0.7198576 0.5238654 0.7219956 0.5279231 0.7066952 0.526472 0.6847317 0.9292821 0.6847317 0.9292821 0.6847317 0.9292821 0.6847317 0.9080049 0.6847317 0.9080049 0.6847317 0.9080049 0.6847317 0.9186435 0.6847317 0.9186435 0.6847317 0.9186435 0.6847317 0.9044588 0.6847317 0.9044588 0.6847317 0.9044588 0.6847317 0.9115512 0.6847317 0.9115512 0.6847317 0.9115512 0.6847317 0.9068229 0.6847317 0.9068229 0.6847317 0.9068229 0.6847317 0.9009126 0.6847317 0.9009126 0.6847317 0.9009126 0.6847317 0.9115512 0.6847317 0.9115512 0.6847317 0.9115512 0.6847317 0.9292821 0.6847317 0.9292821 0.6847317 0.9292821 0.6847317 0.9056409 0.6847317 0.9056409 0.6847317 0.9056409 0.6847317 0.926918 0.6847317 0.926918 0.6847317 0.926918 0.6847317 0.9186435 0.6847317 0.9186435 0.6847317 0.9186435 0.6847317 0.9020947 0.6847317 0.9020947 0.6847317 0.9020947 0.6847317 0.926918 0.6847317 0.926918 0.6847317 0.926918 0.6847317 0.909187 0.6847317 0.909187 0.6847317 0.909187 0.6847317 0.9032768 0.6847317 0.9032768 0.6847317 0.9032768 0.625 0.8750001 0.625 0.8750001 0.625 0.8750001 0.6847317 0.9032768 0.6847317 0.9032768 0.6847317 0.9032768 0.6847317 0.9068229 0.6847317 0.9068229 0.6847317 0.9068229 0.6847317 0.9281001 0.6847317 0.9281001 0.6847317 0.9281001 0.69829 0.2163947 0.7205893 0.2177256 0.7313655 0.2418874 0.6847317 0.9139153 0.6847317 0.9139153 0.6847317 0.9139153 0.6847317 0.9245539 0.6847317 0.9245539 0.6847317 0.9245539 0.6847317 0.9139153 0.6847317 0.9139153 0.6847317 0.9139153 0.6847317 0.9281001 0.6847317 0.9281001 0.6847317 0.9281001 0.6847317 0.909187 0.6847317 0.909187 0.6847317 0.909187 0.6847317 0.9103691 0.6847317 0.9103691 0.6847317 0.9103691 0.6847317 0.9316462 0.6847317 0.9316462 0.6847317 0.9316462 0.684732 0.8961842 0.7015383 0.8179339 0.7123627 0.8371319 0.7493858 0.8961842 0.7293692 0.8639502 0.7348693 0.8395548 0.7099426 0.5218095 0.7066952 0.526472 0.6847317 0.4953307 0.7165167 0.8686724 0.7114747 0.8814743 0.684732 0.8961842 0.7223517 0.4794841 0.7045819 0.4825327 0.7081466 0.4676365 0.6847317 0.9281001 0.6847317 0.9281001 0.6847317 0.9281001 0.6847317 0.9233718 0.6847317 0.9233718 0.6847317 0.9233718 0.6847317 0.8985485 0.6847317 0.8985485 0.6847317 0.8985485 0.08442395 0.715375 0.08442395 0.5048026 0.08566808 0.5048026 0.6847317 0.9162794 0.6847317 0.9162794 0.6847317 0.9162794 0.7202666 0.4608121 0.7052657 0.464026 0.698863 0.4372414 0.6847317 0.9009126 0.6847317 0.9009126 0.6847317 0.9009126 0.6847317 0.925736 0.6847317 0.925736 0.6847317 0.925736 0.6847317 0.9044588 0.6847317 0.9044588 0.6847317 0.9044588 0.6847317 0.8973664 0.6847317 0.8973664 0.6847317 0.8973664 0.6847317 0.9009126 0.6847317 0.9009126 0.6847317 0.9009126 0.7272325 0.09439128 0.7096632 0.0928502 0.6847317 0.0713818 0.6847317 0.9186435 0.6847317 0.9186435 0.6847317 0.9186435 0.6847317 0.9221897 0.6847317 0.9221897 0.6847317 0.9221897 0.6847317 0.9009126 0.6847317 0.9009126 0.6847317 0.9009126 0.6847317 0.9304642 0.6847317 0.9304642 0.6847317 0.9304642 0.6847317 0.9103691 0.6847317 0.9103691 0.6847317 0.9103691 0.6847317 0.9292821 0.6847317 0.9292821 0.6847317 0.9292821 0.6847317 0.9292821 0.6847317 0.9292821 0.6847317 0.9292821 0.6847317 0.9198256 0.6847317 0.9198256 0.6847317 0.9198256 0.252791 0.01816505 0.252791 0.1359173 0.2515469 0.1359173 0.6847317 0.926918 0.6847317 0.926918 0.6847317 0.926918 0.6847317 0.9009126 0.6847317 0.9009126 0.6847317 0.9009126 0.6847317 0.9281001 0.6847317 0.9281001 0.6847317 0.9281001 0.6847317 0.8997305 0.6847317 0.8997305 0.6847317 0.8997305 0.6847317 0.8997305 0.6847317 0.8997305 0.6847317 0.8997305 0.7323552 0.4112454 0.7214871 0.4356703 0.698863 0.4372414 0.6847317 0.9174615 0.6847317 0.9174615 0.6847317 0.9174615 0.6847317 0.9316462 0.6847317 0.9316462 0.6847317 0.9316462 0.6847317 0.9281001 0.6847317 0.9281001 0.6847317 0.9281001 0.6847317 0.9103691 0.6847317 0.9103691 0.6847317 0.9103691 0.7496957 0.578741 0.735431 0.6001952 0.7128794 0.5976548 0.6847317 0.9174615 0.6847317 0.9174615 0.6847317 0.9174615 0.6847317 0.9115512 0.6847317 0.9115512 0.6847317 0.9115512 0.7497867 0.1585825 0.7313655 0.2418874 0.7205893 0.2177256 0.6847317 0.1599383 0.7040449 0.1915243 0.69829 0.2163947 0.7081466 0.4676365 0.7045819 0.4825327 0.6847317 0.4941487 0.7120665 0.1060678 0.7083141 0.1106213 0.6847317 0.0713818 0.7045808 0.39833 0.7080912 0.3832122 0.7179706 0.3820038 0.625 0.8750001 0.625 0.8750001 0.625 0.8750001 0.1263014 0.8736879 0.08566808 0.8736879 0.08566808 0.715375 0.1263014 0.8736879 0.1263014 0.9914399 0.08566808 0.9914399 0.1694442 0.8736879 0.2092409 0.8736879 0.2092409 0.9914399 0.1677711 0.2942302 0.1677711 0.5048026 0.1279744 0.5048026 0.1677711 0.1359173 0.1677711 0.2942302 0.1279744 0.2942302 0.1263014 0.715375 0.08566808 0.715375 0.08566808 0.5048026 0.1677711 0.1359173 0.1677711 0.01816505 0.1694442 0.01816505 0.1677711 0.1359173 0.1279744 0.1359173 0.1279744 0.01816505 0.2515469 0.1359173 0.2515469 0.2942302 0.210914 0.2942302 0.2092409 0.1359173 0.2092409 0.01816505 0.210914 0.01816505 0.210914 0.8736879 0.2515469 0.8736879 0.2515469 0.9914399 0.1677711 0.715375 0.1694442 0.715375 0.1694442 0.8736879 0.06418418 0.8736879 0.08324599 0.8736879 0.08324599 0.9914399 0.2515469 0.2942302 0.2515469 0.5048026 0.210914 0.5048026 0.6847317 0.9115512 0.6847317 0.9115512 0.6847317 0.9115512 0.1263014 0.1359173 0.1263014 0.01816505 0.1279744 0.01816505 0.2092409 0.8736879 0.1694442 0.8736879 0.1694442 0.715375 0.1677711 0.8736879 0.1677711 0.9914399 0.1279744 0.9914399 0.08324599 0.715375 0.06418418 0.715375 0.06418418 0.5048026 0.1677711 0.715375 0.1279744 0.715375 0.1279744 0.5048026 0.6847317 0.9233718 0.6847317 0.9233718 0.6847317 0.9233718 0.6847317 0.9009126 0.6847317 0.9009126 0.6847317 0.9009126 0.2515469 0.715375 0.210914 0.715375 0.210914 0.5048026 0.08324599 0.1359173 0.06418418 0.1359173 0.06418418 0.01816505 0.2092409 0.715375 0.1694442 0.715375 0.1694442 0.5048026 0.1677711 0.8736879 0.1279744 0.8736879 0.1279744 0.715375 0.2092409 0.1359173 0.2092409 0.2942302 0.1694442 0.2942302 0.2730309 0.8736879 0.253969 0.8736879 0.253969 0.715375 0.2092409 0.2942302 0.2092409 0.5048026 0.1694442 0.5048026 0.2730309 0.01816505 0.2730309 0.1359173 0.253969 0.1359173 0.2515469 0.01816505 0.2515469 0.1359173 0.210914 0.1359173 0.02029258 0.8736879 0.02029258 0.715375 0.06300622 0.715375 0.6847317 0.9080049 0.6847317 0.9080049 0.6847317 0.9080049 0.6847317 0.9304642 0.6847317 0.9304642 0.6847317 0.9304642 0.2092409 0.1359173 0.1694442 0.1359173 0.1694442 0.01816505 0.08442395 0.9914399 0.08442395 0.8736879 0.08566808 0.8736879 0.6847317 0.9233718 0.6847317 0.9233718 0.6847317 0.9233718 0.6847317 0.9044588 0.6847317 0.9044588 0.6847317 0.9044588 0.2515469 0.8736879 0.210914 0.8736879 0.210914 0.715375 0.1263014 0.1359173 0.08566808 0.1359173 0.08566808 0.01816505 0.06300622 0.5048026 0.06300622 0.715375 0.02029258 0.715375 0.1263014 0.2942302 0.1263014 0.5048026 0.08566808 0.5048026 0.6847317 0.9009126 0.6847317 0.9009126 0.6847317 0.9009126 0.1263014 0.1359173 0.1263014 0.2942302 0.08566808 0.2942302 0.08442395 0.1359173 0.08442395 0.01816505 0.08566808 0.01816505 0.2730309 0.1359173 0.2730309 0.2942302 0.253969 0.2942302 0.02029258 0.8736879 0.06300622 0.8736879 0.06300622 0.9914399 0.3169234 0.2942302 0.2742089 0.2942302 0.2742089 0.1359173 0.6847317 0.9233718 0.6847317 0.9233718 0.6847317 0.9233718 0.2742089 0.5048026 0.2742089 0.2942302 0.3169234 0.2942302 0.6847317 0.9056409 0.6847317 0.9056409 0.6847317 0.9056409 0.1677711 0.5048026 0.1677711 0.2942302 0.1694442 0.2942302 0.6847317 0.9127332 0.6847317 0.9127332 0.6847317 0.9127332 0.6847317 0.9020947 0.6847317 0.9020947 0.6847317 0.9020947 0.02029258 0.1359173 0.02029258 0.01816505 0.06300622 0.01816505 0.252791 0.8736879 0.252791 0.9914399 0.2515469 0.9914399 0.08324599 0.01816505 0.08442395 0.01816505 0.08442395 0.1359173 0.252791 0.715375 0.253969 0.715375 0.253969 0.8736879 0.2730309 0.5048026 0.2742089 0.5048026 0.2742089 0.715375 0.252791 0.5048026 0.253969 0.5048026 0.253969 0.715375 0.2730309 0.2942302 0.2730309 0.1359173 0.2742089 0.1359173 0.06300622 0.8736879 0.06418418 0.8736879 0.06418418 0.9914399 0.08324599 0.9914399 0.08324599 0.8736879 0.08442395 0.8736879 0.08324599 0.715375 0.08442395 0.715375 0.08442395 0.8736879 0.08324599 0.5048026 0.08324599 0.2942302 0.08442395 0.2942302 0.252791 0.5048026 0.252791 0.2942302 0.253969 0.2942302 0.252791 0.2942302 0.252791 0.1359173 0.253969 0.1359173 0.2730309 0.5048026 0.2730309 0.2942302 0.2742089 0.2942302 0.06300622 0.01816505 0.06418418 0.01816505 0.06418418 0.1359173 0.06300622 0.715375 0.06418418 0.715375 0.06418418 0.8736879 0.08324599 0.5048026 0.08442395 0.5048026 0.08442395 0.715375 0.06300622 0.5048026 0.06300622 0.2942302 0.06418418 0.2942302 0.08324599 0.2942302 0.08324599 0.1359173 0.08442395 0.1359173 0.2730309 0.01816505 0.2742089 0.01816505 0.2742089 0.1359173 0.2730309 0.8736879 0.2742089 0.8736879 0.2742089 0.9914399 0.6847317 0.9103691 0.6847317 0.9103691 0.6847317 0.9103691 0.06300622 0.5048026 0.06418418 0.5048026 0.06418418 0.715375 0.2730309 0.715375 0.2742089 0.715375 0.2742089 0.8736879 0.06300622 0.2942302 0.06300622 0.1359173 0.06418418 0.1359173 0.252791 0.8736879 0.253969 0.8736879 0.253969 0.9914399 0.6847317 0.9198256 0.6847317 0.9198256 0.6847317 0.9198256 0.1263014 0.5048026 0.1279744 0.5048026 0.1279744 0.715375 0.1677711 0.9914399 0.1677711 0.8736879 0.1694442 0.8736879 0.1677711 0.5048026 0.1694442 0.5048026 0.1694442 0.715375 0.7248635 0.7102052 0.7277442 0.70638 0.7495919 0.7372888 0.1263014 0.2942302 0.1263014 0.1359173 0.1279744 0.1359173 0.08324599 0.2942302 0.08324599 0.5048026 0.06418418 0.5048026 0.1263014 0.8736879 0.1279744 0.8736879 0.1279744 0.9914399 0.2730309 0.2942302 0.2730309 0.5048026 0.253969 0.5048026 0.2730309 0.715375 0.253969 0.715375 0.253969 0.5048026 0.1263014 0.5048026 0.1263014 0.2942302 0.1279744 0.2942302 0.08324599 0.8736879 0.06418418 0.8736879 0.06418418 0.715375 0.1677711 0.2942302 0.1677711 0.1359173 0.1694442 0.1359173 0.1263014 0.715375 0.1279744 0.715375 0.1279744 0.8736879 0.2092409 0.2942302 0.2092409 0.1359173 0.210914 0.1359173 0.2092409 0.5048026 0.210914 0.5048026 0.210914 0.715375 0.2092409 0.5048026 0.2092409 0.2942302 0.210914 0.2942302 0.08324599 0.1359173 0.08324599 0.2942302 0.06418418 0.2942302 0.2092409 0.8736879 0.210914 0.8736879 0.210914 0.9914399 0.2730309 0.8736879 0.2730309 0.9914399 0.253969 0.9914399 0.3169234 0.8736879 0.3169234 0.9914399 0.2742089 0.9914399 0.7094596 0.765555 0.7194704 0.7665279 0.7220553 0.7719687 0.625 0.8750001 0.625 0.8750001 0.625 0.8750001 0.7300773 0.6439926 0.749696 0.6556945 0.684731 0.6578254 0.625 0.8750001 0.625 0.8750001 0.625 0.8750001 0.6847317 0.9174615 0.6847317 0.9174615 0.6847317 0.9174615 0.7288143 0.7255551 0.7495919 0.7372888 0.684732 0.7372888 0.625 0.8750001 0.625 0.8750001 0.625 0.8750001 0.625 0.8750001 0.625 0.8750001 0.625 0.8750001 0.7216701 0.1085032 0.7234921 0.112556 0.7083141 0.1106213 0.625 0.8750001 0.625 0.8750001 0.625 0.8750001 0.625 0.8750001 0.625 0.8750001 0.625 0.8750001 0.6847317 0.9281001 0.6847317 0.9281001 0.6847317 0.9281001 0.625 0.8750001 0.625 0.8750001 0.625 0.8750001 0.625 0.8750001 0.625 0.8750001 0.625 0.8750001 0.6847317 0.9032768 0.6847317 0.9032768 0.6847317 0.9032768 0.625 0.8750001 0.625 0.8750001 0.625 0.8750001 0.625 0.8750001 0.625 0.8750001 0.625 0.8750001 0.70438 0.1718724 0.6847317 0.1599383 0.7497867 0.1585825 0.625 0.8750001 0.625 0.8750001 0.625 0.8750001 0.625 0.8750001 0.625 0.8750001 0.625 0.8750001 0.6847317 0.9316462 0.6847317 0.9316462 0.6847317 0.9316462 0.625 0.8750001 0.625 0.8750001 0.625 0.8750001 0.625 0.8750001 0.625 0.8750001 0.625 0.8750001 0.625 0.8750001 0.625 0.8750001 0.625 0.8750001 0.625 0.8750001 0.625 0.8750001 0.625 0.8750001 0.625 0.8750001 0.625 0.8750001 0.625 0.8750001 0.7045819 0.4825327 0.7223517 0.4794841 0.7490345 0.4941487 0.625 0.8750001 0.625 0.8750001 0.625 0.8750001 0.625 0.8750001 0.625 0.8750001 0.625 0.8750001 0.6847317 0.9115512 0.6847317 0.9115512 0.6847317 0.9115512 0.625 0.8750001 0.625 0.8750001 0.625 0.8750001 0.6847317 0.8973664 0.6847317 0.8973664 0.6847317 0.8973664</float_array>
          <technique_common>
            <accessor source="#Freeway_Curve_2_mesh-mesh-map-0-array" count="3252" stride="2">
              <param name="S" type="float"/>
              <param name="T" type="float"/>
            </accessor>
          </technique_common>
        </source>
        <vertices id="Freeway_Curve_2_mesh-mesh-vertices">
          <input semantic="POSITION" source="#Freeway_Curve_2_mesh-mesh-positions"/>
        </vertices>
        <triangles material="Road-material" count="984">
          <input semantic="VERTEX" source="#Freeway_Curve_2_mesh-mesh-vertices" offset="0"/>
          <input semantic="NORMAL" source="#Freeway_Curve_2_mesh-mesh-normals" offset="1"/>
          <input semantic="TEXCOORD" source="#Freeway_Curve_2_mesh-mesh-map-0" offset="2" set="0"/>
          <p>580 0 0 536 0 1 537 0 2 283 1 3 276 1 4 279 1 5 489 2 6 486 2 7 485 2 8 422 3 9 419 3 10 423 3 11 348 4 12 356 4 13 357 4 14 267 5 15 271 5 16 265 5 17 112 6 18 119 6 19 116 6 20 313 7 21 323 7 22 320 7 23 159 8 24 166 8 25 163 8 26 163 9 27 167 9 28 161 9 29 345 10 30 340 10 31 346 10 32 170 11 33 167 11 34 166 11 35 377 12 36 374 12 37 373 12 38 117 13 39 114 13 40 113 13 41 84 14 42 81 14 43 82 14 44 16 15 45 18 15 46 19 15 47 214 16 48 211 16 49 215 16 50 567 17 51 531 17 52 530 17 53 318 18 54 315 18 55 319 18 56 556 19 57 525 19 58 526 19 59 442 20 60 451 20 61 448 20 62 22 21 63 20 21 64 23 21 65 345 22 66 342 22 67 343 22 68 294 23 69 289 23 70 295 23 71 410 24 72 406 24 73 411 24 74 351 25 75 349 25 76 350 25 77 401 26 78 411 26 79 402 26 80 255 27 81 249 27 82 250 27 83 494 28 84 501 28 85 495 28 86 389 29 87 398 29 88 399 29 89 99 30 90 93 30 91 94 30 92 25 31 93 32 31 94 26 31 95 505 32 96 515 32 97 506 32 98 356 33 99 354 33 100 355 33 101 149 34 102 145 34 103 150 34 104 38 35 105 44 35 106 39 35 107 454 36 108 460 36 109 455 36 110 39 37 111 45 37 112 36 37 113 316 39 117 319 39 118 317 39 119 472 40 120 475 40 121 473 40 122 582 41 123 537 41 124 538 41 125 416 42 126 421 42 127 417 42 128 183 43 129 190 43 130 180 43 131 57 44 132 62 44 133 63 44 134 565 45 135 562 45 136 563 45 137 109 46 138 114 46 139 115 46 140 211 47 141 218 47 142 215 47 143 408 48 144 406 48 145 407 48 146 223 50 150 216 50 151 219 50 152 166 51 153 169 51 154 170 51 155 10 52 156 15 52 157 11 52 158 75 53 159 73 53 160 72 53 161 454 27 162 462 27 163 463 27 164 548 54 165 522 54 166 523 54 167 571 55 168 533 55 169 532 55 170 20 56 171 17 56 172 16 56 173 52 57 174 57 57 175 53 57 176 275 58 177 268 58 178 271 58 179 234 59 180 243 59 181 240 59 182 241 60 183 238 60 184 239 60 185 501 61 186 498 61 187 499 61 188 208 62 189 214 62 190 212 62 191 24 63 192 33 63 193 34 63 194 389 64 195 396 64 196 390 64 197 54 15 198 56 15 199 52 15 200 286 65 201 293 65 202 287 65 203 130 66 204 137 66 205 131 66 206 279 15 207 277 15 208 278 15 209 139 67 210 134 67 211 136 67 212 85 68 213 80 68 214 86 68 215 304 69 216 302 69 217 303 69 218 513 70 219 509 70 220 514 70 221 401 71 222 409 71 223 410 71 224 37 72 225 45 72 226 46 72 227 180 73 228 182 73 229 183 73 230 455 74 231 453 74 232 454 74 233 591 75 234 544 75 235 543 75 236 569 76 237 532 76 238 531 76 239 156 77 240 161 77 241 157 77 242 491 78 243 484 78 244 487 78 245 463 27 246 457 27 247 458 27 248 365 79 249 375 79 250 372 79 251 323 80 252 326 80 253 327 80 254 419 81 255 426 81 256 423 81 257 367 82 258 372 82 259 373 82 260 471 83 261 478 83 262 475 83 263 500 84 264 497 84 265 498 84 266 13 85 267 10 85 268 9 85 269 61 86 270 64 86 271 65 86 272 327 87 273 320 87 274 323 87 275 407 88 276 405 88 277 404 88 278 128 89 279 137 89 280 138 89 281 172 90 282 177 90 283 173 90 284 558 91 285 526 91 286 527 91 287 4 92 288 7 92 289 5 92 290 262 93 291 264 93 292 260 93 293 448 94 294 445 94 295 446 94 296 494 95 297 503 95 298 500 95 299 346 96 300 341 96 301 347 96 302 398 97 303 393 97 304 399 97 305 91 98 306 89 98 307 90 98 308 0 100 312 6 100 313 4 100 314 337 101 315 344 101 316 338 101 317 337 102 318 346 102 319 347 102 320 182 103 321 189 103 322 183 103 323 122 104 324 127 104 325 123 104 326 14 105 327 12 105 328 15 105 329 36 106 330 38 106 331 39 106 332 252 107 333 250 107 334 251 107 335 148 108 336 146 108 337 147 108 338 193 109 339 201 109 340 202 109 341 402 110 342 408 110 343 403 110 344 262 113 351 261 113 352 263 113 353 74 114 354 71 114 355 70 114 356 229 115 357 226 115 358 225 115 359 334 116 360 331 116 361 330 116 362 203 27 363 197 27 364 198 27 365 319 117 366 323 117 367 317 117 368 63 118 369 66 118 370 67 118 371 209 119 372 217 119 373 211 119 374 109 120 375 112 120 376 105 120 377 371 121 378 373 121 379 374 121 380 284 122 381 293 122 382 294 122 383 325 123 384 322 123 385 321 123 386 476 124 387 483 124 388 480 124 389 118 125 390 115 125 391 114 125 392 487 126 393 485 126 394 486 126 395 175 127 396 173 127 397 174 127 398 122 128 399 125 128 400 126 128 401 175 129 402 178 129 403 179 129 404 21 130 405 18 130 406 17 130 407 335 131 408 328 131 409 331 131 410 335 132 411 333 132 412 332 132 413 284 133 414 286 133 415 287 133 416 34 134 417 29 134 418 35 134 419 449 135 420 446 135 421 447 135 422 30 136 423 28 136 424 31 136 425 244 137 426 246 137 427 247 137 428 106 138 429 108 138 430 104 138 431 514 27 432 510 27 433 515 27 434 78 139 435 85 139 436 79 139 437 181 140 438 188 140 439 182 140 440 142 27 441 150 27 442 151 27 443 470 141 444 472 141 445 468 141 446 461 142 447 457 142 448 462 142 449 253 143 450 249 143 451 254 143 452 90 144 453 96 144 454 91 144 455 506 145 456 512 145 457 507 145 458 292 146 459 289 146 460 290 146 461 232 147 462 241 147 463 242 147 464 140 148 465 142 148 466 143 148 467 230 149 468 227 149 469 226 149 470 437 150 471 434 150 472 433 150 473 211 151 474 208 151 475 209 151 476 71 152 477 69 152 478 70 152 479 371 153 480 375 153 481 369 153 482 268 154 483 273 154 484 269 154 485 319 155 486 321 155 487 322 155 488 473 156 489 476 156 490 469 156 491 1 157 492 11 157 493 8 157 494 151 27 495 145 27 496 146 27 497 270 158 498 275 158 499 271 158 500 425 159 501 428 159 502 429 159 503 168 160 504 165 160 505 164 160 506 230 27 507 228 27 508 231 27 509 89 161 510 99 161 511 90 161 512 0 162 513 5 162 514 1 162 515 282 163 516 279 163 517 278 163 518 420 164 519 423 164 520 421 164 521 468 165 522 473 165 523 469 165 524 131 166 525 129 166 526 130 166 527 399 167 528 394 167 529 396 167 530 137 168 531 134 168 532 135 168 533 502 169 534 497 169 535 503 169 536 47 170 537 41 170 538 42 170 539 193 171 540 203 171 541 194 171 542 82 173 546 80 173 547 83 173 548 26 174 549 33 174 550 27 174 551 25 175 552 34 175 553 35 175 554 312 15 555 318 15 556 316 15 557 388 176 558 390 176 559 391 176 560 224 177 561 226 177 562 227 177 563 44 178 564 42 178 565 43 178 566 298 180 570 304 180 571 299 180 572 267 181 573 269 181 574 270 181 575 327 182 576 325 182 577 324 182 578 171 183 579 169 183 580 168 183 581 312 184 582 317 184 583 313 184 584 438 185 585 435 185 586 434 185 587 72 186 588 69 186 589 68 186 590 264 187 591 267 187 592 265 187 593 32 188 594 29 188 595 30 188 596 209 189 597 219 189 598 216 189 599 217 190 600 222 190 601 218 190 602 157 191 603 167 191 604 164 191 605 3 192 606 10 192 607 7 192 608 419 193 609 424 193 610 425 193 611 240 194 612 237 194 613 238 194 614 477 195 615 480 195 616 481 195 617 12 196 618 9 196 619 8 196 620 374 197 621 379 197 622 375 197 623 283 198 624 281 198 625 280 198 626 127 199 627 125 199 628 124 199 629 266 200 630 263 200 631 267 200 632 23 201 633 16 201 634 19 201 635 106 202 636 105 202 637 107 202 638 260 203 639 265 203 640 261 203 641 504 204 642 512 204 643 513 204 644 27 205 645 25 205 646 26 205 647 189 206 648 186 206 649 187 206 650 397 207 651 394 207 652 395 207 653 275 208 654 273 208 655 272 208 656 482 209 657 480 209 658 483 209 659 347 210 660 342 210 661 344 210 662 336 211 663 338 211 664 339 211 665 390 212 666 397 212 667 391 212 668 129 213 669 138 213 670 139 213 671 156 214 672 162 214 673 160 214 674 339 215 675 346 215 676 336 215 677 342 216 678 340 216 679 343 216 680 45 217 681 41 217 682 46 217 683 409 218 684 405 218 685 410 218 686 194 219 687 200 219 688 195 219 689 505 220 690 513 220 691 514 220 692 95 221 693 93 221 694 92 221 695 162 223 699 159 223 700 163 223 701 108 224 702 111 224 703 109 224 704 281 225 705 278 225 706 277 225 707 371 226 708 366 226 709 367 226 710 138 227 711 135 227 712 132 227 713 5 228 714 10 228 715 11 228 716 218 229 717 223 229 718 219 229 719 473 230 720 478 230 721 479 230 722 55 231 723 62 231 724 59 231 725 261 232 726 269 232 727 263 232 728 354 233 729 352 233 730 355 233 731 116 234 732 113 234 733 112 234 734 269 235 735 274 235 736 270 235 737 11 236 738 12 236 739 8 236 740 385 27 741 387 27 742 386 27 743 381 237 744 383 237 745 380 237 746 179 128 747 172 128 748 175 128 749 110 238 750 107 238 751 111 238 752 418 239 753 417 239 754 419 239 755 488 240 756 485 240 757 484 240 758 297 241 759 307 241 760 298 241 761 431 242 762 429 242 763 428 242 764 293 243 765 290 243 766 291 243 767 86 244 768 81 244 769 87 244 770 251 245 771 249 245 772 248 245 773 43 246 774 41 246 775 40 246 776 379 27 777 377 27 778 376 27 779 388 247 780 397 247 781 398 247 782 493 248 783 502 248 784 503 248 785 233 249 786 242 249 787 243 249 788 195 250 789 193 250 790 194 250 791 235 251 792 233 251 793 234 251 794 242 252 795 239 252 796 236 252 797 305 253 798 301 253 799 306 253 800 512 254 801 510 254 802 511 254 803 245 255 804 253 255 805 254 255 806 349 256 807 357 256 808 358 256 809 495 257 810 502 257 811 492 257 812 400 258 813 408 258 814 409 258 815 158 259 816 157 259 817 159 259 818 371 260 819 368 260 820 370 260 821 563 261 822 530 261 823 529 261 824 54 262 825 53 262 826 55 262 827 118 27 828 116 27 829 119 27 830 265 263 831 268 263 832 261 263 833 427 264 834 430 264 835 431 264 836 417 265 837 427 265 838 424 265 839 157 266 840 165 266 841 159 266 842 421 267 843 426 267 844 427 267 845 418 268 846 420 268 847 416 268 848 372 269 849 377 269 850 373 269 851 478 270 852 483 270 853 479 270 854 426 271 855 429 271 856 430 271 857 331 237 858 329 237 859 330 237 860 76 272 861 85 272 862 86 272 863 586 273 864 539 273 865 540 273 866 366 274 867 365 274 868 367 274 869 6 275 870 3 275 871 7 275 872 364 276 873 369 276 874 365 276 875 510 277 876 508 277 877 511 277 878 187 278 879 185 278 880 184 278 881 613 279 882 614 279 883 615 279 884 242 280 885 237 280 886 243 280 887 291 281 888 289 281 889 288 281 890 394 282 891 392 282 892 395 282 893 449 283 894 444 283 895 450 283 896 147 284 897 145 284 898 144 284 899 77 285 900 86 285 901 87 285 902 338 286 903 345 286 904 339 286 905 507 287 906 505 287 907 506 287 908 134 288 909 132 288 910 135 288 911 358 27 912 354 27 913 359 27 914 460 289 915 458 289 916 459 289 917 357 290 918 353 290 919 358 290 920 453 291 921 461 291 922 462 291 923 141 292 924 149 292 925 150 292 926 364 293 927 370 293 928 368 293 929 91 294 930 97 294 931 88 294 932 439 2 933 432 2 934 435 2 935 228 295 936 225 295 937 224 295 938 595 296 939 545 296 940 544 296 941 127 297 942 120 297 943 123 297 944 349 298 945 359 298 946 350 298 947 469 299 948 477 299 949 471 299 950 171 300 951 164 300 952 167 300 953 315 301 954 320 301 955 321 301 956 111 302 957 113 302 958 114 302 959 215 303 960 219 303 961 213 303 962 130 304 963 139 304 964 136 304 965 67 305 966 60 305 967 63 305 968 220 306 969 217 306 970 216 306 971 478 307 972 481 307 973 482 307 974 123 308 975 121 308 976 122 308 977 435 309 978 433 309 979 434 309 980 314 310 981 313 310 982 315 310 983 73 311 984 70 311 985 69 311 986 436 312 987 433 312 988 432 312 989 177 313 990 174 313 991 173 313 992 76 314 993 78 314 994 79 314 995 85 316 999 82 316 1000 83 316 1001 138 317 1002 133 317 1003 139 317 1004 440 318 1005 442 318 1006 443 318 1007 198 319 1008 196 319 1009 199 319 1010 239 320 1011 237 320 1012 236 320 1013 397 321 1014 392 321 1015 398 321 1016 234 322 1017 241 322 1018 235 322 1019 441 323 1020 450 323 1021 451 323 1022 179 324 1023 177 324 1024 176 324 1025 190 325 1026 187 325 1027 184 325 1028 501 326 1029 496 326 1030 502 326 1031 97 327 1032 93 327 1033 98 327 1034 96 328 1035 94 328 1036 95 328 1037 350 329 1038 356 329 1039 351 329 1040 89 330 1041 97 330 1042 98 330 1043 299 331 1044 297 331 1045 298 331 1046 443 332 1047 450 332 1048 440 332 1049 384 333 1050 381 333 1051 380 333 1052 22 334 1053 19 334 1054 18 334 1055 584 335 1056 538 335 1057 539 335 1058 280 336 1059 277 336 1060 276 336 1061 307 27 1062 301 27 1063 302 27 1064 57 337 1065 60 337 1066 53 337 1067 424 338 1068 431 338 1069 428 338 1070 107 339 1071 112 339 1072 113 339 1073 1 340 1074 9 340 1075 3 340 1076 53 341 1077 61 341 1078 55 341 1079 244 342 1080 252 342 1081 253 342 1082 320 343 1083 325 343 1084 321 343 1085 379 344 1086 372 344 1087 375 344 1088 65 345 1089 62 345 1090 61 345 1091 491 346 1092 489 346 1093 488 346 1094 191 347 1095 186 347 1096 188 347 1097 474 348 1098 471 348 1099 475 348 1100 470 349 1101 469 349 1102 471 349 1103 332 350 1104 329 350 1105 328 350 1106 565 351 1107 529 351 1108 528 351 1109 439 352 1110 437 352 1111 436 352 1112 67 27 1113 65 27 1114 64 27 1115 450 353 1116 445 353 1117 451 353 1118 33 354 1119 30 354 1120 31 354 1121 34 355 1122 31 355 1123 28 355 1124 303 356 1125 301 356 1126 300 356 1127 286 357 1128 295 357 1129 292 357 1130 492 358 1131 494 358 1132 495 358 1133 442 359 1134 449 359 1135 443 359 1136 181 360 1137 190 360 1138 191 360 1139 459 361 1140 457 361 1141 456 361 1142 294 362 1143 291 362 1144 288 362 1145 222 363 1146 220 363 1147 223 363 1148 201 364 1149 197 364 1150 202 364 1151 200 365 1152 198 365 1153 199 365 1154 297 366 1155 305 366 1156 306 366 1157 246 367 1158 252 367 1159 247 367 1160 400 368 1161 402 368 1162 403 368 1163 643 370 1167 539 370 1168 641 370 1169 643 371 1170 541 371 1171 540 371 1172 628 372 1173 616 372 1174 631 372 1175 623 373 1176 638 373 1177 636 373 1178 621 374 1179 636 374 1180 634 374 1181 641 375 1182 538 375 1183 639 375 1184 621 376 1185 618 376 1186 620 376 1187 621 377 1188 632 377 1189 619 377 1190 529 378 1191 608 378 1192 606 378 1193 607 379 1194 604 379 1195 606 379 1196 614 380 1197 534 380 1198 617 380 1199 627 381 1200 628 381 1201 629 381 1202 600 382 1203 588 382 1204 603 382 1205 530 383 1206 610 383 1207 608 383 1208 212 384 1209 215 384 1210 213 384 1211 635 385 1212 632 385 1213 634 385 1214 615 386 1215 626 386 1216 613 386 1217 629 387 1218 645 387 1219 642 387 1220 585 388 1221 596 388 1222 583 388 1223 627 389 1224 638 389 1225 625 389 1226 386 390 1227 383 390 1228 382 390 1229 58 391 1230 55 391 1231 59 391 1232 532 392 1233 610 392 1234 531 392 1235 577 393 1236 592 393 1237 579 393 1238 613 394 1239 624 394 1240 611 394 1241 629 395 1242 640 395 1243 627 395 1244 607 396 1245 622 396 1246 620 396 1247 559 397 1248 570 397 1249 557 397 1250 609 398 1251 624 398 1252 622 398 1253 551 399 1254 562 399 1255 564 399 1256 528 400 1257 606 400 1258 604 400 1259 547 401 1260 599 401 1261 601 401 1262 160 402 1263 163 402 1264 161 402 1265 490 403 1266 487 403 1267 486 403 1268 607 404 1269 618 404 1270 605 404 1271 589 405 1272 540 405 1273 541 405 1274 387 406 1275 380 406 1276 383 406 1277 104 407 1278 109 407 1279 105 407 1280 533 408 1281 612 408 1282 532 408 1283 635 409 1284 535 409 1285 633 409 1286 597 410 1287 546 410 1288 545 410 1289 637 411 1290 538 411 1291 537 411 1292 56 412 1293 59 412 1294 57 412 1295 635 413 1296 537 413 1297 536 413 1298 576 414 1299 535 414 1300 536 414 1301 549 415 1302 566 415 1303 562 415 1304 547 416 1305 602 416 1306 521 416 1307 524 417 1308 548 417 1309 523 417 1310 385 418 1311 382 418 1312 381 418 1313 554 419 1314 524 419 1315 525 419 1316 124 420 1317 121 420 1318 120 420 1319 625 421 1320 622 421 1321 624 421 1322 231 422 1323 224 422 1324 227 422 1325 75 423 1326 68 423 1327 71 423 1328 543 424 1329 593 424 1330 591 424 1331 573 425 1332 534 425 1333 533 425 1334 579 426 1335 576 426 1336 577 426 1337 571 427 1338 572 428 1339 573 429 1340 555 430 1341 556 431 1342 557 432 1343 569 433 1344 570 434 1345 571 435 1346 553 436 1347 548 437 1348 552 438 1349 601 439 1350 603 439 1351 602 439 1352 588 440 1353 586 440 1354 589 440 1355 585 441 1356 586 442 1357 587 443 1358 583 444 1359 580 445 1360 582 446 1361 569 447 1362 566 448 1363 568 449 1364 567 450 1365 562 451 1366 566 452 1367 555 453 1368 552 454 1369 554 455 1370 593 456 1371 590 456 1372 591 456 1373 599 457 1374 600 458 1375 601 459 1376 583 460 1377 584 461 1378 585 462 1379 597 463 1380 594 464 1381 596 465 1382 581 466 1383 576 467 1384 580 468 1385 551 469 1386 548 469 1387 549 469 1388 559 470 1389 561 470 1390 560 470 1391 190 471 1392 185 471 1393 191 471 1394 597 472 1395 598 473 1396 599 474 1397 557 475 1398 558 476 1399 559 477 1400 595 478 1401 590 479 1402 594 480 1403 573 481 1404 575 481 1405 574 481 1406 333 482 1407 330 482 1408 329 482 1409 639 483 1410 640 483 1411 641 483 1412 630 484 1413 628 484 1414 631 484 1415 625 485 1416 626 485 1417 627 485 1418 142 486 1419 148 486 1420 143 486 1421 637 487 1422 634 487 1423 636 487 1424 581 488 1425 596 488 1426 594 488 1427 643 489 1428 645 489 1429 644 489 1430 553 490 1431 568 490 1432 566 490 1433 557 491 1434 568 491 1435 555 491 1436 639 492 1437 636 492 1438 638 492 1439 587 493 1440 598 493 1441 585 493 1442 623 494 1443 620 494 1444 622 494 1445 641 495 1446 642 495 1447 643 495 1448 609 496 1449 606 496 1450 608 496 1451 611 497 1452 612 497 1453 613 497 1454 611 498 1455 608 498 1456 610 498 1457 577 499 1458 594 499 1459 590 499 1460 615 500 1461 617 500 1462 616 500 1463 559 501 1464 575 501 1465 572 501 1466 527 502 1467 561 502 1468 558 502 1469 38 503 1470 46 503 1471 47 503 1472 455 505 1476 461 505 1477 452 505 1478 285 509 1488 294 509 1489 295 509 1490 143 510 1491 149 510 1492 140 510 1493 245 515 1506 255 515 1507 246 515 1508 447 520 1521 445 520 1522 444 520 1523 78 525 1536 87 525 1537 84 525 1538 195 530 1551 201 530 1552 192 530 1553 498 535 1566 496 535 1567 499 535 1568 296 545 1596 304 545 1597 305 545 1598 213 550 1611 208 550 1612 212 550 1613 2 574 1683 1 574 1684 3 574 1685 580 575 1686 576 575 1687 536 575 1688 283 576 1689 280 576 1690 276 576 1691 489 577 1692 490 577 1693 486 577 1694 422 578 1695 418 578 1696 419 578 1697 348 579 1698 351 579 1699 356 579 1700 267 580 1701 270 580 1702 271 580 1703 112 581 1704 115 581 1705 119 581 1706 313 582 1707 317 582 1708 323 582 1709 159 583 1710 165 583 1711 166 583 1712 163 584 1713 166 584 1714 167 584 1715 345 585 1716 343 585 1717 340 585 1718 170 586 1719 171 586 1720 167 586 1721 377 587 1722 378 587 1723 374 587 1724 117 588 1725 118 588 1726 114 588 1727 84 589 1728 87 589 1729 81 589 1730 16 590 1731 17 590 1732 18 590 1733 214 591 1734 210 591 1735 211 591 1736 567 592 1737 569 592 1738 531 592 1739 318 593 1740 314 593 1741 315 593 1742 556 19 1743 554 19 1744 525 19 1745 442 594 1746 441 594 1747 451 594 1748 22 27 1749 21 27 1750 20 27 1751 345 595 1752 344 595 1753 342 595 1754 294 596 1755 288 596 1756 289 596 1757 410 597 1758 405 597 1759 406 597 1760 351 598 1761 348 598 1762 349 598 1763 401 27 1764 410 27 1765 411 27 1766 255 24 1767 254 24 1768 249 24 1769 494 599 1770 500 599 1771 501 599 1772 389 600 1773 388 600 1774 398 600 1775 99 601 1776 98 601 1777 93 601 1778 25 602 1779 35 602 1780 32 602 1781 505 27 1782 514 27 1783 515 27 1784 356 603 1785 359 603 1786 354 603 1787 149 604 1788 144 604 1789 145 604 1790 38 605 1791 47 605 1792 44 605 1793 454 606 1794 463 606 1795 460 606 1796 39 607 1797 44 607 1798 45 607 1799 316 609 1803 318 609 1804 319 609 1805 472 610 1806 474 610 1807 475 610 1808 582 611 1809 580 611 1810 537 611 1811 416 612 1812 420 612 1813 421 612 1814 183 613 1815 189 613 1816 190 613 1817 57 614 1818 59 614 1819 62 614 1820 565 615 1821 564 615 1822 562 615 1823 109 616 1824 111 616 1825 114 616 1826 211 617 1827 217 617 1828 218 617 1829 408 618 1830 411 618 1831 406 618 1832 223 620 1836 220 620 1837 216 620 1838 166 621 1839 165 621 1840 169 621 1841 10 622 1842 14 622 1843 15 622 1844 75 623 1845 74 623 1846 73 623 1847 454 27 1848 453 27 1849 462 27 1850 548 54 1851 550 54 1852 522 54 1853 571 624 1854 573 624 1855 533 624 1856 20 625 1857 21 625 1858 17 625 1859 52 626 1860 56 626 1861 57 626 1862 275 627 1863 272 627 1864 268 627 1865 234 628 1866 233 628 1867 243 628 1868 241 629 1869 240 629 1870 238 629 1871 501 630 1872 500 630 1873 498 630 1874 208 15 1875 210 15 1876 214 15 1877 24 631 1878 27 631 1879 33 631 1880 389 632 1881 399 632 1882 396 632 1883 54 15 1884 58 15 1885 56 15 1886 286 633 1887 292 633 1888 293 633 1889 130 634 1890 136 634 1891 137 634 1892 279 15 1893 276 15 1894 277 15 1895 139 635 1896 133 635 1897 134 635 1898 85 636 1899 83 636 1900 80 636 1901 304 637 1902 307 637 1903 302 637 1904 513 638 1905 508 638 1906 509 638 1907 401 639 1908 400 639 1909 409 639 1910 37 640 1911 36 640 1912 45 640 1913 180 641 1914 181 641 1915 182 641 1916 455 642 1917 452 642 1918 453 642 1919 591 643 1920 595 643 1921 544 643 1922 569 644 1923 571 644 1924 532 644 1925 156 645 1926 160 645 1927 161 645 1928 491 646 1929 488 646 1930 484 646 1931 463 27 1932 462 27 1933 457 27 1934 365 647 1935 369 647 1936 375 647 1937 323 648 1938 322 648 1939 326 648 1940 419 649 1941 425 649 1942 426 649 1943 367 650 1944 365 650 1945 372 650 1946 471 651 1947 477 651 1948 478 651 1949 500 652 1950 503 652 1951 497 652 1952 13 653 1953 14 653 1954 10 653 1955 61 654 1956 60 654 1957 64 654 1958 327 655 1959 324 655 1960 320 655 1961 407 656 1962 406 656 1963 405 656 1964 128 657 1965 131 657 1966 137 657 1967 172 658 1968 176 658 1969 177 658 1970 558 659 1971 556 659 1972 526 659 1973 4 660 1974 6 660 1975 7 660 1976 262 661 1977 266 661 1978 264 661 1979 448 94 1980 451 94 1981 445 94 1982 494 662 1983 493 662 1984 503 662 1985 346 663 1986 340 663 1987 341 663 1988 398 664 1989 392 664 1990 393 664 1991 91 665 1992 88 665 1993 89 665 1994 0 667 1998 2 667 1999 6 667 2000 337 668 2001 347 668 2002 344 668 2003 337 669 2004 336 669 2005 346 669 2006 182 670 2007 188 670 2008 189 670 2009 122 671 2010 126 671 2011 127 671 2012 14 27 2013 13 27 2014 12 27 2015 36 672 2016 37 672 2017 38 672 2018 252 673 2019 255 673 2020 250 673 2021 148 674 2022 151 674 2023 146 674 2024 193 675 2025 192 675 2026 201 675 2027 402 676 2028 411 676 2029 408 676 2030 262 679 2037 260 679 2038 261 679 2039 74 680 2040 75 680 2041 71 680 2042 229 681 2043 230 681 2044 226 681 2045 334 333 2046 335 333 2047 331 333 2048 203 682 2049 202 682 2050 197 682 2051 319 683 2052 322 683 2053 323 683 2054 63 684 2055 62 684 2056 66 684 2057 209 685 2058 216 685 2059 217 685 2060 109 686 2061 115 686 2062 112 686 2063 371 687 2064 367 687 2065 373 687 2066 284 688 2067 287 688 2068 293 688 2069 325 689 2070 326 689 2071 322 689 2072 476 690 2073 479 690 2074 483 690 2075 118 691 2076 119 691 2077 115 691 2078 487 692 2079 484 692 2080 485 692 2081 175 693 2082 172 693 2083 173 693 2084 122 694 2085 121 694 2086 125 694 2087 175 695 2088 174 695 2089 178 695 2090 21 130 2091 22 130 2092 18 130 2093 335 696 2094 332 696 2095 328 696 2096 335 697 2097 334 697 2098 333 697 2099 284 698 2100 285 698 2101 286 698 2102 34 699 2103 28 699 2104 29 699 2105 449 700 2106 448 700 2107 446 700 2108 30 701 2109 29 701 2110 28 701 2111 244 702 2112 245 702 2113 246 702 2114 106 703 2115 110 703 2116 108 703 2117 514 704 2118 509 704 2119 510 704 2120 78 705 2121 84 705 2122 85 705 2123 181 706 2124 191 706 2125 188 706 2126 142 707 2127 141 707 2128 150 707 2129 470 708 2130 474 708 2131 472 708 2132 461 709 2133 456 709 2134 457 709 2135 253 710 2136 248 710 2137 249 710 2138 90 711 2139 99 711 2140 96 711 2141 506 712 2142 515 712 2143 512 712 2144 292 713 2145 295 713 2146 289 713 2147 232 714 2148 235 714 2149 241 714 2150 140 715 2151 141 715 2152 142 715 2153 230 716 2154 231 716 2155 227 716 2156 437 717 2157 438 717 2158 434 717 2159 211 718 2160 210 718 2161 208 718 2162 71 719 2163 68 719 2164 69 719 2165 371 720 2166 374 720 2167 375 720 2168 268 721 2169 272 721 2170 273 721 2171 319 722 2172 315 722 2173 321 722 2174 473 723 2175 479 723 2176 476 723 2177 1 724 2178 5 724 2179 11 724 2180 151 27 2181 150 27 2182 145 27 2183 270 725 2184 274 725 2185 275 725 2186 425 726 2187 424 726 2188 428 726 2189 168 727 2190 169 727 2191 165 727 2192 230 728 2193 229 728 2194 228 728 2195 89 27 2196 98 27 2197 99 27 2198 0 729 2199 4 729 2200 5 729 2201 282 730 2202 283 730 2203 279 730 2204 420 731 2205 422 731 2206 423 731 2207 468 732 2208 472 732 2209 473 732 2210 131 733 2211 128 733 2212 129 733 2213 399 734 2214 393 734 2215 394 734 2216 137 735 2217 136 735 2218 134 735 2219 502 736 2220 496 736 2221 497 736 2222 47 27 2223 46 27 2224 41 27 2225 193 27 2226 202 27 2227 203 27 2228 82 738 2232 81 738 2233 80 738 2234 26 739 2235 32 739 2236 33 739 2237 25 740 2238 24 740 2239 34 740 2240 312 741 2241 314 741 2242 318 741 2243 388 742 2244 389 742 2245 390 742 2246 224 743 2247 225 743 2248 226 743 2249 44 744 2250 47 744 2251 42 744 2252 298 746 2256 307 746 2257 304 746 2258 267 747 2259 263 747 2260 269 747 2261 327 208 2262 326 208 2263 325 208 2264 171 27 2265 170 27 2266 169 27 2267 312 748 2268 316 748 2269 317 748 2270 438 749 2271 439 749 2272 435 749 2273 72 186 2274 73 186 2275 69 186 2276 264 750 2277 266 750 2278 267 750 2279 32 751 2280 35 751 2281 29 751 2282 209 752 2283 213 752 2284 219 752 2285 217 753 2286 221 753 2287 222 753 2288 157 754 2289 161 754 2290 167 754 2291 3 755 2292 9 755 2293 10 755 2294 419 756 2295 417 756 2296 424 756 2297 240 757 2298 243 757 2299 237 757 2300 477 758 2301 476 758 2302 480 758 2303 12 759 2304 13 759 2305 9 759 2306 374 760 2307 378 760 2308 379 760 2309 283 761 2310 282 761 2311 281 761 2312 127 762 2313 126 762 2314 125 762 2315 266 763 2316 262 763 2317 263 763 2318 23 764 2319 20 764 2320 16 764 2321 106 202 2322 104 202 2323 105 202 2324 260 765 2325 264 765 2326 265 765 2327 504 766 2328 507 766 2329 512 766 2330 27 767 2331 24 767 2332 25 767 2333 189 768 2334 188 768 2335 186 768 2336 397 769 2337 396 769 2338 394 769 2339 275 770 2340 274 770 2341 273 770 2342 482 27 2343 481 27 2344 480 27 2345 347 771 2346 341 771 2347 342 771 2348 336 772 2349 337 772 2350 338 772 2351 390 773 2352 396 773 2353 397 773 2354 129 774 2355 128 774 2356 138 774 2357 156 15 2358 158 15 2359 162 15 2360 339 775 2361 345 775 2362 346 775 2363 342 776 2364 341 776 2365 340 776 2366 45 777 2367 40 777 2368 41 777 2369 409 778 2370 404 778 2371 405 778 2372 194 779 2373 203 779 2374 200 779 2375 505 780 2376 504 780 2377 513 780 2378 95 781 2379 94 781 2380 93 781 2381 162 783 2385 158 783 2386 159 783 2387 108 224 2388 110 224 2389 111 224 2390 281 784 2391 282 784 2392 278 784 2393 371 785 2394 370 785 2395 366 785 2396 138 786 2397 137 786 2398 135 786 2399 5 787 2400 7 787 2401 10 787 2402 218 788 2403 222 788 2404 223 788 2405 473 789 2406 475 789 2407 478 789 2408 55 790 2409 61 790 2410 62 790 2411 261 791 2412 268 791 2413 269 791 2414 354 792 2415 353 792 2416 352 792 2417 116 793 2418 117 793 2419 113 793 2420 269 794 2421 273 794 2422 274 794 2423 11 795 2424 15 795 2425 12 795 2426 385 27 2427 384 27 2428 387 27 2429 381 15 2430 382 15 2431 383 15 2432 179 796 2433 176 796 2434 172 796 2435 110 797 2436 106 797 2437 107 797 2438 418 798 2439 416 798 2440 417 798 2441 488 799 2442 489 799 2443 485 799 2444 297 27 2445 306 27 2446 307 27 2447 431 27 2448 430 27 2449 429 27 2450 293 800 2451 292 800 2452 290 800 2453 86 801 2454 80 801 2455 81 801 2456 251 802 2457 250 802 2458 249 802 2459 43 803 2460 42 803 2461 41 803 2462 379 804 2463 378 804 2464 377 804 2465 388 805 2466 391 805 2467 397 805 2468 493 806 2469 492 806 2470 502 806 2471 233 807 2472 232 807 2473 242 807 2474 195 808 2475 192 808 2476 193 808 2477 235 809 2478 232 809 2479 233 809 2480 242 810 2481 241 810 2482 239 810 2483 305 811 2484 300 811 2485 301 811 2486 512 812 2487 515 812 2488 510 812 2489 245 813 2490 244 813 2491 253 813 2492 349 814 2493 348 814 2494 357 814 2495 495 815 2496 501 815 2497 502 815 2498 400 816 2499 403 816 2500 408 816 2501 158 817 2502 156 817 2503 157 817 2504 371 818 2505 369 818 2506 368 818 2507 563 819 2508 567 819 2509 530 819 2510 54 820 2511 52 820 2512 53 820 2513 118 821 2514 117 821 2515 116 821 2516 265 822 2517 271 822 2518 268 822 2519 427 823 2520 426 823 2521 430 823 2522 417 824 2523 421 824 2524 427 824 2525 157 825 2526 164 825 2527 165 825 2528 421 826 2529 423 826 2530 426 826 2531 418 15 2532 422 15 2533 420 15 2534 372 827 2535 376 827 2536 377 827 2537 478 828 2538 482 828 2539 483 828 2540 426 829 2541 425 829 2542 429 829 2543 331 309 2544 328 309 2545 329 309 2546 76 830 2547 79 830 2548 85 830 2549 586 831 2550 584 831 2551 539 831 2552 366 832 2553 364 832 2554 365 832 2555 6 833 2556 2 833 2557 3 833 2558 364 834 2559 368 834 2560 369 834 2561 510 835 2562 509 835 2563 508 835 2564 187 836 2565 186 836 2566 185 836 2567 613 837 2568 612 837 2569 614 837 2570 242 838 2571 236 838 2572 237 838 2573 291 839 2574 290 839 2575 289 839 2576 394 840 2577 393 840 2578 392 840 2579 449 841 2580 447 841 2581 444 841 2582 147 842 2583 146 842 2584 145 842 2585 77 843 2586 76 843 2587 86 843 2588 338 844 2589 344 844 2590 345 844 2591 507 845 2592 504 845 2593 505 845 2594 134 846 2595 133 846 2596 132 846 2597 358 27 2598 353 27 2599 354 27 2600 460 847 2601 463 847 2602 458 847 2603 357 848 2604 352 848 2605 353 848 2606 453 849 2607 452 849 2608 461 849 2609 141 850 2610 140 850 2611 149 850 2612 364 851 2613 366 851 2614 370 851 2615 91 852 2616 96 852 2617 97 852 2618 439 853 2619 436 853 2620 432 853 2621 228 854 2622 229 854 2623 225 854 2624 595 855 2625 597 855 2626 545 855 2627 127 313 2628 124 313 2629 120 313 2630 349 856 2631 358 856 2632 359 856 2633 469 857 2634 476 857 2635 477 857 2636 171 858 2637 168 858 2638 164 858 2639 315 859 2640 313 859 2641 320 859 2642 111 860 2643 107 860 2644 113 860 2645 215 861 2646 218 861 2647 219 861 2648 130 862 2649 129 862 2650 139 862 2651 67 863 2652 64 863 2653 60 863 2654 220 864 2655 221 864 2656 217 864 2657 478 865 2658 477 865 2659 481 865 2660 123 866 2661 120 866 2662 121 866 2663 435 15 2664 432 15 2665 433 15 2666 314 867 2667 312 867 2668 313 867 2669 73 311 2670 74 311 2671 70 311 2672 436 868 2673 437 868 2674 433 868 2675 177 869 2676 178 869 2677 174 869 2678 76 870 2679 77 870 2680 78 870 2681 85 872 2685 84 872 2686 82 872 2687 138 873 2688 132 873 2689 133 873 2690 440 874 2691 441 874 2692 442 874 2693 198 875 2694 197 875 2695 196 875 2696 239 876 2697 238 876 2698 237 876 2699 397 877 2700 395 877 2701 392 877 2702 234 878 2703 240 878 2704 241 878 2705 441 879 2706 440 879 2707 450 879 2708 179 27 2709 178 27 2710 177 27 2711 190 880 2712 189 880 2713 187 880 2714 501 881 2715 499 881 2716 496 881 2717 97 882 2718 92 882 2719 93 882 2720 96 883 2721 99 883 2722 94 883 2723 350 884 2724 359 884 2725 356 884 2726 89 885 2727 88 885 2728 97 885 2729 299 886 2730 296 886 2731 297 886 2732 443 887 2733 449 887 2734 450 887 2735 384 333 2736 385 333 2737 381 333 2738 22 888 2739 23 888 2740 19 888 2741 584 889 2742 582 889 2743 538 889 2744 280 890 2745 281 890 2746 277 890 2747 307 27 2748 306 27 2749 301 27 2750 57 891 2751 63 891 2752 60 891 2753 424 892 2754 427 892 2755 431 892 2756 107 893 2757 105 893 2758 112 893 2759 1 894 2760 8 894 2761 9 894 2762 53 895 2763 60 895 2764 61 895 2765 244 896 2766 247 896 2767 252 896 2768 320 897 2769 324 897 2770 325 897 2771 379 898 2772 376 898 2773 372 898 2774 65 899 2775 66 899 2776 62 899 2777 491 27 2778 490 27 2779 489 27 2780 191 900 2781 185 900 2782 186 900 2783 474 901 2784 470 901 2785 471 901 2786 470 902 2787 468 902 2788 469 902 2789 332 903 2790 333 903 2791 329 903 2792 565 904 2793 563 904 2794 529 904 2795 439 905 2796 438 905 2797 437 905 2798 67 906 2799 66 906 2800 65 906 2801 450 907 2802 444 907 2803 445 907 2804 33 908 2805 32 908 2806 30 908 2807 34 909 2808 33 909 2809 31 909 2810 303 910 2811 302 910 2812 301 910 2813 286 911 2814 285 911 2815 295 911 2816 492 912 2817 493 912 2818 494 912 2819 442 913 2820 448 913 2821 449 913 2822 181 914 2823 180 914 2824 190 914 2825 459 915 2826 458 915 2827 457 915 2828 294 916 2829 293 916 2830 291 916 2831 222 27 2832 221 27 2833 220 27 2834 201 917 2835 196 917 2836 197 917 2837 200 918 2838 203 918 2839 198 918 2840 297 919 2841 296 919 2842 305 919 2843 246 920 2844 255 920 2845 252 920 2846 400 921 2847 401 921 2848 402 921 2849 643 923 2853 540 923 2854 539 923 2855 643 924 2856 644 924 2857 541 924 2858 628 925 2859 615 925 2860 616 925 2861 623 926 2862 625 926 2863 638 926 2864 621 927 2865 623 927 2866 636 927 2867 641 928 2868 539 928 2869 538 928 2870 621 929 2871 619 929 2872 618 929 2873 621 930 2874 634 930 2875 632 930 2876 529 931 2877 530 931 2878 608 931 2879 607 932 2880 605 932 2881 604 932 2882 614 933 2883 533 933 2884 534 933 2885 627 934 2886 626 934 2887 628 934 2888 600 935 2889 587 935 2890 588 935 2891 530 936 2892 531 936 2893 610 936 2894 212 937 2895 214 937 2896 215 937 2897 635 938 2898 633 938 2899 632 938 2900 615 939 2901 628 939 2902 626 939 2903 629 940 2904 630 940 2905 645 940 2906 585 941 2907 598 941 2908 596 941 2909 627 942 2910 640 942 2911 638 942 2912 386 943 2913 387 943 2914 383 943 2915 58 391 2916 54 391 2917 55 391 2918 532 944 2919 612 944 2920 610 944 2921 577 945 2922 590 945 2923 592 945 2924 613 946 2925 626 946 2926 624 946 2927 629 947 2928 642 947 2929 640 947 2930 607 948 2931 609 948 2932 622 948 2933 559 949 2934 572 949 2935 570 949 2936 609 950 2937 611 950 2938 624 950 2939 551 951 2940 549 951 2941 562 951 2942 528 952 2943 529 952 2944 606 952 2945 547 953 2946 546 953 2947 599 953 2948 160 954 2949 162 954 2950 163 954 2951 490 955 2952 491 955 2953 487 955 2954 607 956 2955 620 956 2956 618 956 2957 589 957 2958 586 957 2959 540 957 2960 387 958 2961 384 958 2962 380 958 2963 104 407 2964 108 407 2965 109 407 2966 533 959 2967 614 959 2968 612 959 2969 635 960 2970 536 960 2971 535 960 2972 597 961 2973 599 961 2974 546 961 2975 637 962 2976 639 962 2977 538 962 2978 56 963 2979 58 963 2980 59 963 2981 635 964 2982 637 964 2983 537 964 2984 576 965 2985 578 965 2986 535 965 2987 549 966 2988 553 966 2989 566 966 2990 547 967 2991 601 967 2992 602 967 2993 524 968 2994 552 968 2995 548 968 2996 385 131 2997 386 131 2998 382 131 2999 554 969 3000 552 969 3001 524 969 3002 124 420 3003 125 420 3004 121 420 3005 625 970 3006 623 970 3007 622 970 3008 231 971 3009 228 971 3010 224 971 3011 75 972 3012 72 972 3013 68 972 3014 543 973 3015 542 973 3016 593 973 3017 573 974 3018 574 974 3019 534 974 3020 579 975 3021 578 975 3022 576 975 3023 571 976 3024 570 977 3025 572 978 3026 555 979 3027 554 980 3028 556 981 3029 569 982 3030 568 983 3031 570 984 3032 553 985 3033 549 986 3034 548 987 3035 601 988 3036 600 988 3037 603 988 3038 588 989 3039 587 989 3040 586 989 3041 585 990 3042 584 991 3043 586 992 3044 583 993 3045 581 994 3046 580 995 3047 569 996 3048 567 997 3049 566 998 3050 567 999 3051 563 1000 3052 562 1001 3053 555 1002 3054 553 1003 3055 552 1004 3056 593 1005 3057 592 1005 3058 590 1005 3059 599 1006 3060 598 1007 3061 600 1008 3062 583 1009 3063 582 1010 3064 584 1011 3065 597 1012 3066 595 1013 3067 594 1014 3068 581 1015 3069 577 1016 3070 576 1017 3071 551 1018 3072 550 1018 3073 548 1018 3074 559 1019 3075 558 1019 3076 561 1019 3077 190 1020 3078 184 1020 3079 185 1020 3080 597 1021 3081 596 1022 3082 598 1023 3083 557 1024 3084 556 1025 3085 558 1026 3086 595 1027 3087 591 1028 3088 590 1029 3089 573 1030 3090 572 1030 3091 575 1030 3092 333 1031 3093 334 1031 3094 330 1031 3095 639 1032 3096 638 1032 3097 640 1032 3098 630 1033 3099 629 1033 3100 628 1033 3101 625 1034 3102 624 1034 3103 626 1034 3104 142 1035 3105 151 1035 3106 148 1035 3107 637 1036 3108 635 1036 3109 634 1036 3110 581 1037 3111 583 1037 3112 596 1037 3113 643 1038 3114 642 1038 3115 645 1038 3116 553 1039 3117 555 1039 3118 568 1039 3119 557 1040 3120 570 1040 3121 568 1040 3122 639 1041 3123 637 1041 3124 636 1041 3125 587 1042 3126 600 1042 3127 598 1042 3128 623 1043 3129 621 1043 3130 620 1043 3131 641 1044 3132 640 1044 3133 642 1044 3134 609 1045 3135 607 1045 3136 606 1045 3137 611 1046 3138 610 1046 3139 612 1046 3140 611 1047 3141 609 1047 3142 608 1047 3143 577 1048 3144 581 1048 3145 594 1048 3146 615 1049 3147 614 1049 3148 617 1049 3149 559 1050 3150 560 1050 3151 575 1050 3152 527 1051 3153 520 1051 3154 561 1051 3155 38 27 3156 37 27 3157 46 27 3158 455 1053 3162 460 1053 3163 461 1053 3164 285 1055 3168 284 1055 3169 294 1055 3170 143 1056 3171 148 1056 3172 149 1056 3173 245 27 3180 254 27 3181 255 27 3182 447 1061 3189 446 1061 3190 445 1061 3191 78 1064 3198 77 1064 3199 87 1064 3200 195 1067 3207 200 1067 3208 201 1067 3209 498 1070 3216 497 1070 3217 496 1070 3218 296 1076 3234 299 1076 3235 304 1076 3236 213 1079 3243 209 1079 3244 208 1079 3245 2 574 3249 0 574 3250 1 574 3251</p>
        </triangles>
        <triangles material="Lamppost_Emitter-material" count="100">
          <input semantic="VERTEX" source="#Freeway_Curve_2_mesh-mesh-vertices" offset="0"/>
          <input semantic="NORMAL" source="#Freeway_Curve_2_mesh-mesh-normals" offset="1"/>
          <input semantic="TEXCOORD" source="#Freeway_Curve_2_mesh-mesh-map-0" offset="2" set="0"/>
          <p>519 38 114 516 38 115 517 38 116 154 49 147 153 49 148 155 49 149 311 99 309 308 99 310 309 99 311 466 111 345 465 111 346 467 111 347 414 112 348 413 112 349 415 112 350 363 172 543 360 172 544 361 172 545 45 179 567 50 179 568 51 179 569 103 222 696 100 222 697 101 222 698 259 315 996 256 315 997 257 315 998 206 369 1164 205 369 1165 207 369 1166 95 504 1473 101 504 1474 100 504 1475 43 506 1479 50 506 1480 44 506 1481 513 507 1482 518 507 1483 519 507 1484 40 508 1485 51 508 1486 49 508 1487 95 511 1494 102 511 1495 96 511 1496 148 512 1497 155 512 1498 149 512 1499 92 513 1500 103 513 1501 101 513 1502 40 514 1503 48 514 1504 43 514 1505 147 516 1509 154 516 1510 148 516 1511 252 517 1512 259 517 1513 253 517 1514 144 518 1515 155 518 1516 153 518 1517 96 519 1518 103 519 1519 97 519 1520 199 521 1524 206 521 1525 200 521 1526 407 522 1527 413 522 1528 412 522 1529 201 523 1530 205 523 1531 196 523 1532 511 524 1533 517 524 1534 516 524 1535 251 526 1539 258 526 1540 252 526 1541 305 527 1542 310 527 1543 311 527 1544 253 528 1545 257 528 1546 248 528 1547 357 529 1548 362 529 1549 363 529 1550 303 531 1554 310 531 1555 304 531 1556 303 532 1557 309 532 1558 308 532 1559 300 533 1560 311 533 1561 309 533 1562 251 534 1563 257 534 1564 256 534 1565 356 536 1569 360 536 1570 362 536 1571 408 537 1572 415 537 1573 409 537 1574 352 538 1575 363 538 1576 361 538 1577 144 539 1578 152 539 1579 147 539 1580 50 540 1581 49 540 1582 51 540 1583 407 541 1584 414 541 1585 408 541 1586 459 542 1587 465 542 1588 464 542 1589 404 543 1590 415 543 1591 413 543 1592 352 544 1593 360 544 1594 355 544 1595 459 546 1599 466 546 1600 460 546 1601 199 547 1602 205 547 1603 204 547 1604 456 548 1605 467 548 1606 465 548 1607 200 549 1608 207 549 1609 201 549 1610 512 551 1614 516 551 1615 518 551 1616 460 552 1617 467 552 1618 461 552 1619 513 553 1620 517 553 1621 508 553 1622 43 554 1623 48 554 1624 50 554 1625 40 555 1626 45 555 1627 51 555 1628 95 556 1629 100 556 1630 102 556 1631 92 557 1632 97 557 1633 103 557 1634 147 558 1635 152 558 1636 154 558 1637 144 559 1638 149 559 1639 155 559 1640 199 560 1641 204 560 1642 206 560 1643 201 561 1644 207 561 1645 205 561 1646 251 562 1647 256 562 1648 258 562 1649 253 563 1650 259 563 1651 257 563 1652 303 564 1653 308 564 1654 310 564 1655 300 565 1656 305 565 1657 311 565 1658 356 566 1659 355 566 1660 360 566 1661 352 567 1662 357 567 1663 363 567 1664 407 568 1665 412 568 1666 414 568 1667 404 569 1668 409 569 1669 415 569 1670 459 570 1671 464 570 1672 466 570 1673 456 571 1674 461 571 1675 467 571 1676 512 572 1677 511 572 1678 516 572 1679 513 573 1680 519 573 1681 517 573 1682 519 608 1800 518 608 1801 516 608 1802 154 619 1833 152 619 1834 153 619 1835 311 666 1995 310 666 1996 308 666 1997 466 677 2031 464 677 2032 465 677 2033 414 678 2034 412 678 2035 413 678 2036 363 737 2229 362 737 2230 360 737 2231 45 745 2253 44 745 2254 50 745 2255 103 782 2382 102 782 2383 100 782 2384 259 871 2682 258 871 2683 256 871 2684 206 922 2850 204 922 2851 205 922 2852 95 1052 3159 92 1052 3160 101 1052 3161 513 1054 3165 512 1054 3166 518 1054 3167 148 1057 3174 154 1057 3175 155 1057 3176 40 1058 3177 49 1058 3178 48 1058 3179 252 1059 3183 258 1059 3184 259 1059 3185 96 1060 3186 102 1060 3187 103 1060 3188 407 1062 3192 404 1062 3193 413 1062 3194 511 1063 3195 508 1063 3196 517 1063 3197 305 1065 3201 304 1065 3202 310 1065 3203 357 1066 3204 356 1066 3205 362 1066 3206 303 1068 3210 300 1068 3211 309 1068 3212 251 1069 3213 248 1069 3214 257 1069 3215 408 1071 3219 414 1071 3220 415 1071 3221 144 1072 3222 153 1072 3223 152 1072 3224 50 1073 3225 48 1073 3226 49 1073 3227 459 1074 3228 456 1074 3229 465 1074 3230 352 1075 3231 361 1075 3232 360 1075 3233 199 1077 3237 196 1077 3238 205 1077 3239 200 1078 3240 206 1078 3241 207 1078 3242 460 1080 3246 466 1080 3247 467 1080 3248</p>
        </triangles>
      </mesh>
    </geometry>
  </library_geometries>
  <library_visual_scenes>
    <visual_scene id="Scene" name="Scene">
      <node id="Freeway_Curve_2_mesh" name="Freeway_Curve_2_mesh" type="NODE">
        <matrix sid="transform">1 0 0 0 0 7.54979e-8 -1 0 0 1 7.54979e-8 0 0 0 0 1</matrix>
        <instance_geometry url="#Freeway_Curve_2_mesh-mesh" name="Freeway_Curve_2_mesh">
          <bind_material>
            <technique_common>
              <instance_material symbol="Road-material" target="#Road-material">
                <bind_vertex_input semantic="Freeway_Curve_2_mesh-mesh-map-0" input_semantic="TEXCOORD" input_set="0"/>
              </instance_material>
              <instance_material symbol="Lamppost_Emitter-material" target="#Lamppost_Emitter-material">
                <bind_vertex_input semantic="Freeway_Curve_2_mesh-mesh-map-0" input_semantic="TEXCOORD" input_set="0"/>
              </instance_material>
            </technique_common>
          </bind_material>
        </instance_geometry>
      </node>
    </visual_scene>
  </library_visual_scenes>
  <scene>
    <instance_visual_scene url="#Scene"/>
  </scene>
</COLLADA>