<?xml version="1.0" encoding="utf-8"?>
<COLLADA xmlns="http://www.collada.org/2005/11/COLLADASchema" version="1.4.1" xmlns:xsi="http://www.w3.org/2001/XMLSchema-instance">
  <asset>
    <contributor>
      <author>Blender User</author>
      <authoring_tool>Blender 3.6.20 commit date:2025-01-20, commit time:15:08, hash:46254438b9dd</authoring_tool>
    </contributor>
    <created>2026-06-01T14:15:25</created>
    <modified>2026-06-01T14:15:25</modified>
    <unit name="meter" meter="1"/>
    <up_axis>Z_UP</up_axis>
  </asset>
  <library_effects>
    <effect id="Road-effect">
      <profile_COMMON>
        <technique sid="common">
          <lambert>
            <emission>
              <color sid="emission">0 0 0 1</color>
            </emission>
            <diffuse>
              <color sid="diffuse">0.64 0.64 0.64 1</color>
            </diffuse>
            <index_of_refraction>
              <float sid="ior">1</float>
            </index_of_refraction>
          </lambert>
        </technique>
      </profile_COMMON>
    </effect>
    <effect id="Lamppost_Emitter-effect">
      <profile_COMMON>
        <technique sid="common">
          <lambert>
            <emission>
              <color sid="emission">0 0 0 1</color>
            </emission>
            <diffuse>
              <color sid="diffuse">0.64 0.64 0.64 1</color>
            </diffuse>
            <index_of_refraction>
              <float sid="ior">1</float>
            </index_of_refraction>
          </lambert>
        </technique>
      </profile_COMMON>
    </effect>
  </library_effects>
  <library_images/>
  <library_materials>
    <material id="Road-material" name="Road">
      <instance_effect url="#Road-effect"/>
    </material>
    <material id="Lamppost_Emitter-material" name="Lamppost_Emitter">
      <instance_effect url="#Lamppost_Emitter-effect"/>
    </material>
  </library_materials>
  <library_geometries>
    <geometry id="Freeway_Curve_1_mesh-mesh" name="Freeway Curve 1_mesh">
      <mesh>
        <source id="Freeway_Curve_1_mesh-mesh-positions">
          <float_array id="Freeway_Curve_1_mesh-mesh-positions-array" count="1314">-44.91841 -0.4936949 -44.65949 -44.91841 1.337218 -44.65949 -45.17734 -0.4936949 -44.91842 -45.17734 1.337218 -44.91842 -44.65948 -0.4936949 -44.91842 -44.65948 1.337218 -44.91842 -44.91841 -0.4936949 -45.17735 -44.91841 1.337218 -45.17735 -44.91841 1.508609 -44.73717 -45.09966 1.508609 -44.91842 -44.91841 1.508609 -45.09967 -44.73716 1.508609 -44.91842 -44.91841 7.505521 -44.79487 -45.04195 7.505521 -44.91842 -44.91841 7.505521 -45.04196 -44.79487 7.505521 -44.91842 -44.91841 7.3709 -44.74733 -45.0895 7.3709 -44.91842 -44.91841 7.3709 -45.08951 -44.74732 7.3709 -44.91842 -44.91841 7.785181 -44.74733 -45.0895 7.785181 -44.91842 -44.91841 7.785181 -45.08951 -44.74732 7.785181 -44.91842 -44.96192 7.405286 -44.86245 -45.00621 7.531259 -44.90674 -44.90673 7.531259 -45.00622 -44.86244 7.405286 -44.96193 -44.10147 8.036453 -44.002 -44.10382 8.177098 -44.00435 -44.00434 8.177098 -44.10382 -44.00199 8.036453 -44.10148 -44.45081 8.173785 -44.5503 -44.42927 8.036437 -44.52875 -44.52875 8.036437 -44.42928 -44.55029 8.173785 -44.45082 -44.2052 7.998703 -43.93383 -44.2116 8.394667 -43.94022 -43.94021 8.394667 -44.2116 -43.93382 7.998703 -44.20521 -43.61915 8.235022 -43.34778 -43.71068 8.394667 -43.43931 -43.4393 8.394667 -43.71069 -43.34777 8.235022 -43.61916 -43.85302 8.031286 -44.12441 -44.1244 8.031286 -43.85303 -44.1308 8.394667 -43.85942 -43.85942 8.394667 -44.1308 -43.58245 8.06559 -43.67539 -43.67538 8.06559 -43.58246 -43.75547 7.99582 -43.84841 -43.84841 7.99582 -43.75548 -61.23023 -0.4936937 -16.21705 -61.23023 1.337219 -16.21705 -61.58393 -0.4936937 -16.31182 -61.58393 1.337219 -16.31182 -61.13545 -0.4936937 -16.57075 -61.13545 1.337219 -16.57075 -61.48916 -0.4936937 -16.66552 -61.48916 1.337219 -16.66552 -61.26907 1.50861 -16.28432 -61.51666 1.50861 -16.35066 -61.45032 1.50861 -16.59825 -61.20273 1.50861 -16.53191 -61.29792 7.505522 -16.33429 -61.46669 7.505522 -16.37951 -61.42147 7.505522 -16.54828 -61.2527 7.505522 -16.50306 -61.27415 7.370901 -16.29312 -61.50786 7.370901 -16.35574 -61.44524 7.370901 -16.58945 -61.21153 7.370901 -16.52683 -61.27415 7.785182 -16.29312 -61.50786 7.785182 -16.35574 -61.44524 7.785182 -16.58945 -61.21153 7.785182 -16.52683 -61.3694 7.405287 -16.37106 -61.42989 7.53126 -16.38727 -61.39348 7.53126 -16.52316 -61.33298 7.405287 -16.50695 -60.194 8.036454 -16.05611 -60.1972 8.177099 -16.05697 -60.16079 8.177099 -16.19286 -60.15758 8.036454 -16.192 -60.77068 8.173786 -16.35628 -60.74126 8.036438 -16.3484 -60.77767 8.036438 -16.21251 -60.8071 8.173786 -16.22039 -60.24974 7.998705 -15.94521 -60.25848 8.394668 -15.94755 -60.15914 8.394668 -16.31826 -60.1504 7.998705 -16.31592 -59.44918 8.235023 -15.7307 -59.57422 8.394668 -15.7642 -59.47489 8.394668 -16.13492 -59.34985 8.235023 -16.10141 -60.04004 8.031287 -16.28635 -60.13937 8.031287 -15.91563 -60.1481 8.394668 -15.91797 -60.04877 8.394668 -16.28869 -59.5812 8.065591 -16.03277 -59.61522 8.065591 -15.90582 -59.81756 7.995821 -16.0961 -59.85158 7.995821 -15.96915 -16.57075 -0.4936956 -61.13545 -16.57075 1.337217 -61.13545 -16.66552 -0.4936956 -61.48916 -16.66552 1.337217 -61.48916 -16.21705 -0.4936956 -61.23023 -16.21705 1.337217 -61.23023 -16.31182 -0.4936956 -61.58393 -16.31182 1.337217 -61.58393 -16.53191 1.508608 -61.20273 -16.59825 1.508608 -61.45032 -16.35066 1.508608 -61.51666 -16.28432 1.508608 -61.26907 -16.50306 7.50552 -61.2527 -16.54828 7.50552 -61.42147 -16.37951 7.50552 -61.46669 -16.33429 7.50552 -61.29792 -16.52683 7.370899 -61.21153 -16.58945 7.370899 -61.44524 -16.35574 7.370899 -61.50786 -16.29312 7.370899 -61.27415 -16.52683 7.78518 -61.21153 -16.58945 7.78518 -61.44524 -16.35574 7.78518 -61.50786 -16.29312 7.78518 -61.27415 -16.50695 7.405285 -61.33298 -16.52316 7.531258 -61.39348 -16.38727 7.531258 -61.42989 -16.37106 7.405285 -61.3694 -16.192 8.03645 -60.15759 -16.19286 8.177097 -60.16079 -16.05697 8.177097 -60.1972 -16.05611 8.03645 -60.194 -16.22039 8.173784 -60.8071 -16.21251 8.036437 -60.77767 -16.3484 8.036437 -60.74126 -16.35628 8.173784 -60.77068 -16.31592 7.998703 -60.1504 -16.31826 8.394666 -60.15914 -15.94755 8.394666 -60.25848 -15.94521 7.998703 -60.24974 -16.10141 8.235021 -59.34985 -16.13492 8.394666 -59.47489 -15.7642 8.394666 -59.57422 -15.7307 8.235021 -59.44918 -15.91563 8.031285 -60.13937 -16.28635 8.031285 -60.04004 -16.28869 8.394666 -60.04877 -15.91797 8.394666 -60.1481 -15.90582 8.065589 -59.61522 -16.03277 8.065589 -59.5812 -15.96915 7.995819 -59.85158 -16.0961 7.995819 -59.81756 -29.36206 -0.4936942 -29.62101 -29.36206 1.337219 -29.62101 -29.10313 -0.4936942 -29.36208 -29.10313 1.337219 -29.36208 -29.62099 -0.4936942 -29.36208 -29.62099 1.337219 -29.36208 -29.36206 -0.4936942 -29.10315 -29.36206 1.337219 -29.10315 -29.36206 1.508609 -29.54333 -29.18081 1.508609 -29.36208 -29.36206 1.508609 -29.18083 -29.54331 1.508609 -29.36208 -29.36206 7.505521 -29.48562 -29.23852 7.505521 -29.36208 -29.36206 7.505521 -29.23853 -29.4856 7.505521 -29.36208 -29.36206 7.3709 -29.53316 -29.19097 7.3709 -29.36208 -29.36206 7.3709 -29.19099 -29.53315 7.3709 -29.36208 -29.36206 7.785181 -29.53316 -29.19097 7.785181 -29.36208 -29.36206 7.785181 -29.19099 -29.53315 7.785181 -29.36208 -29.31855 7.405286 -29.41804 -29.27426 7.531259 -29.37376 -29.37374 7.531259 -29.27428 -29.41803 7.405286 -29.31856 -30.179 8.036454 -30.27849 -30.17665 8.177099 -30.27615 -30.27613 8.177099 -30.17667 -30.27848 8.036454 -30.17901 -29.82966 8.173786 -29.73019 -29.8512 8.036438 -29.75174 -29.75172 8.036438 -29.85122 -29.73018 8.173786 -29.82967 -30.07527 7.998704 -30.34667 -30.06888 8.394668 -30.34027 -30.34026 8.394668 -30.06889 -30.34666 7.998704 -30.07529 -30.66132 8.235023 -30.93272 -30.56979 8.394668 -30.84119 -30.84117 8.394668 -30.5698 -30.9327 8.235023 -30.66134 -30.42745 8.031287 -30.15608 -30.15607 8.031287 -30.42747 -30.14967 8.394668 -30.42107 -30.42106 8.394668 -30.14969 -30.69802 8.065591 -30.6051 -30.60509 8.065591 -30.69804 -30.525 7.99582 -30.43208 -30.43206 7.99582 -30.52501 -40.23879 -0.4936925 -10.97151 -40.23879 1.33722 -10.97151 -39.88509 -0.4936925 -10.87673 -39.88509 1.33722 -10.87673 -40.33357 -0.4936925 -10.6178 -40.33357 1.33722 -10.6178 -39.97986 -0.4936925 -10.52303 -39.97986 1.33722 -10.52303 -40.19995 1.508611 -10.90424 -39.95236 1.508611 -10.83789 -40.0187 1.508611 -10.5903 -40.2663 1.508611 -10.65664 -40.1711 7.505523 -10.85426 -40.00234 7.505523 -10.80904 -40.04756 7.505523 -10.64028 -40.21632 7.505523 -10.6855 -40.19487 7.370902 -10.89543 -39.96116 7.370902 -10.83281 -40.02378 7.370902 -10.5991 -40.25749 7.370902 -10.66172 -40.19487 7.785183 -10.89543 -39.96116 7.785183 -10.83281 -40.02378 7.785183 -10.5991 -40.25749 7.785183 -10.66172 -40.09963 7.405288 -10.81749 -40.03913 7.531261 -10.80128 -40.07554 7.531261 -10.66539 -40.13604 7.405288 -10.6816 -41.27502 8.036455 -11.13244 -41.27182 8.1771 -11.13158 -41.30823 8.1771 -10.99569 -41.31144 8.036455 -10.99655 -40.69834 8.173788 -10.83227 -40.72777 8.03644 -10.84016 -40.69136 8.036439 -10.97605 -40.66193 8.173787 -10.96816 -41.21928 7.998706 -11.24335 -41.21055 8.394669 -11.24101 -41.30988 8.39467 -10.87029 -41.31862 7.998706 -10.87263 -42.01984 8.235026 -11.45785 -41.8948 8.394669 -11.42435 -41.99414 8.394669 -11.05364 -42.11917 8.235026 -11.08714 -41.42898 8.031289 -10.9022 -41.32965 8.031288 -11.27292 -41.32092 8.394669 -11.27058 -41.42025 8.39467 -10.89986 -41.88782 8.065592 -11.15578 -41.8538 8.065592 -11.28273 -41.65147 7.995822 -11.09245 -41.61745 7.995822 -11.2194 -10.61778 -0.4936938 -40.33357 -10.61778 1.337219 -40.33357 -10.52301 -0.4936938 -39.97986 -10.52301 1.337219 -39.97986 -10.97149 -0.4936938 -40.2388 -10.97149 1.337219 -40.2388 -10.87671 -0.4936937 -39.88509 -10.87671 1.337219 -39.88509 -10.65662 1.50861 -40.2663 -10.59028 1.50861 -40.0187 -10.83787 1.50861 -39.95236 -10.90421 1.50861 -40.19995 -10.68547 7.505522 -40.21632 -10.64025 7.505522 -40.04756 -10.80902 7.505522 -40.00234 -10.85424 7.505522 -40.1711 -10.6617 7.370901 -40.25749 -10.59908 7.370901 -40.02378 -10.83279 7.370901 -39.96116 -10.89541 7.370901 -40.19487 -10.6617 7.785182 -40.25749 -10.59908 7.785182 -40.02378 -10.83279 7.785182 -39.96116 -10.89541 7.785182 -40.19487 -10.68158 7.405287 -40.13604 -10.66537 7.53126 -40.07554 -10.80126 7.53126 -40.03913 -10.81747 7.405287 -40.09963 -10.99653 8.036454 -41.31144 -10.99567 8.177099 -41.30823 -11.13156 8.177099 -41.27182 -11.13242 8.036454 -41.27502 -10.96814 8.173786 -40.66193 -10.97602 8.036438 -40.69136 -10.84013 8.036438 -40.72777 -10.83225 8.173786 -40.69834 -10.87261 7.998704 -41.31862 -10.87027 8.394668 -41.30988 -11.24098 8.394668 -41.21055 -11.24332 7.998704 -41.21928 -11.08711 8.235023 -42.11917 -11.05361 8.394668 -41.99414 -11.42433 8.394668 -41.8948 -11.45783 8.235023 -42.01984 -11.2729 8.031287 -41.32965 -10.90218 8.031287 -41.42898 -10.89984 8.394668 -41.42025 -11.27055 8.394668 -41.32092 -11.28271 8.065591 -41.8538 -11.15576 8.065591 -41.88782 -11.21938 7.99582 -41.61745 -11.09243 7.99582 -41.65147 -65 -5 2.15571e-6 -40 -5 1.41065e-6 -1.93715e-6 -5.000003 -65 -16.82324 -5.000003 -62.78518 -32.5 -5.000002 -56.29165 -45.96194 -5.000002 -45.96194 -56.29166 -5.000001 -32.5 -62.78518 -5.000001 -16.82324 -1.86265e-6 -2.73196e-6 -62.5 -16.17619 -2.63887e-6 -60.37036 -31.25 -2.36595e-6 -54.12659 -44.19417 -1.93179e-6 -44.19417 -54.12659 -1.36598e-6 -31.25 -60.37036 -7.07084e-7 -16.17619 -62.5 0 -2.85597e-6 -1.2666e-6 -1.85773e-6 -42.5 -10.99981 -1.79443e-6 -41.05185 -21.25 -1.60884e-6 -36.80608 -30.05204 -1.31362e-6 -30.05204 -36.80608 -9.28867e-7 -21.25 -41.05185 -4.80817e-7 -10.99981 -42.5 0 -1.94206e-6 -1.19209e-6 -5.000002 -40 -10.35276 -5.000002 -38.63703 -20 -5.000001 -34.64102 -28.28427 -5.000001 -28.28427 -34.64102 -5.000001 -20 -38.63703 -5 -10.35276 -16.82324 0.1499972 -62.78518 -16.79714 0.2499971 -62.68775 -1.93715e-6 0.1499971 -65 -1.93415e-6 0.2499971 -64.89914 -32.5 0.1499975 -56.29165 -32.44957 0.2499974 -56.2043 -45.96194 0.149998 -45.96194 -45.89062 0.2499979 -45.89062 -56.29166 0.1499986 -32.5 -56.2043 0.2499985 -32.44956 -62.78518 0.1499992 -16.82324 -62.68775 0.2499992 -16.79713 -64.89914 0.25 -2.97653e-6 -65 0.15 -2.97677e-6 -16.2023 0.2499973 -60.46779 -16.17619 0.1499973 -60.37036 -1.86565e-6 0.2499971 -62.60086 -1.86265e-6 0.1499972 -62.5 -31.30043 0.2499976 -54.21394 -31.25 0.1499976 -54.12659 -44.26549 0.249998 -44.26549 -44.19417 0.149998 -44.19417 -54.21394 0.2499986 -31.30043 -54.12659 0.1499986 -31.25 -60.46779 0.2499992 -16.2023 -60.37036 0.1499993 -16.17619 -62.5 0.15 -2.86253e-6 -62.60086 0.25 -2.87057e-6 -10.99981 0.1499982 -41.05185 -10.9737 0.2499982 -40.95442 -1.2666e-6 0.1499981 -42.5 -1.26243e-6 0.2499981 -42.39914 -21.25 0.1499984 -36.80608 -21.19957 0.2499983 -36.71873 -30.05204 0.1499987 -30.05204 -29.98072 0.2499986 -29.98072 -36.80608 0.149999 -21.25 -36.71873 0.249999 -21.19957 -41.05185 0.1499994 -10.99981 -40.95442 0.2499995 -10.97371 -42.39914 0.25 -1.94838e-6 -42.5 0.15 -1.94862e-6 -10.37887 0.2499982 -38.73446 -10.35276 0.1499983 -38.63703 -1.1951e-6 0.2499982 -40.10086 -1.19209e-6 0.1499982 -40 -20.05043 0.2499984 -34.72837 -20 0.1499984 -34.64102 -28.35559 0.2499987 -28.35559 -28.28427 0.1499987 -28.28427 -34.72837 0.2499991 -20.05043 -34.64102 0.1499991 -20 -38.73446 0.2499995 -10.37887 -38.63703 0.1499994 -10.35276 -40 0.15 -1.83438e-6 -40.10086 0.25 -1.84379e-6 -1.71664e-6 -2.51781e-6 -57.60086 -1.71063e-6 -2.509e-6 -57.39914 -14.9082 -2.43202e-6 -55.63816 -14.85599 -2.4235e-6 -55.44331 -28.80043 -2.18049e-6 -49.88381 -28.69957 -2.17285e-6 -49.70911 -40.72996 -1.78036e-6 -40.72996 -40.58732 -1.77413e-6 -40.58732 -49.88381 -1.25891e-6 -28.80043 -49.70911 -1.2545e-6 -28.69957 -55.63816 -6.51658e-7 -14.9082 -55.44331 -6.49376e-7 -14.85599 -57.39914 0 -2.62289e-6 -57.60086 0 -2.63264e-6 -1.56763e-6 -2.29926e-6 -52.60086 -1.56162e-6 -2.29044e-6 -52.39914 -13.6141 -2.22091e-6 -50.80853 -13.5619 -2.21239e-6 -50.61368 -26.30043 -1.99121e-6 -45.55368 -26.19957 -1.98358e-6 -45.37898 -37.19443 -1.62582e-6 -37.19443 -37.05178 -1.61958e-6 -37.05178 -45.55368 -1.14963e-6 -26.30043 -45.37898 -1.14522e-6 -26.19956 -50.80853 -5.95091e-7 -13.6141 -50.61367 -5.92809e-7 -13.56189 -52.39913 0 -2.39441e-6 -52.60086 0 -2.4033e-6 -1.41862e-6 -2.0807e-6 -47.60086 -1.4126e-6 -2.07188e-6 -47.39914 -12.32001 -2.0098e-6 -45.9789 -12.2678 -2.00128e-6 -45.78404 -23.80043 -1.80194e-6 -41.22356 -23.69957 -1.7943e-6 -41.04886 -33.65889 -1.47128e-6 -33.65889 -33.51625 -1.46504e-6 -33.51625 -41.22356 -1.04035e-6 -23.80043 -41.04886 -1.03594e-6 -23.69957 -45.9789 -5.38525e-7 -12.32001 -45.78405 -5.36243e-7 -12.2678 -47.39914 0 -2.16593e-6 -47.60086 0 -2.17396e-6</float_array>
          <technique_common>
            <accessor source="#Freeway_Curve_1_mesh-mesh-positions-array" count="438" stride="3">
              <param name="X" type="float"/>
              <param name="Y" type="float"/>
              <param name="Z" type="float"/>
            </accessor>
          </technique_common>
        </source>
        <source id="Freeway_Curve_1_mesh-mesh-normals">
          <float_array id="Freeway_Curve_1_mesh-mesh-normals-array" count="2049">-0.7070842 0 -0.7071294 0.2588249 0 0.9659243 -0.2588048 0 0.9659298 -0.2587984 0 -0.9659314 0.9659302 0 0.2588026 -0.2464674 0.3052082 0.9198379 -0.7070889 0.006805062 0.707092 0.6733995 0.3051961 0.6733413 -0.6733652 0.3051871 -0.6733797 -0.9198338 0.3051936 -0.2465011 -0.003710031 0.9999862 -0.003712058 -0.2588136 0.006805419 0.9659034 0.9659022 0.006802797 -0.2588181 -0.9659031 0.006803691 -0.2588146 0 1 -7.81009e-6 0 -1 0 -0.382683 0 -0.9238797 0.1305269 0 0.9914448 0.7070973 0 -0.7071163 -0.2587894 0 -0.9659338 -0.2648758 -0.9616668 -0.07097816 -0.7069436 0.02356153 -0.7068774 0 1 0 0.2588176 2.19686e-5 -0.9659263 0.6331806 -0.4451611 0.6331776 -6.53488e-6 -1 -2.52412e-5 -1.78555e-5 -1 -1.68271e-5 -0.001358389 0.9999862 -0.005067229 0.707111 3.26867e-5 -0.7071027 -0.9659299 1.04739e-5 0.2588039 -0.1857389 -0.6964825 -0.6931185 0 1 4.07259e-6 -0.2588194 8.83463e-6 0.9659258 0.7071034 0 -0.7071102 0.2587855 5.38323e-6 -0.9659349 -0.9659069 0 0.2588898 0 1 -2.71834e-6 -0.4991444 0.7083227 -0.4991332 0.2588243 0 0.9659245 -0.2588231 0 -0.9659247 -0.9659277 0 0.2588122 0.7071068 0 0.7071068 0.2587379 -0.02282464 0.9656779 0.2464622 0.3052307 0.9198319 0.2588016 0.006803452 0.9659066 -0.9198452 0.3051887 0.2464644 0.9198472 0.3051776 -0.2464709 0.6733652 0.3051871 -0.6733797 0 1 4.07711e-6 -0.2588405 0.006803274 -0.9658961 -0.9659035 0.006804525 -0.2588132 0.9659085 0.006803572 -0.2587948 0 1 4.07261e-6 0 -1 -3.05447e-6 -0.965929 0 -0.2588073 -0.258805 0 0.9659296 -0.9659276 0 0.2588127 0.9659287 0 -0.2588083 -0.2317302 -0.4451495 -0.8649528 0.7070827 0.006804585 -0.7070982 -0.9659234 3.46292e-5 0.2588281 0.9659249 6.57495e-6 -0.258823 0.6930996 -0.6964906 0.1857791 0 1 0 0.1857099 -0.6964778 0.693131 0.7071217 4.29956e-5 -0.7070919 -0.7070803 4.90324e-5 0.7071334 0 1 -1.04561e-6 -0.1938927 -0.9616689 -0.1939032 -0.9659281 8.83449e-6 0.2588109 0.9659298 -5.0927e-6 -0.2588045 -0.7070845 0 0.7071291 0.9659157 -1.04703e-5 -0.258857 6.4307e-7 1 -2.71846e-6 1.78532e-5 -1 1.68275e-5 0.1305267 0 0.9914449 -0.130526 0 -0.991445 -0.3826839 0 -0.9238793 0.9659301 0 -0.2588036 -0.919861 0.3051319 -0.2464755 0.2588211 0.006804883 0.9659014 0.6733639 0.3052009 0.6733747 -0.9198368 0.3052038 0.2464773 0.9198163 0.305279 0.2464607 0.1826669 0.708338 0.6818285 0.9659041 0.006803274 0.2588106 -0.258822 0.006803333 0.9659011 0.2588127 0.006803333 -0.9659035 0 -1 4.07272e-6 0.2588369 0 -0.9659211 -0.9659316 0 0.2587978 -0.6087615 0 -0.7933533 -0.1305266 0 -0.9914448 -0.1938797 -0.9616706 -0.1939082 -0.2010362 0.6297826 -0.7503055 -0.707111 0 0.7071027 -0.2588149 -2.19679e-5 0.965927 0.1938807 -0.961677 0.1938755 -0.00506854 0.9999862 -0.0013507 -0.6818133 0.7083393 -0.1827184 -0.9656456 0.02354997 -0.2587938 0.2588028 1.63437e-5 -0.9659303 -0.2588028 -2.20487e-5 0.9659302 -0.9656693 -0.02283954 -0.2587686 0.7502708 0.6298269 0.2010269 0.4991298 0.7083393 0.4991242 -0.7071268 -3.05563e-5 0.7070869 0.2588216 8.83471e-6 -0.9659252 0.2587875 -5.23607e-6 -0.9659343 -0.2588241 7.1768e-6 0.9659246 0.2648912 -0.9616626 0.07097697 -0.991445 0 -0.1305261 -0.2588025 0 0.9659303 0.9659285 0 -0.2588092 -0.2588083 0 0.9659287 0.6733639 0.3052009 -0.6733747 -0.965904 0.006802856 0.2588112 -0.6733639 0.3052009 -0.6733747 0.2464669 0.3051733 0.9198496 -0.2464671 0.3051717 -0.9198501 -2.61466e-5 -1 1.12187e-5 -0.2588581 0.006804704 -0.9658914 0.707116 0.006803095 0.707065 -0.9659021 0.00680381 0.2588183 -0.2648805 -0.9616655 -0.07097673 0.70711 0 0.7071037 0.70711 0 -0.7071037 -0.707108 0 0.7071056 0.7933531 0 0.6087617 0.1938586 -0.9616792 0.1938871 -0.8649113 -0.4451823 -0.2318215 0.7071116 6.59041e-5 -0.707102 0.7070973 3.94504e-5 -0.7071163 0 -1 0 0 -1 1.66694e-7 0 1 2.09119e-6 0.864923 -0.4451944 0.2317553 0.9659256 0 -0.2588202 0.6818208 0.7083402 0.1826872 -0.182667 0.7083412 -0.6818252 0.9656762 -0.02283662 0.2587432 0.2588395 -4.24394e-5 -0.9659205 -0.7071035 -1.7669e-5 0.7071101 0.7071526 0 -0.707061 -0.2588082 0 0.9659287 -0.5492523 0.6297981 -0.5492507 -0.7933535 0 -0.6087613 0.9238799 0 0.3826829 -0.9659302 0 -0.2588026 -0.2587918 0 -0.9659332 -0.7069194 -0.0228123 -0.7069262 0.246507 0.3051958 -0.9198315 0.2588405 0.006804823 -0.9658962 0.9198482 0.3051835 -0.2464596 -0.6733651 0.305188 0.6733793 0.2464506 0.3052144 -0.9198403 0.5492557 0.6298064 0.5492376 -0.7070987 0.006804943 -0.7070821 -0.7070789 0.006804525 0.7071019 0.707145 0.00680238 0.7070358 0 1 -5.09086e-6 -0.5073842 -0.6964934 -0.5074034 -0.9238798 0 -0.382683 0.7071043 0 0.7071093 0.6087619 0 0.7933531 -0.7071043 0 0.7071093 0.2317671 -0.4452121 0.8649106 -0.2587546 0.02355349 -0.965656 -0.7071001 4.61141e-5 0.7071135 0.2588285 5.9614e-6 -0.9659233 -0.07099169 -0.961659 -0.2649006 0 1 -2.7184e-6 0 1 1.95245e-6 0.001357734 0.9999863 0.005067408 -0.258816 8.17176e-6 0.9659267 -0.9659276 0 0.2588126 2.43915e-5 -1 1.12183e-5 -0.6331323 -0.4452645 -0.6331534 0.7071013 -8.83446e-6 -0.7071123 -0.9659314 -2.2068e-5 0.2587985 -0.9659261 0 0.2588184 0.9659333 -3.94778e-6 -0.2587913 -0.6931214 -0.6964908 -0.1856968 0.07098013 -0.9616719 0.2648566 0.2587972 0 -0.9659318 -0.9659235 0 0.2588279 0.9238797 0 0.382683 0.9198502 0.3051679 0.2464715 0.6532433 0.7071482 0.2705821 -0.2464991 0.3051626 -0.9198446 -0.673381 0.3051812 0.6733666 0.965927 -4.41724e-6 -0.258815 -0.2587846 -0.02285254 -0.9656647 0.7071062 0.006804406 -0.7070747 0.9659041 0.006805717 0.2588107 -0.7070988 0.006804347 -0.707082 0 -1 -4.07261e-6 0.608762 0 0.7933529 0.7071043 0 -0.7071093 0.9659256 0 0.2588199 -0.9659232 0 -0.2588292 0.7068834 0.02356272 0.7069376 0.9659251 2.19683e-5 -0.2588219 -0.258813 1.1923e-5 0.9659275 0.5073925 -0.6964701 0.5074272 0.2010091 0.6298311 0.7502722 0 1 -1.95227e-6 -1.55045e-6 1 -1.56839e-6 -0.7071136 -4.4097e-5 0.7071 0.9659301 2.31521e-5 -0.2588031 0.003710091 0.9999863 0.003703713 -0.7502945 0.629797 -0.2010326 5.30925e-6 -1 1.9632e-5 0.1285342 -0.9911066 0.03444933 -0.2588208 -3.39524e-6 0.9659254 0.7071583 7.1777e-7 -0.7070553 -0.2464582 0.3051865 0.9198476 0.07098621 -0.9616603 0.264897 0 1 0 0 1 0 0 1 0 0 1 0 0 1 0 0 1 0 0 1 0 0 1 0 0 1 0 0 1 0 0 1 0 0 1 0 0 1 0 0 1 0 -0.7071043 0 -0.7071093 0 1 0 0 1 0 0 1 0 0 1 0 0 1 0 -0.7071043 0 -0.7071093 -0.707108 0 -0.7071056 0 1 0 0 1 0 0 1 0 0 1 0 0 1 0 0 1 0 0 1 0 0 1 0 0 1 0 0.7070973 0 0.7071163 0.3826829 0 0.9238798 0 1 0 0.2588048 0 -0.9659298 0.9659277 0 -0.2588122 -0.9238796 0 -0.3826836 0 1 0 0 1 0 0.9914449 2.87518e-7 0.1305267 0 1 0 0.9659295 0 0.2588058 0 1 0 0 1 0 -0.7933529 0 -0.608762 0.9659212 0 0.2588364 -0.7071127 0 0.7071009 0 1 0 0.2588408 0 0.96592 0.7070878 0 -0.7071259 0.2588309 0 0.9659227 0.3826829 0 0.9238799 -0.430461 0.7071047 -0.5609869 -0.6532747 0.7071142 -0.2705953 -0.4304567 0.707111 -0.5609824 0.7010638 0.7071003 0.09229713 0.4304615 0.7071034 0.5609881 0.09229296 0.7071272 0.7010373 0.7010803 0.7070837 0.09229922 0.653283 0.7071054 0.2705981 -0.09229338 0.7071269 -0.7010374 0.430465 0.7070981 0.5609923 0.2705969 0.7071086 0.6532801 -0.9659262 2.19684e-5 0.2588175 -0.2705975 0.707108 -0.6532804 -0.5609768 0.7071177 -0.4304528 -0.270599 0.7071051 -0.6532831 0.5609769 0.7071176 0.430453 -0.5609351 0.7071704 -0.4304206 -0.09229373 0.7071229 -0.7010415 -0.7010812 0.7070828 -0.09229946 -0.7010689 0.7070952 -0.09229737 0.5609948 0.7070949 0.4304669 -0.6532461 0.707145 -0.2705835 0.2705944 0.7071154 0.6532738 0.09229248 0.7071275 0.701037 0.793353 0 0.6087619 0 1 0 0 1 0 0 1 0 0 1 0 0 1 0 0 1 0 0 1 0 0 1 0 0 1 0 0 1 0 -0.707071 -7.17774e-6 0.7071426 0 1 0 0 1 0 0 1 0 0 1 0 0 1 0 0 1 0 0 1 0 0 1 0 -0.991445 0 -0.1305262 0.9914449 -9.94215e-5 0.1305266 -0.4495599 -0.7719053 -0.4495089 0.2588358 0.02350091 0.9656354 0.6043067 -0.7348086 -0.3080096 -0.03443676 -0.9911062 -0.1285402 -0.3079656 -0.734851 0.6042776 0.1645353 -0.7718828 0.6141052 0.0050686 0.9999864 0.001341998 0.3693494 -0.7348048 -0.5688962 -0.6141141 -0.7718741 -0.1645434 0.03543007 -0.7347939 0.6773647 0.449558 -0.771875 0.4495626 0.2648575 -0.9616717 0.07098037 0.6773508 -0.7348074 0.03541392 -0.1285475 -0.9911049 -0.03444701 -0.568906 -0.7348048 0.3693344 -0.1645363 -0.7718937 -0.6140911 0.9656339 0.02351737 0.2588402 -0.6043313 -0.7347847 0.3080182 0.6141238 -0.7718616 0.1645655 0.3080108 -0.7348144 -0.604299 0.0941053 -0.9911044 0.09410762 -0.0709964 -0.9616687 -0.264864 -0.3693491 -0.7347898 0.5689159 0.03443998 -0.9911065 0.1285374 -0.0354188 -0.7348078 -0.6773501 0.2588375 2.42529e-5 -0.965921 0.7069144 -0.02284979 0.7069301 -0.6773532 -0.7348051 -0.03541487 -0.09409373 -0.9911056 -0.09410732 0.5688953 -0.7348103 -0.36934 0.6043021 -0.7348087 -0.3080182 -0.3080248 -0.7347779 0.6043362 0.369346 -0.7347996 -0.5689051 0.03541362 -0.7348113 0.6773466 0.6773576 -0.7348008 0.0354197 -0.5688978 -0.7348071 0.3693427 -0.6043225 -0.7348018 0.3079946 0.3080036 -0.7347965 -0.6043245 -0.369346 -0.7347994 0.5689055 -0.03541302 -0.7347996 -0.6773592 -0.6773845 -0.7347761 -0.03541719 0.5689132 -0.7347983 -0.3693363 -0.7071043 0 0.7071093 -0.707083 0 -0.7071306 0.2587888 0 0.965934 -0.258813 0 0.9659276 -0.2588196 0 -0.9659257 0.9659297 0 0.258805 -0.2464737 0.3051889 0.9198427 -0.7071105 0.006802618 0.7070704 0.6733652 0.3051871 0.6733797 -0.6733818 0.3051975 -0.6733585 -0.9198468 0.3051698 -0.2464819 -0.003710091 0.9999863 -0.003709077 -0.2588015 0.006804883 0.9659066 0.9659099 0.006803572 -0.2587892 -0.9658949 0.006803572 -0.2588449 0 1 3.90509e-6 -0.3826837 0 -0.9238795 0.1305263 0 0.9914448 0.7071151 0 -0.7070985 -0.2588243 0 -0.9659245 -0.2648577 -0.9616721 -0.07097506 -0.7069067 0.0235973 -0.7069131 0 1 0 0.258817 2.80539e-6 -0.9659264 0.6331635 -0.4451972 0.6331695 -6.53631e-6 -1 -2.24368e-5 -1.78564e-5 -1 -1.54256e-5 -0.001357734 0.9999863 -0.005069971 0.7071312 -5.40175e-5 -0.7070824 -0.9659287 1.6344e-5 0.2588088 -0.185711 -0.6964811 -0.6931275 0 1 -2.03636e-6 0 -1 1.01815e-6 -0.2588052 -1.86733e-5 0.9659295 0.7070947 3.53384e-5 -0.707119 0.258787 0 -0.9659345 -0.9659395 2.512e-5 0.2587685 0 1 -1.08733e-5 -0.4991133 0.7083605 -0.4991105 -0.2587882 0 -0.9659341 0.7071151 0 0.7070985 0.2587625 -0.02284181 0.9656709 0.2464951 0.305199 0.9198336 0.2588027 0.006803214 0.9659063 -0.9198441 0.3051941 0.246462 0.9198378 0.3052069 -0.2464692 0.6733881 0.3052003 -0.6733507 -0.2588027 0.006803333 -0.9659063 -0.9659015 0.006804645 -0.2588205 0.965904 0.006802976 -0.258811 0 1 -3.05444e-6 0 -1 4.07257e-6 -0.9659298 0 -0.2588044 -0.2588156 0 0.9659268 0.9659286 0 -0.2588089 -0.2318574 -0.4452064 -0.8648893 0.7071014 0.006804168 -0.7070795 -0.965925 -4.39366e-5 0.258822 0.9659249 -4.39372e-5 -0.2588228 0.6931305 -0.6964753 0.1857209 0.1857642 -0.6964926 0.6931016 0.7070803 -3.26883e-5 -0.7071334 -0.7071111 -5.29176e-5 0.7071025 -0.1939218 -0.9616615 -0.1939113 -0.9659205 -3.73477e-5 0.2588396 0.965926 0 -0.2588183 -0.7071156 -7.17726e-7 0.707098 0.9659135 7.89502e-6 -0.2588652 6.43049e-7 1 0 1.78573e-5 -1 2.1036e-5 0.1305267 0 0.9914448 -0.3826831 0 -0.9238797 0 -1 0 -0.9198411 0.3052076 -0.2464563 0.2587484 0.006804764 0.9659208 0.6733644 0.3052083 0.6733708 -0.9198446 0.3051884 0.2464675 0.9198476 0.305164 0.246486 0.182722 0.7083382 0.6818135 0.9659015 0.006801486 0.2588205 -0.2588027 0.006802856 0.9659063 0.2588027 0.006803095 -0.9659063 0 -1 -4.07259e-6 0.2588315 0 -0.9659225 -0.9659286 0 0.2588092 -0.608761 0 -0.7933537 -0.1305264 0 -0.9914448 -0.193908 -0.9616693 -0.1938866 -0.201039 0.6298353 -0.7502605 -0.7071029 -1.12214e-5 0.7071107 -0.2588297 -9.64369e-7 0.9659231 0.1939058 -0.9616658 0.1939058 -0.005067944 0.9999862 -0.001363396 -0.6818379 0.7083207 -0.1826992 -0.9656636 0.02361094 -0.2587205 0.2588109 1.37808e-5 -0.9659281 -0.2588151 1.63445e-5 0.965927 -0.9656663 -0.02286207 -0.258778 0.7502707 0.6298267 0.2010281 0.4991382 0.7083288 0.4991307 -0.7071002 8.83467e-6 0.7071134 0.2587997 -2.20684e-5 -0.9659311 0.2588064 0 -0.9659293 -0.2588919 -5.23553e-6 0.9659064 0.2648903 -0.9616628 0.07097816 -0.9914449 0 -0.1305261 -0.2588025 0 0.9659304 0.9659286 0 -0.2588092 -0.2588089 0 0.9659286 0.6733756 0.305204 -0.6733617 -0.965906 0.006804049 0.2588037 -0.6733765 0.3051838 -0.67337 0.2464574 0.3052009 0.9198431 -0.2464582 0.3051993 -0.9198434 -2.28672e-5 -1 -2.80461e-6 -0.2588027 0.006802737 -0.9659063 0.7070926 0.00680387 0.7070883 -0.9659044 0.00680387 0.2588096 -0.2649101 -0.9616572 -0.07097965 0.7071043 0 0.7071093 0.7071043 0 -0.7071093 -0.707089 0 0.7071247 0.793353 0 0.6087619 0.1939072 -0.9616645 0.1939107 -0.8649407 -0.4451557 -0.2317636 0.7071006 -5.87376e-5 -0.7071131 0.7071173 -4.39364e-5 -0.7070963 -2.35847e-7 -1 2.22258e-7 0 -1 -2.22254e-7 0 1 -2.09121e-6 0.8648946 -0.4452579 0.2317385 0.9659321 -2.42537e-5 -0.2587959 0.6818249 0.7083384 0.1826788 -0.1827803 0.7083351 -0.6818012 0.9656712 -0.02283149 0.2587624 0.2588112 0 -0.965928 -0.7071068 3.39524e-6 0.7071068 0.7071686 3.15823e-5 -0.707045 -0.2587848 -5.7421e-6 0.965935 -0.5492393 0.6298299 -0.5492272 -0.7933536 0 -0.6087612 0.9238799 0 0.3826828 -0.9659297 0 -0.258805 -0.2588131 0 -0.9659274 -0.70691 -0.02282416 -0.7069351 0.2464883 0.3051746 -0.9198434 0.2588136 0.006803631 -0.9659034 0.9198479 0.3051862 -0.2464573 -0.6733639 0.3052009 0.6733747 0.2464705 0.3051707 -0.9198496 0.5492578 0.6297924 0.5492517 -0.7070668 0.006804168 -0.7071141 -0.7071341 0.006804108 0.7070468 0.7070864 0.006804585 0.7070944 -0.5074001 -0.6964843 -0.5074001 -0.9238797 0 -0.3826831 0.7071043 0 0.7071093 0.6087619 0 0.793353 -0.70711 0 0.7071037 0.2317214 -0.4452168 0.8649204 -0.2587525 0.02363878 -0.9656543 -0.7071182 -6.59035e-5 0.7070955 0.2588194 4.39362e-5 -0.9659258 -0.07096928 -0.961667 -0.2648774 0.001357734 0.9999863 0.005067348 -0.258852 -2.75604e-5 0.9659171 -0.965933 -4.24436e-5 0.2587921 0 -1 0 2.43915e-5 -1 8.41373e-6 -0.6331711 -0.4452098 -0.633153 0.7071064 6.79042e-6 -0.7071072 -0.9659208 3.09216e-5 0.2588382 -0.9659321 5.23574e-6 0.2587957 0.9659347 0 -0.2587859 -0.6931272 -0.6964797 -0.1857171 0.07095193 -0.9616727 0.2648614 0.2588078 0 -0.9659289 -0.9659243 0 0.2588248 0.9238797 0 0.3826832 0 1 2.09116e-6 0.919839 0.3052129 0.2464577 0.6532906 0.7070971 0.2706015 -0.24644 0.3052609 -0.9198278 -0.6733704 0.3052017 0.6733679 0.9659273 3.39527e-6 -0.2588138 -0.2587625 -0.02284085 -0.9656709 0.7070868 0.00680387 -0.7070941 0.9659031 0.006804645 0.2588146 -0.7070758 0.006805121 -0.707105 0 -1 4.07269e-6 0.6087616 0 0.7933532 0.7071043 0 -0.7071093 0.9659264 0 0.258817 -0.9659235 0 -0.2588278 0.7068909 0.02356302 0.7069301 0.965925 1.93744e-5 -0.2588225 -0.2588225 -2.19683e-5 0.9659249 0.5073841 -0.6964816 0.5074198 0.2010276 0.6298282 0.7502697 6.43116e-7 1 0 -0.7070782 -3.26882e-5 0.7071354 0.9659298 1.63434e-5 -0.2588045 0.00371015 0.9999862 0.003714501 -0.7502634 0.6298274 -0.2010532 5.31073e-6 -1 1.68278e-5 0.1285389 -0.9911062 0.03444343 -0.2588303 0 0.9659228 0.7071147 2.09413e-5 -0.707099 -0.2464596 0.3051876 0.919847 0.07096892 -0.9616674 0.2648761 0 1 0 0 1 0 0 1 0 0 1 0 0 1 0 0 1 0 0 1 0 0 1 0 0 1 0 0 1 0 0 1 0 0 1 0 0 1 0 0 1 0 -0.7071043 0 -0.7071093 0 1 0 0 1 0 0 1 0 0 1 0 0 1 0 -0.70711 0 -0.7071037 -0.707089 0 -0.7071247 0 1 0 0 1 0 0 1 0 0 1 0 0 1 0 0 1 0 0 1 0 0 1 0 0 1 0 -0.608762 0 -0.7933529 0.3826831 0 0.9238798 0 1 0 0.258813 0 -0.9659276 -0.9238795 0 -0.3826835 0 1 0 0 1 0 0.9914448 0 0.1305267 0 1 0 0 1 0 0 1 0 -0.793353 0 -0.6087619 0.9659219 0 0.2588335 -0.7071021 0 0.7071115 0 1 0 0.2588196 0 0.9659257 0.7070866 0 -0.707127 0.2587984 0 0.9659314 0.3826826 0 0.9238799 -0.4304671 0.7070941 -0.5609956 -0.6532875 0.7071004 -0.2706005 -0.4304604 0.7071051 -0.5609869 0.7010266 0.707138 0.09229171 0.4304532 0.7071176 0.5609766 0.09229904 0.7070854 0.7010785 0.7010166 0.7071481 0.09229034 0.6532523 0.7071385 0.2705857 -0.09229737 0.7070987 -0.7010654 0.4304509 0.7071213 0.5609737 0.2705878 0.7071346 0.6532557 -0.9659233 -1.78842e-5 0.2588286 -0.270596 0.707113 -0.6532757 -0.560966 0.7071315 -0.4304442 -0.2705885 0.7071303 -0.65326 0.5610015 0.7070863 0.4304722 -0.5609954 0.707094 -0.4304676 -0.09229707 0.7070983 -0.7010658 -0.70102 0.7071445 -0.09229105 -0.7010407 0.7071236 -0.09229415 0.5609945 0.7070953 0.4304666 -0.6532228 0.7071704 -0.2705735 0.27059 0.7071281 0.6532618 0.09229737 0.7070986 0.7010655 0.7933531 0 0.6087617 0 1 0 0 1 0 0 1 0 0 1 0 0 1 0 0 1 0 0 1 0 0 1 0 0 1 0 0 1 0 -0.70715 -2.09389e-5 0.7070636 0 1 0 0 1 0 0 1 0 0 1 0 0 1 0 0 1 0 0 1 0 0 1 0 -0.991445 7.46097e-7 -0.1305261 0.9914448 0 0.1305266 -0.449565 -0.7718711 -0.4495627 0.258658 0.02355498 0.9656818 -0.03445684 -0.9911052 -0.1285428 0.1645708 -0.7718648 0.6141182 0.005068242 0.9999862 0.001362085 -0.6141188 -0.7718656 -0.1645656 0.4495759 -0.7718569 0.4495759 0.264851 -0.961674 0.07097339 -0.1285337 -0.9911069 -0.03444033 -0.1645525 -0.7718713 -0.6141149 0.9656629 0.02361088 0.2587234 0.6140964 -0.7718886 0.1645405 0.09408521 -0.9911072 0.0940988 -0.07096892 -0.9616667 -0.2648786 0.03444296 -0.991106 0.1285406 0.258816 -8.17176e-6 -0.9659267 0.7069163 -0.02283942 0.7069283 -0.09409856 -0.9911062 -0.09409624 -0.7071043 0 0.7071093</float_array>
          <technique_common>
            <accessor source="#Freeway_Curve_1_mesh-mesh-normals-array" count="683" stride="3">
              <param name="X" type="float"/>
              <param name="Y" type="float"/>
              <param name="Z" type="float"/>
            </accessor>
          </technique_common>
        </source>
        <source id="Freeway_Curve_1_mesh-mesh-map-0">
          <float_array id="Freeway_Curve_1_mesh-mesh-map-0-array" count="4392">0.4531335 0.07913666 0.4531335 0.07913666 0.4531335 0.07913666 0.4531335 0.07869213 0.4531335 0.07869213 0.4531335 0.07869213 0.4531335 0.0782476 0.4531335 0.0782476 0.4531335 0.0782476 0.4531335 0.07854396 0.4531335 0.07854396 0.4531335 0.07854396 0.4531335 0.0782476 0.4531335 0.0782476 0.4531335 0.0782476 0.4531335 0.07809937 0.4531335 0.07809937 0.4531335 0.07809937 0.4531335 0.07898849 0.4531335 0.07898849 0.4531335 0.07898849 0.4531335 0.07765483 0.4531335 0.07765483 0.4531335 0.07765483 0.4531335 0.07765483 0.4531335 0.07765483 0.4531335 0.07765483 0.4531335 0.07943308 0.4531335 0.07943308 0.4531335 0.07943308 0.4531335 0.07795119 0.4531335 0.07795119 0.4531335 0.07795119 0.4531335 0.07943308 0.4531335 0.07943308 0.4531335 0.07943308 0.4531335 0.07854396 0.4531335 0.07854396 0.4531335 0.07854396 0.4531335 0.07943308 0.4531335 0.07943308 0.4531335 0.07943308 0.4531335 0.07987761 0.4531335 0.07987761 0.4531335 0.07987761 0.4531335 0.07780301 0.4531335 0.07780301 0.4531335 0.07780301 0.1072583 0.3349424 0.1090479 0.1778149 0.1090479 0.3349424 0.07645022 0.02068752 0.0150091 0.1778149 0.0150091 0.02068752 0.4531335 0.07780301 0.4531335 0.07780301 0.4531335 0.07780301 0.4531335 0.07869213 0.4531335 0.07869213 0.4531335 0.07869213 0.625 0.8750001 0.625 0.8750001 0.625 0.8750001 0.4531335 0.0792849 0.4531335 0.0792849 0.4531335 0.0792849 0.2271475 0.02068752 0.2295541 0.1778149 0.2271475 0.1778149 0.4531335 0.07972943 0.4531335 0.07972943 0.4531335 0.07972943 0.4531335 0.0792849 0.4531335 0.0792849 0.4531335 0.0792849 0.4531335 0.08017396 0.4531335 0.08017396 0.4531335 0.08017396 0.4531335 0.0792849 0.4531335 0.0792849 0.4531335 0.0792849 0.4531335 0.07884031 0.4531335 0.07884031 0.4531335 0.07884031 0.4531335 0.07795119 0.4531335 0.07795119 0.4531335 0.07795119 0.4531335 0.07884031 0.4531335 0.07884031 0.4531335 0.07884031 0.4531335 0.08017396 0.4531335 0.08017396 0.4531335 0.08017396 0.4531335 0.0782476 0.4531335 0.0782476 0.4531335 0.0782476 0.4531335 0.07958126 0.4531335 0.07958126 0.4531335 0.07958126 0.4632316 0.0138626 0.461127 0.02262616 0.4602337 0.01876568 0.4631868 0.0651648 0.4603083 0.05628871 0.4623792 0.052827 0.45736 0.008080124 0.4531335 0.01350426 0.4567829 0.007400393 0.4595842 0.07323849 0.4632599 0.07750666 0.4600462 0.07558864 0.4567597 0.04851084 0.4586688 0.04747653 0.4582932 0.04832333 0.4531335 0.07795119 0.4531335 0.07795119 0.4531335 0.07795119 0.4531335 0.08002579 0.4531335 0.08002579 0.4531335 0.08002579 0.4531335 0.08002579 0.4531335 0.08002579 0.4531335 0.08002579 0.4531335 0.07869213 0.4531335 0.07869213 0.4531335 0.07869213 0.4531335 0.07913666 0.4531335 0.07913666 0.4531335 0.07913666 0.4600462 0.07558864 0.4580386 0.07318174 0.4595842 0.07323849 0.4531335 0.07854396 0.4531335 0.07854396 0.4531335 0.07854396 0.4531335 0.07854396 0.4531335 0.07854396 0.4531335 0.07854396 0.4531335 0.07854396 0.4531335 0.07854396 0.4531335 0.07854396 0.4531335 0.07854396 0.4531335 0.07854396 0.4531335 0.07854396 0.4531335 0.07765483 0.4531335 0.07765483 0.4531335 0.07765483 0.458113 0.03112441 0.4561315 0.03184443 0.4566085 0.0310834 0.4531335 0.07854396 0.4531335 0.07854396 0.4531335 0.07854396 0.4531335 0.07809937 0.4531335 0.07809937 0.4531335 0.07809937 0.4531335 0.07987761 0.4531335 0.07987761 0.4531335 0.07987761 0.4531335 0.07869213 0.4531335 0.07869213 0.4531335 0.07869213 0.4531335 0.07869213 0.4531335 0.07869213 0.4531335 0.07869213 0.4531335 0.07809937 0.4531335 0.07809937 0.4531335 0.07809937 0.4531335 0.07809937 0.4531335 0.07809937 0.4531335 0.07809937 0.4531335 0.08002579 0.4531335 0.08002579 0.4531335 0.08002579 0.4531335 0.08002579 0.4531335 0.08002579 0.4531335 0.08002579 0.4531335 0.07884031 0.4531335 0.07884031 0.4531335 0.07884031 0.4531335 0.07898849 0.4531335 0.07898849 0.4531335 0.07898849 0.4531335 0.08017396 0.4531335 0.08017396 0.4531335 0.08017396 0.4531335 0.07884031 0.4531335 0.07884031 0.4531335 0.07884031 0.4531335 0.07839578 0.4531335 0.07839578 0.4531335 0.07839578 0.4531335 0.07898849 0.4531335 0.07898849 0.4531335 0.07898849 0.4531335 0.07765483 0.4531335 0.07765483 0.4531335 0.07765483 0.4531335 0.07884031 0.4531335 0.07884031 0.4531335 0.07884031 0.4531335 0.0792849 0.4531335 0.0792849 0.4531335 0.0792849 0.4531335 0.0792849 0.4531335 0.0792849 0.4531335 0.0792849 0.4576635 0.0725423 0.4607778 0.06867837 0.460062 0.07247358 0.4590033 0.05037522 0.4531335 0.05267888 0.4562147 0.05085748 0.4561315 0.03184443 0.4586995 0.0359115 0.4552382 0.03570491 0.4632316 0.02673125 0.4586995 0.0359115 0.4584698 0.03173977 0.4531337 0.02694135 0.4552382 0.03570491 0.4531336 0.03825974 0.4582932 0.04832333 0.4632293 0.05267888 0.4590033 0.05037522 0.4566085 0.0310834 0.4531337 0.02694135 0.4561836 0.02879387 0.4588341 0.007663547 0.4567829 0.007400393 0.4591088 0.007022917 0.4531335 0.07795119 0.4531335 0.07795119 0.4531335 0.07795119 0.3494437 0.02068752 0.3476541 0.1778149 0.3476541 0.02068752 0.3802519 0.1778149 0.4416937 0.02068752 0.4416937 0.1778149 0.4416937 0.3349424 0.3802519 0.1778149 0.4416937 0.1778149 0.4531335 0.07987761 0.4531335 0.07987761 0.4531335 0.07987761 0.4531335 0.07809937 0.4531335 0.07809937 0.4531335 0.07809937 0.4531335 0.07809937 0.4531335 0.07809937 0.4531335 0.07809937 0.4531335 0.07987761 0.4531335 0.07987761 0.4531335 0.07987761 0.4531335 0.07898849 0.4531335 0.07898849 0.4531335 0.07898849 0.4531335 0.07987761 0.4531335 0.07987761 0.4531335 0.07987761 0.4531335 0.07809937 0.4531335 0.07809937 0.4531335 0.07809937 0.4531335 0.08017396 0.4531335 0.08017396 0.4531335 0.08017396 0.4531335 0.07809937 0.4531335 0.07809937 0.4531335 0.07809937 0.4531335 0.07809937 0.4531335 0.07809937 0.4531335 0.07809937 0.4531335 0.07809937 0.4531335 0.07809937 0.4531335 0.07809937 0.4531335 0.0782476 0.4531335 0.0782476 0.4531335 0.0782476 0.4602337 0.01876568 0.4576656 0.02283275 0.4578954 0.01866102 0.4531335 0.07943308 0.4531335 0.07943308 0.4531335 0.07943308 0.4531335 0.07854396 0.4531335 0.07854396 0.4531335 0.07854396 0.1072583 0.4920699 0.1090479 0.3349424 0.1090479 0.4920699 0.1072583 0.1778149 0.1090479 0.02068752 0.1090479 0.1778149 0.625 0.8750001 0.625 0.8750001 0.625 0.8750001 0.4629533 0.06531298 0.457315 0.06835472 0.4556136 0.06542223 0.4531335 0.07795119 0.4531335 0.07795119 0.4531335 0.07795119 0.4531335 0.07839578 0.4531335 0.07839578 0.4531335 0.07839578 0.4597745 0.06335967 0.4531335 0.0651648 0.4569109 0.06290996 0.4531335 0.07839578 0.4531335 0.07839578 0.4531335 0.07839578 0.4531335 0.07839578 0.4531335 0.07839578 0.4531335 0.07839578 0.4531335 0.07972943 0.4531335 0.07972943 0.4531335 0.07972943 0.4531335 0.07839578 0.4531335 0.07839578 0.4531335 0.07839578 0.4531335 0.07839578 0.4531335 0.07839578 0.4531335 0.07839578 0.4601817 0.01571518 0.4582521 0.01804572 0.4574612 0.01605594 0.4559929 0.02658313 0.461127 0.02262616 0.4632316 0.02518099 0.4531335 0.0792849 0.4531335 0.0792849 0.4531335 0.0792849 0.4632293 0.05267888 0.458738 0.04359763 0.4603713 0.03981006 0.4531335 0.01350426 0.4558001 0.003445684 0.4567829 0.007400393 0.4582521 0.01804572 0.4531336 0.01365256 0.4574612 0.01605594 0.4597567 0.01800465 0.4632316 0.0138626 0.4602337 0.01876568 0.4582521 0.01804572 0.4602337 0.01876568 0.4578954 0.01866102 0.4601817 0.01571518 0.4531336 0.01365256 0.4632316 0.0138626 0.1072583 0.9634522 0.1090479 0.8063247 0.1090479 0.9634522 0.4531335 0.07898849 0.4531335 0.07898849 0.4531335 0.07898849 0.4531335 0.07943308 0.4531335 0.07943308 0.4531335 0.07943308 0.4531335 0.07854396 0.4531335 0.07854396 0.4531335 0.07854396 0.4531335 0.07958126 0.4531335 0.07958126 0.4531335 0.07958126 0.4531335 0.07898849 0.4531335 0.07898849 0.4531335 0.07898849 0.4531335 0.07854396 0.4531335 0.07854396 0.4531335 0.07854396 0.4531335 0.07898849 0.4531335 0.07898849 0.4531335 0.07898849 0.4531335 0.07987761 0.4531335 0.07987761 0.4531335 0.07987761 0.4531335 0.07854396 0.4531335 0.07854396 0.4531335 0.07854396 0.4531335 0.07972943 0.4531335 0.07972943 0.4531335 0.07972943 0.4531335 0.07987761 0.4531335 0.07987761 0.4531335 0.07987761 0.4531335 0.07898849 0.4531335 0.07898849 0.4531335 0.07898849 0.4531335 0.07987761 0.4531335 0.07987761 0.4531335 0.07987761 0.4597151 0.009844958 0.4531335 0.01350426 0.4570043 0.01011312 0.4531335 0.07913666 0.4531335 0.07913666 0.4531335 0.07913666 0.4531335 0.07898849 0.4531335 0.07898849 0.4531335 0.07898849 0.4531335 0.07898849 0.4531335 0.07898849 0.4531335 0.07898849 0.4531335 0.07780301 0.4531335 0.07780301 0.4531335 0.07780301 0.3494437 0.4920699 0.3476541 0.6491973 0.3476541 0.4920699 0.625 0.8750001 0.625 0.8750001 0.625 0.8750001 0.4531335 0.07839578 0.4531335 0.07839578 0.4531335 0.07839578 0.4531335 0.0792849 0.4531335 0.0792849 0.4531335 0.0792849 0.4531335 0.07795119 0.4531335 0.07795119 0.4531335 0.07795119 0.4531335 0.07987761 0.4531335 0.07987761 0.4531335 0.07987761 0.4531335 0.07943308 0.4531335 0.07943308 0.4531335 0.07943308 0.4595825 0.06025642 0.4567917 0.05605876 0.4603083 0.05628871 0.4531335 0.07972943 0.4531335 0.07972943 0.4531335 0.07972943 0.4531335 0.07884031 0.4531335 0.07884031 0.4531335 0.07884031 0.4531335 0.07972943 0.4531335 0.07972943 0.4531335 0.07972943 0.4531335 0.07884031 0.4531335 0.07884031 0.4531335 0.07884031 0.4597151 0.009844958 0.45736 0.008080124 0.4588341 0.007663547 0.4531336 0.01365256 0.4576656 0.02283275 0.4559929 0.02658313 0.4531335 0.0651648 0.4567917 0.05605876 0.457177 0.06013888 0.459086 0.06101459 0.4631868 0.0651648 0.4597745 0.06335967 0.4588341 0.007663547 0.462956 0.01099258 0.4597151 0.009844958 0.4603713 0.03981006 0.4552662 0.04387986 0.4531427 0.04133552 0.4531335 0.07913666 0.4531335 0.07913666 0.4531335 0.07913666 0.1072583 0.6491973 0.1090479 0.4920699 0.1090479 0.6491973 0.07645022 0.6491973 0.0150091 0.8063247 0.0150091 0.6491973 0.4531335 0.0782476 0.4531335 0.0782476 0.4531335 0.0782476 0.4531335 0.07987761 0.4531335 0.07987761 0.4531335 0.07987761 0.4569109 0.06290996 0.459086 0.06101459 0.4597745 0.06335967 0.4531335 0.07943308 0.4531335 0.07943308 0.4531335 0.07943308 0.4531335 0.07943308 0.4531335 0.07943308 0.4531335 0.07943308 0.4531335 0.07987761 0.4531335 0.07987761 0.4531335 0.07987761 0.4531335 0.07898849 0.4531335 0.07898849 0.4531335 0.07898849 0.4531335 0.07809937 0.4531335 0.07809937 0.4531335 0.07809937 0.4623792 0.052827 0.4567917 0.05605876 0.4549888 0.05318552 0.4531335 0.07898849 0.4531335 0.07898849 0.4531335 0.07898849 0.4531335 0.07765483 0.4531335 0.07765483 0.4531335 0.07765483 0.4531335 0.07765483 0.4531335 0.07765483 0.4531335 0.07765483 0.4531335 0.08002579 0.4531335 0.08002579 0.4531335 0.08002579 0.4531335 0.0792849 0.4531335 0.0792849 0.4531335 0.0792849 0.3802519 0.8063247 0.4416937 0.6491973 0.4416937 0.8063247 0.4531335 0.07765483 0.4531335 0.07765483 0.4531335 0.07765483 0.3494437 0.3349424 0.3476541 0.4920699 0.3476541 0.3349424 0.4531335 0.07898849 0.4531335 0.07898849 0.4531335 0.07898849 0.4531335 0.08017396 0.4531335 0.08017396 0.4531335 0.08017396 0.4531335 0.08017396 0.4531335 0.08017396 0.4531335 0.08017396 0.4531335 0.0792849 0.4531335 0.0792849 0.4531335 0.0792849 0.4531335 0.07839578 0.4531335 0.07839578 0.4531335 0.07839578 0.4600462 0.07558864 0.4531336 0.07750666 0.4572584 0.07521003 0.4580386 0.07318174 0.460062 0.07247358 0.4595842 0.07323849 0.4531335 0.07854396 0.4531335 0.07854396 0.4531335 0.07854396 0.4531335 0.08017396 0.4531335 0.08017396 0.4531335 0.08017396 0.4531335 0.07972943 0.4531335 0.07972943 0.4531335 0.07972943 0.4531335 0.08017396 0.4531335 0.08017396 0.4531335 0.08017396 0.4531335 0.07854396 0.4531335 0.07854396 0.4531335 0.07854396 0.4531335 0.07839578 0.4531335 0.07839578 0.4531335 0.07839578 0.4531335 0.07795119 0.4531335 0.07795119 0.4531335 0.07795119 0.4531335 0.05267888 0.4552662 0.04387986 0.4563012 0.04793399 0.4632599 0.07750666 0.4607778 0.06867837 0.4629533 0.06531298 0.458113 0.03112441 0.4632316 0.02673125 0.4584698 0.03173977 0.4580386 0.07318174 0.4531336 0.07750666 0.4576635 0.0725423 0.4531335 0.07972943 0.4531335 0.07972943 0.4531335 0.07972943 0.625 0.8750001 0.625 0.8750001 0.625 0.8750001 0.4531335 0.07809937 0.4531335 0.07809937 0.4531335 0.07809937 0.4531335 0.07987761 0.4531335 0.07987761 0.4531335 0.07987761 0.3494437 0.6491973 0.3476541 0.8063247 0.3476541 0.6491973 0.4531335 0.07958126 0.4531335 0.07958126 0.4531335 0.07958126 0.4563012 0.04793399 0.458738 0.04359763 0.4586688 0.04747653 0.4531335 0.07943308 0.4531335 0.07943308 0.4531335 0.07943308 0.3494437 0.8063247 0.3511382 0.6491973 0.3511382 0.8063247 0.4531335 0.07987761 0.4531335 0.07987761 0.4531335 0.07987761 0.4531335 0.07765483 0.4531335 0.07765483 0.4531335 0.07765483 0.4531336 0.07750666 0.457315 0.06835472 0.4576635 0.0725423 0.4561836 0.02879387 0.458113 0.03112441 0.4566085 0.0310834 0.4531335 0.07765483 0.4531335 0.07765483 0.4531335 0.07765483 0.4531335 0.07943308 0.4531335 0.07943308 0.4531335 0.07943308 0.4531335 0.07765483 0.4531335 0.07765483 0.4531335 0.07765483 0.4531335 0.07958126 0.4531335 0.07958126 0.4531335 0.07958126 0.4531335 0.08002579 0.4531335 0.08002579 0.4531335 0.08002579 0.07645022 0.3349424 0.0150091 0.4920699 0.0150091 0.3349424 0.4531335 0.07765483 0.4531335 0.07765483 0.4531335 0.07765483 0.4531335 0.07958126 0.4531335 0.07958126 0.4531335 0.07958126 0.4531335 0.07943308 0.4531335 0.07943308 0.4531335 0.07943308 0.4531335 0.07780301 0.4531335 0.07780301 0.4531335 0.07780301 0.4531335 0.07795119 0.4531335 0.07795119 0.4531335 0.07795119 0.4531335 0.08017396 0.4531335 0.08017396 0.4531335 0.08017396 0.4531335 0.07972943 0.4531335 0.07972943 0.4531335 0.07972943 0.4531335 0.07795119 0.4531335 0.07795119 0.4531335 0.07795119 0.4552382 0.03570491 0.4603723 0.03966188 0.4531336 0.03825974 0.4531335 0.07809937 0.4531335 0.07809937 0.4531335 0.07809937 0.4591088 0.007022917 0.4558001 0.003445684 0.4592443 0.002982676 0.4531335 0.07795119 0.4531335 0.07795119 0.4531335 0.07795119 0.4531335 0.08017396 0.4531335 0.08017396 0.4531335 0.08017396 0.4531335 0.0792849 0.4531335 0.0792849 0.4531335 0.0792849 0.4592443 0.002982676 0.453404 7.4117e-5 0.4607918 7.41173e-5 0.4531335 0.07884031 0.4531335 0.07884031 0.4531335 0.07884031 0.625 0.8750001 0.625 0.8750001 0.625 0.8750001 0.462956 0.01099258 0.4592443 0.002982676 0.4607918 7.41173e-5 0.4567597 0.04851084 0.4531335 0.05267888 0.4563012 0.04793399 0.4531335 0.07943308 0.4531335 0.07943308 0.4531335 0.07943308 0.4575259 0.06075328 0.4595825 0.06025642 0.459086 0.06101459 0.4561836 0.02879387 0.4632316 0.02673125 0.458904 0.02913463 0.167496 0.1778149 0.1090479 0.02068752 0.167496 0.02068752 0.2271475 0.4920699 0.1699026 0.6491973 0.1699026 0.4920699 0.3785574 0.6491973 0.3511382 0.8063247 0.3511382 0.6491973 0.3785574 0.3349424 0.3511382 0.4920699 0.3511382 0.3349424 0.1055638 0.8063247 0.07814472 0.6491973 0.1055638 0.6491973 0.2867991 0.6491973 0.2295541 0.4920699 0.2867991 0.4920699 0.3785574 0.1778149 0.3511382 0.3349424 0.3511382 0.1778149 0.2271475 0.02068752 0.1699026 0.1778149 0.1699026 0.02068752 0.2867991 0.6491973 0.2892057 0.4920699 0.2892057 0.6491973 0.3785574 0.02068752 0.3511382 0.1778149 0.3511382 0.02068752 0.167496 0.8063247 0.1090479 0.6491973 0.167496 0.6491973 0.167496 0.4920699 0.1090479 0.6491973 0.1090479 0.4920699 0.3476541 0.4920699 0.2892057 0.3349424 0.3476541 0.3349424 0.167496 0.4920699 0.1090479 0.3349424 0.167496 0.3349424 0.4531335 0.07765483 0.4531335 0.07765483 0.4531335 0.07765483 0.1055638 0.3349424 0.07814472 0.4920699 0.07814472 0.3349424 0.167496 0.8063247 0.1090479 0.9634522 0.1090479 0.8063247 0.3476541 0.1778149 0.2892057 0.02068752 0.3476541 0.02068752 0.3476541 0.1778149 0.2892057 0.3349424 0.2892057 0.1778149 0.2867991 0.3349424 0.2295541 0.4920699 0.2295541 0.3349424 0.4531335 0.07898849 0.4531335 0.07898849 0.4531335 0.07898849 0.4531335 0.07780301 0.4531335 0.07780301 0.4531335 0.07780301 0.3476541 0.8063247 0.2892057 0.6491973 0.3476541 0.6491973 0.167496 0.1778149 0.1090479 0.3349424 0.1090479 0.1778149 0.2271475 0.8063247 0.1699026 0.9634522 0.1699026 0.8063247 0.3476541 0.4920699 0.2892057 0.6491973 0.2892057 0.4920699 0.3476541 0.8063247 0.2892057 0.9634522 0.2892057 0.8063247 0.2867991 0.1778149 0.2295541 0.3349424 0.2295541 0.1778149 0.2867991 0.02068752 0.2295541 0.1778149 0.2295541 0.02068752 0.2271475 0.1778149 0.1699026 0.3349424 0.1699026 0.1778149 0.2867991 0.8063247 0.2295541 0.6491973 0.2867991 0.6491973 0.3802519 0.4920699 0.4416937 0.3349424 0.4416937 0.4920699 0.4531335 0.07780301 0.4531335 0.07780301 0.4531335 0.07780301 0.3494437 0.1778149 0.3476541 0.3349424 0.3476541 0.1778149 0.07814472 0.8063247 0.1055638 0.9634522 0.07814472 0.9634522 0.4531335 0.07958126 0.4531335 0.07958126 0.4531335 0.07958126 0.4531335 0.07869213 0.4531335 0.07869213 0.4531335 0.07869213 0.1072583 0.8063247 0.1090479 0.6491973 0.1090479 0.8063247 0.2867991 0.1778149 0.2892057 0.02068752 0.2892057 0.1778149 0.3785574 0.8063247 0.3511382 0.9634522 0.3511382 0.8063247 0.0150091 0.8063247 0.07645022 0.9634522 0.0150091 0.9634522 0.2271475 0.3349424 0.1699026 0.4920699 0.1699026 0.3349424 0.4531335 0.07943308 0.4531335 0.07943308 0.4531335 0.07943308 0.2271475 0.6491973 0.1699026 0.8063247 0.1699026 0.6491973 0.4531335 0.07765483 0.4531335 0.07765483 0.4531335 0.07765483 0.3785574 0.4920699 0.3511382 0.6491973 0.3511382 0.4920699 0.4416937 0.6491973 0.3802519 0.4920699 0.4416937 0.4920699 0.4531335 0.07809937 0.4531335 0.07809937 0.4531335 0.07809937 0.4531335 0.0782476 0.4531335 0.0782476 0.4531335 0.0782476 0.4531335 0.07943308 0.4531335 0.07943308 0.4531335 0.07943308 0.4531335 0.07913666 0.4531335 0.07913666 0.4531335 0.07913666 0.1055638 0.6491973 0.07814472 0.4920699 0.1055638 0.4920699 0.4531335 0.07854396 0.4531335 0.07854396 0.4531335 0.07854396 0.4531335 0.07913666 0.4531335 0.07913666 0.4531335 0.07913666 0.4531335 0.07987761 0.4531335 0.07987761 0.4531335 0.07987761 0.07645022 0.1778149 0.0150091 0.3349424 0.0150091 0.1778149 0.3785574 0.3349424 0.3802519 0.4920699 0.3785574 0.4920699 0.1055638 0.8063247 0.1072583 0.6491973 0.1072583 0.8063247 0.1055638 0.3349424 0.1072583 0.4920699 0.1055638 0.4920699 0.07645022 0.8063247 0.07814472 0.9634522 0.07645022 0.9634522 0.07645022 0.3349424 0.07814472 0.4920699 0.07645022 0.4920699 0.3494437 0.1778149 0.3511382 0.02068752 0.3511382 0.1778149 0.3494437 0.8063247 0.3511382 0.9634522 0.3494437 0.9634522 0.07645022 0.6491973 0.07814472 0.8063247 0.07645022 0.8063247 0.1055638 0.1778149 0.1072583 0.02068752 0.1072583 0.1778149 0.3494437 0.3349424 0.3511382 0.4920699 0.3494437 0.4920699 0.3494437 0.1778149 0.3511382 0.3349424 0.3494437 0.3349424 0.4531335 0.07884031 0.4531335 0.07884031 0.4531335 0.07884031 0.3785574 0.1778149 0.3802519 0.3349424 0.3785574 0.3349424 0.1072583 0.4920699 0.1055638 0.6491973 0.1055638 0.4920699 0.1055638 0.3349424 0.1072583 0.1778149 0.1072583 0.3349424 0.07645022 0.6491973 0.07814472 0.4920699 0.07814472 0.6491973 0.3785574 0.4920699 0.3802519 0.6491973 0.3785574 0.6491973 0.3785574 0.02068752 0.3802519 0.1778149 0.3785574 0.1778149 0.3785574 0.8063247 0.3802519 0.9634522 0.3785574 0.9634522 0.1055638 0.9634522 0.1072583 0.8063247 0.1072583 0.9634522 0.3494437 0.6491973 0.3511382 0.4920699 0.3511382 0.6491973 0.3785574 0.6491973 0.3802519 0.8063247 0.3785574 0.8063247 0.07645022 0.3349424 0.07814472 0.1778149 0.07814472 0.3349424 0.07645022 0.1778149 0.07814472 0.02068752 0.07814472 0.1778149 0.07645022 0.4920699 0.0150091 0.6491973 0.0150091 0.4920699 0.167496 0.8063247 0.1699026 0.9634522 0.167496 0.9634522 0.2867991 0.8063247 0.2892057 0.6491973 0.2892057 0.8063247 0.167496 0.3349424 0.1699026 0.4920699 0.167496 0.4920699 0.167496 0.6491973 0.1699026 0.4920699 0.1699026 0.6491973 0.2271475 0.4920699 0.2295541 0.6491973 0.2271475 0.6491973 0.1055638 0.3349424 0.07814472 0.1778149 0.1055638 0.1778149 0.167496 0.8063247 0.1699026 0.6491973 0.1699026 0.8063247 0.2271475 0.6491973 0.2295541 0.8063247 0.2271475 0.8063247 0.2271475 0.1778149 0.2295541 0.3349424 0.2271475 0.3349424 0.167496 0.02068752 0.1699026 0.1778149 0.167496 0.1778149 0.4575259 0.06075328 0.4531335 0.0651648 0.457177 0.06013888 0.167496 0.1778149 0.1699026 0.3349424 0.167496 0.3349424 0.2271475 0.9634522 0.2295541 0.8063247 0.2295541 0.9634522 0.1055638 0.1778149 0.07814472 0.02068752 0.1055638 0.02068752 0.2271475 0.3349424 0.2295541 0.4920699 0.2271475 0.4920699 0.2867991 0.3349424 0.2892057 0.4920699 0.2867991 0.4920699 0.2867991 0.1778149 0.2892057 0.3349424 0.2867991 0.3349424 0.2867991 0.8063247 0.2892057 0.9634522 0.2867991 0.9634522 0.2295541 0.8063247 0.2867991 0.9634522 0.2295541 0.9634522 0.4416937 0.8063247 0.3802519 0.9634522 0.3802519 0.8063247 0.3476541 0.8063247 0.3494437 0.9634522 0.3476541 0.9634522 0.625 0.8750001 0.625 0.8750001 0.625 0.8750001 0.4531335 0.07884031 0.4531335 0.07884031 0.4531335 0.07884031 0.625 0.8750001 0.625 0.8750001 0.625 0.8750001 0.625 0.8750001 0.625 0.8750001 0.625 0.8750001 0.625 0.8750001 0.625 0.8750001 0.625 0.8750001 0.625 0.8750001 0.625 0.8750001 0.625 0.8750001 0.4531335 0.07972943 0.4531335 0.07972943 0.4531335 0.07972943 0.625 0.8750001 0.625 0.8750001 0.625 0.8750001 0.625 0.8750001 0.625 0.8750001 0.625 0.8750001 0.625 0.8750001 0.625 0.8750001 0.625 0.8750001 0.625 0.8750001 0.625 0.8750001 0.625 0.8750001 0.625 0.8750001 0.625 0.8750001 0.625 0.8750001 0.625 0.8750001 0.625 0.8750001 0.625 0.8750001 0.625 0.8750001 0.625 0.8750001 0.625 0.8750001 0.625 0.8750001 0.625 0.8750001 0.625 0.8750001 0.625 0.8750001 0.625 0.8750001 0.625 0.8750001 0.4531335 0.07839578 0.4531335 0.07839578 0.4531335 0.07839578 0.625 0.8750001 0.625 0.8750001 0.625 0.8750001 0.625 0.8750001 0.625 0.8750001 0.625 0.8750001 0.625 0.8750001 0.625 0.8750001 0.625 0.8750001 0.625 0.8750001 0.625 0.8750001 0.625 0.8750001 0.625 0.8750001 0.625 0.8750001 0.625 0.8750001 0.625 0.8750001 0.625 0.8750001 0.625 0.8750001 0.625 0.8750001 0.625 0.8750001 0.625 0.8750001 0.625 0.8750001 0.625 0.8750001 0.625 0.8750001 0.4531335 0.07972943 0.4531335 0.07972943 0.4531335 0.07972943 0.4590033 0.05037522 0.4567597 0.04851084 0.4582932 0.04832333 0.625 0.8750001 0.625 0.8750001 0.625 0.8750001 0.625 0.8750001 0.625 0.8750001 0.625 0.8750001 0.625 0.8750001 0.625 0.8750001 0.625 0.8750001 0.625 0.8750001 0.625 0.8750001 0.625 0.8750001 0.625 0.8750001 0.625 0.8750001 0.625 0.8750001 0.625 0.8750001 0.625 0.8750001 0.625 0.8750001 0.625 0.8750001 0.625 0.8750001 0.625 0.8750001 0.625 0.8750001 0.625 0.8750001 0.625 0.8750001 0.625 0.8750001 0.625 0.8750001 0.625 0.8750001 0.625 0.8750001 0.625 0.8750001 0.625 0.8750001 0.625 0.8750001 0.625 0.8750001 0.625 0.8750001 0.625 0.8750001 0.625 0.8750001 0.625 0.8750001 0.625 0.8750001 0.625 0.8750001 0.625 0.8750001 0.625 0.8750001 0.625 0.8750001 0.625 0.8750001 0.625 0.8750001 0.625 0.8750001 0.625 0.8750001 0.4531335 0.07765483 0.4531335 0.07765483 0.4531335 0.07765483 0.4531335 0.07913666 0.4531335 0.07913666 0.4531335 0.07913666 0.4531335 0.07869213 0.4531335 0.07869213 0.4531335 0.07869213 0.4531335 0.0782476 0.4531335 0.0782476 0.4531335 0.0782476 0.4531335 0.07854396 0.4531335 0.07854396 0.4531335 0.07854396 0.4531335 0.0782476 0.4531335 0.0782476 0.4531335 0.0782476 0.4531335 0.07809937 0.4531335 0.07809937 0.4531335 0.07809937 0.4531335 0.07898849 0.4531335 0.07898849 0.4531335 0.07898849 0.4531335 0.07765483 0.4531335 0.07765483 0.4531335 0.07765483 0.4531335 0.07765483 0.4531335 0.07765483 0.4531335 0.07765483 0.4531335 0.07943308 0.4531335 0.07943308 0.4531335 0.07943308 0.4531335 0.07795119 0.4531335 0.07795119 0.4531335 0.07795119 0.4531335 0.07943308 0.4531335 0.07943308 0.4531335 0.07943308 0.4531335 0.07854396 0.4531335 0.07854396 0.4531335 0.07854396 0.4531335 0.07943308 0.4531335 0.07943308 0.4531335 0.07943308 0.4531335 0.07987761 0.4531335 0.07987761 0.4531335 0.07987761 0.4531335 0.07780301 0.4531335 0.07780301 0.4531335 0.07780301 0.1072583 0.3349424 0.1072583 0.1778149 0.1090479 0.1778149 0.07645022 0.02068752 0.07645022 0.1778149 0.0150091 0.1778149 0.4531335 0.07780301 0.4531335 0.07780301 0.4531335 0.07780301 0.4531335 0.07869213 0.4531335 0.07869213 0.4531335 0.07869213 0.625 0.8750001 0.625 0.8750001 0.625 0.8750001 0.4531335 0.0792849 0.4531335 0.0792849 0.4531335 0.0792849 0.2271475 0.02068752 0.2295541 0.02068752 0.2295541 0.1778149 0.4531335 0.07972943 0.4531335 0.07972943 0.4531335 0.07972943 0.4531335 0.0792849 0.4531335 0.0792849 0.4531335 0.0792849 0.4531335 0.08017396 0.4531335 0.08017396 0.4531335 0.08017396 0.4531335 0.0792849 0.4531335 0.0792849 0.4531335 0.0792849 0.4531335 0.07884031 0.4531335 0.07884031 0.4531335 0.07884031 0.4531335 0.07795119 0.4531335 0.07795119 0.4531335 0.07795119 0.4531335 0.07884031 0.4531335 0.07884031 0.4531335 0.07884031 0.4531335 0.08017396 0.4531335 0.08017396 0.4531335 0.08017396 0.4531335 0.0782476 0.4531335 0.0782476 0.4531335 0.0782476 0.4531335 0.07958126 0.4531335 0.07958126 0.4531335 0.07958126 0.4632316 0.0138626 0.4632316 0.02518099 0.461127 0.02262616 0.4631868 0.0651648 0.4595825 0.06025642 0.4603083 0.05628871 0.45736 0.008080124 0.4570043 0.01011312 0.4531335 0.01350426 0.4595842 0.07323849 0.460062 0.07247358 0.4632599 0.07750666 0.4567597 0.04851084 0.4563012 0.04793399 0.4586688 0.04747653 0.4531335 0.07795119 0.4531335 0.07795119 0.4531335 0.07795119 0.4531335 0.08002579 0.4531335 0.08002579 0.4531335 0.08002579 0.4531335 0.08002579 0.4531335 0.08002579 0.4531335 0.08002579 0.4531335 0.07869213 0.4531335 0.07869213 0.4531335 0.07869213 0.4531335 0.07913666 0.4531335 0.07913666 0.4531335 0.07913666 0.4600462 0.07558864 0.4572584 0.07521003 0.4580386 0.07318174 0.4531335 0.07854396 0.4531335 0.07854396 0.4531335 0.07854396 0.4531335 0.07854396 0.4531335 0.07854396 0.4531335 0.07854396 0.4531335 0.07854396 0.4531335 0.07854396 0.4531335 0.07854396 0.4531335 0.07854396 0.4531335 0.07854396 0.4531335 0.07854396 0.4531335 0.07765483 0.4531335 0.07765483 0.4531335 0.07765483 0.458113 0.03112441 0.4584698 0.03173977 0.4561315 0.03184443 0.4531335 0.07854396 0.4531335 0.07854396 0.4531335 0.07854396 0.4531335 0.07809937 0.4531335 0.07809937 0.4531335 0.07809937 0.4531335 0.07987761 0.4531335 0.07987761 0.4531335 0.07987761 0.4531335 0.07869213 0.4531335 0.07869213 0.4531335 0.07869213 0.4531335 0.07869213 0.4531335 0.07869213 0.4531335 0.07869213 0.4531335 0.07809937 0.4531335 0.07809937 0.4531335 0.07809937 0.4531335 0.07809937 0.4531335 0.07809937 0.4531335 0.07809937 0.4531335 0.08002579 0.4531335 0.08002579 0.4531335 0.08002579 0.4531335 0.08002579 0.4531335 0.08002579 0.4531335 0.08002579 0.4531335 0.07884031 0.4531335 0.07884031 0.4531335 0.07884031 0.4531335 0.07898849 0.4531335 0.07898849 0.4531335 0.07898849 0.4531335 0.08017396 0.4531335 0.08017396 0.4531335 0.08017396 0.4531335 0.07884031 0.4531335 0.07884031 0.4531335 0.07884031 0.4531335 0.07839578 0.4531335 0.07839578 0.4531335 0.07839578 0.4531335 0.07898849 0.4531335 0.07898849 0.4531335 0.07898849 0.4531335 0.07765483 0.4531335 0.07765483 0.4531335 0.07765483 0.4531335 0.07884031 0.4531335 0.07884031 0.4531335 0.07884031 0.4531335 0.0792849 0.4531335 0.0792849 0.4531335 0.0792849 0.4531335 0.0792849 0.4531335 0.0792849 0.4531335 0.0792849 0.4576635 0.0725423 0.457315 0.06835472 0.4607778 0.06867837 0.4590033 0.05037522 0.4632293 0.05267888 0.4531335 0.05267888 0.4561315 0.03184443 0.4584698 0.03173977 0.4586995 0.0359115 0.4632316 0.02673125 0.4603723 0.03966188 0.4586995 0.0359115 0.4531337 0.02694135 0.4561315 0.03184443 0.4552382 0.03570491 0.4582932 0.04832333 0.4586688 0.04747653 0.4632293 0.05267888 0.4566085 0.0310834 0.4561315 0.03184443 0.4531337 0.02694135 0.4588341 0.007663547 0.45736 0.008080124 0.4567829 0.007400393 0.4531335 0.07795119 0.4531335 0.07795119 0.4531335 0.07795119 0.3494437 0.02068752 0.3494437 0.1778149 0.3476541 0.1778149 0.3802519 0.1778149 0.3802519 0.02068752 0.4416937 0.02068752 0.4416937 0.3349424 0.3802519 0.3349424 0.3802519 0.1778149 0.4531335 0.07987761 0.4531335 0.07987761 0.4531335 0.07987761 0.4531335 0.07809937 0.4531335 0.07809937 0.4531335 0.07809937 0.4531335 0.07809937 0.4531335 0.07809937 0.4531335 0.07809937 0.4531335 0.07987761 0.4531335 0.07987761 0.4531335 0.07987761 0.4531335 0.07898849 0.4531335 0.07898849 0.4531335 0.07898849 0.4531335 0.07987761 0.4531335 0.07987761 0.4531335 0.07987761 0.4531335 0.07809937 0.4531335 0.07809937 0.4531335 0.07809937 0.4531335 0.08017396 0.4531335 0.08017396 0.4531335 0.08017396 0.4531335 0.07809937 0.4531335 0.07809937 0.4531335 0.07809937 0.4531335 0.07809937 0.4531335 0.07809937 0.4531335 0.07809937 0.4531335 0.07809937 0.4531335 0.07809937 0.4531335 0.07809937 0.4531335 0.0782476 0.4531335 0.0782476 0.4531335 0.0782476 0.4602337 0.01876568 0.461127 0.02262616 0.4576656 0.02283275 0.4531335 0.07943308 0.4531335 0.07943308 0.4531335 0.07943308 0.4531335 0.07854396 0.4531335 0.07854396 0.4531335 0.07854396 0.1072583 0.4920699 0.1072583 0.3349424 0.1090479 0.3349424 0.1072583 0.1778149 0.1072583 0.02068752 0.1090479 0.02068752 0.625 0.8750001 0.625 0.8750001 0.625 0.8750001 0.4629533 0.06531298 0.4607778 0.06867837 0.457315 0.06835472 0.4531335 0.07795119 0.4531335 0.07795119 0.4531335 0.07795119 0.4531335 0.07839578 0.4531335 0.07839578 0.4531335 0.07839578 0.4597745 0.06335967 0.4631868 0.0651648 0.4531335 0.0651648 0.4531335 0.07839578 0.4531335 0.07839578 0.4531335 0.07839578 0.4531335 0.07839578 0.4531335 0.07839578 0.4531335 0.07839578 0.4531335 0.07972943 0.4531335 0.07972943 0.4531335 0.07972943 0.4531335 0.07839578 0.4531335 0.07839578 0.4531335 0.07839578 0.4531335 0.07839578 0.4531335 0.07839578 0.4531335 0.07839578 0.4601817 0.01571518 0.4597567 0.01800465 0.4582521 0.01804572 0.4559929 0.02658313 0.4576656 0.02283275 0.461127 0.02262616 0.4531335 0.0792849 0.4531335 0.0792849 0.4531335 0.0792849 0.4632293 0.05267888 0.4586688 0.04747653 0.458738 0.04359763 0.4531335 0.01350426 0.453404 7.4117e-5 0.4558001 0.003445684 0.4582521 0.01804572 0.4578954 0.01866102 0.4531336 0.01365256 0.4597567 0.01800465 0.4601817 0.01571518 0.4632316 0.0138626 0.4582521 0.01804572 0.4597567 0.01800465 0.4602337 0.01876568 0.4601817 0.01571518 0.4574612 0.01605594 0.4531336 0.01365256 0.1072583 0.9634522 0.1072583 0.8063247 0.1090479 0.8063247 0.4531335 0.07898849 0.4531335 0.07898849 0.4531335 0.07898849 0.4531335 0.07943308 0.4531335 0.07943308 0.4531335 0.07943308 0.4531335 0.07854396 0.4531335 0.07854396 0.4531335 0.07854396 0.4531335 0.07958126 0.4531335 0.07958126 0.4531335 0.07958126 0.4531335 0.07898849 0.4531335 0.07898849 0.4531335 0.07898849 0.4531335 0.07854396 0.4531335 0.07854396 0.4531335 0.07854396 0.4531335 0.07898849 0.4531335 0.07898849 0.4531335 0.07898849 0.4531335 0.07987761 0.4531335 0.07987761 0.4531335 0.07987761 0.4531335 0.07854396 0.4531335 0.07854396 0.4531335 0.07854396 0.4531335 0.07972943 0.4531335 0.07972943 0.4531335 0.07972943 0.4531335 0.07987761 0.4531335 0.07987761 0.4531335 0.07987761 0.4531335 0.07898849 0.4531335 0.07898849 0.4531335 0.07898849 0.4531335 0.07987761 0.4531335 0.07987761 0.4531335 0.07987761 0.4597151 0.009844958 0.462956 0.01099258 0.4531335 0.01350426 0.4531335 0.07913666 0.4531335 0.07913666 0.4531335 0.07913666 0.4531335 0.07898849 0.4531335 0.07898849 0.4531335 0.07898849 0.4531335 0.07898849 0.4531335 0.07898849 0.4531335 0.07898849 0.4531335 0.07780301 0.4531335 0.07780301 0.4531335 0.07780301 0.3494437 0.4920699 0.3494437 0.6491973 0.3476541 0.6491973 0.625 0.8750001 0.625 0.8750001 0.625 0.8750001 0.4531335 0.07839578 0.4531335 0.07839578 0.4531335 0.07839578 0.4531335 0.0792849 0.4531335 0.0792849 0.4531335 0.0792849 0.4531335 0.07795119 0.4531335 0.07795119 0.4531335 0.07795119 0.4531335 0.07987761 0.4531335 0.07987761 0.4531335 0.07987761 0.4531335 0.07943308 0.4531335 0.07943308 0.4531335 0.07943308 0.4595825 0.06025642 0.457177 0.06013888 0.4567917 0.05605876 0.4531335 0.07972943 0.4531335 0.07972943 0.4531335 0.07972943 0.4531335 0.07884031 0.4531335 0.07884031 0.4531335 0.07884031 0.4531335 0.07972943 0.4531335 0.07972943 0.4531335 0.07972943 0.4531335 0.07884031 0.4531335 0.07884031 0.4531335 0.07884031 0.4597151 0.009844958 0.4570043 0.01011312 0.45736 0.008080124 0.4531336 0.01365256 0.4578954 0.01866102 0.4576656 0.02283275 0.4531335 0.0651648 0.4549888 0.05318552 0.4567917 0.05605876 0.459086 0.06101459 0.4595825 0.06025642 0.4631868 0.0651648 0.4588341 0.007663547 0.4591088 0.007022917 0.462956 0.01099258 0.4603713 0.03981006 0.458738 0.04359763 0.4552662 0.04387986 0.4531335 0.07913666 0.4531335 0.07913666 0.4531335 0.07913666 0.1072583 0.6491973 0.1072583 0.4920699 0.1090479 0.4920699 0.07645022 0.6491973 0.07645022 0.8063247 0.0150091 0.8063247 0.4531335 0.0782476 0.4531335 0.0782476 0.4531335 0.0782476 0.4531335 0.07987761 0.4531335 0.07987761 0.4531335 0.07987761 0.4569109 0.06290996 0.4575259 0.06075328 0.459086 0.06101459 0.4531335 0.07943308 0.4531335 0.07943308 0.4531335 0.07943308 0.4531335 0.07943308 0.4531335 0.07943308 0.4531335 0.07943308 0.4531335 0.07987761 0.4531335 0.07987761 0.4531335 0.07987761 0.4531335 0.07898849 0.4531335 0.07898849 0.4531335 0.07898849 0.4531335 0.07809937 0.4531335 0.07809937 0.4531335 0.07809937 0.4623792 0.052827 0.4603083 0.05628871 0.4567917 0.05605876 0.4531335 0.07898849 0.4531335 0.07898849 0.4531335 0.07898849 0.4531335 0.07765483 0.4531335 0.07765483 0.4531335 0.07765483 0.4531335 0.07765483 0.4531335 0.07765483 0.4531335 0.07765483 0.4531335 0.08002579 0.4531335 0.08002579 0.4531335 0.08002579 0.4531335 0.0792849 0.4531335 0.0792849 0.4531335 0.0792849 0.3802519 0.8063247 0.3802519 0.6491973 0.4416937 0.6491973 0.4531335 0.07765483 0.4531335 0.07765483 0.4531335 0.07765483 0.3494437 0.3349424 0.3494437 0.4920699 0.3476541 0.4920699 0.4531335 0.07898849 0.4531335 0.07898849 0.4531335 0.07898849 0.4531335 0.08017396 0.4531335 0.08017396 0.4531335 0.08017396 0.4531335 0.08017396 0.4531335 0.08017396 0.4531335 0.08017396 0.4531335 0.0792849 0.4531335 0.0792849 0.4531335 0.0792849 0.4531335 0.07839578 0.4531335 0.07839578 0.4531335 0.07839578 0.4600462 0.07558864 0.4632599 0.07750666 0.4531336 0.07750666 0.4580386 0.07318174 0.4576635 0.0725423 0.460062 0.07247358 0.4531335 0.07854396 0.4531335 0.07854396 0.4531335 0.07854396 0.4531335 0.08017396 0.4531335 0.08017396 0.4531335 0.08017396 0.4531335 0.07972943 0.4531335 0.07972943 0.4531335 0.07972943 0.4531335 0.08017396 0.4531335 0.08017396 0.4531335 0.08017396 0.4531335 0.07854396 0.4531335 0.07854396 0.4531335 0.07854396 0.4531335 0.07839578 0.4531335 0.07839578 0.4531335 0.07839578 0.4531335 0.07795119 0.4531335 0.07795119 0.4531335 0.07795119 0.4531335 0.05267888 0.4531427 0.04133552 0.4552662 0.04387986 0.4632599 0.07750666 0.460062 0.07247358 0.4607778 0.06867837 0.458113 0.03112441 0.458904 0.02913463 0.4632316 0.02673125 0.4580386 0.07318174 0.4572584 0.07521003 0.4531336 0.07750666 0.4531335 0.07972943 0.4531335 0.07972943 0.4531335 0.07972943 0.625 0.8750001 0.625 0.8750001 0.625 0.8750001 0.4531335 0.07809937 0.4531335 0.07809937 0.4531335 0.07809937 0.4531335 0.07987761 0.4531335 0.07987761 0.4531335 0.07987761 0.3494437 0.6491973 0.3494437 0.8063247 0.3476541 0.8063247 0.4531335 0.07958126 0.4531335 0.07958126 0.4531335 0.07958126 0.4563012 0.04793399 0.4552662 0.04387986 0.458738 0.04359763 0.4531335 0.07943308 0.4531335 0.07943308 0.4531335 0.07943308 0.3494437 0.8063247 0.3494437 0.6491973 0.3511382 0.6491973 0.4531335 0.07987761 0.4531335 0.07987761 0.4531335 0.07987761 0.4531335 0.07765483 0.4531335 0.07765483 0.4531335 0.07765483 0.4531336 0.07750666 0.4556136 0.06542223 0.457315 0.06835472 0.4561836 0.02879387 0.458904 0.02913463 0.458113 0.03112441 0.4531335 0.07765483 0.4531335 0.07765483 0.4531335 0.07765483 0.4531335 0.07943308 0.4531335 0.07943308 0.4531335 0.07943308 0.4531335 0.07765483 0.4531335 0.07765483 0.4531335 0.07765483 0.4531335 0.07958126 0.4531335 0.07958126 0.4531335 0.07958126 0.4531335 0.08002579 0.4531335 0.08002579 0.4531335 0.08002579 0.07645022 0.3349424 0.07645022 0.4920699 0.0150091 0.4920699 0.4531335 0.07765483 0.4531335 0.07765483 0.4531335 0.07765483 0.4531335 0.07958126 0.4531335 0.07958126 0.4531335 0.07958126 0.4531335 0.07943308 0.4531335 0.07943308 0.4531335 0.07943308 0.4531335 0.07780301 0.4531335 0.07780301 0.4531335 0.07780301 0.4531335 0.07795119 0.4531335 0.07795119 0.4531335 0.07795119 0.4531335 0.08017396 0.4531335 0.08017396 0.4531335 0.08017396 0.4531335 0.07972943 0.4531335 0.07972943 0.4531335 0.07972943 0.4531335 0.07795119 0.4531335 0.07795119 0.4531335 0.07795119 0.4552382 0.03570491 0.4586995 0.0359115 0.4603723 0.03966188 0.4531335 0.07809937 0.4531335 0.07809937 0.4531335 0.07809937 0.4591088 0.007022917 0.4567829 0.007400393 0.4558001 0.003445684 0.4531335 0.07795119 0.4531335 0.07795119 0.4531335 0.07795119 0.4531335 0.08017396 0.4531335 0.08017396 0.4531335 0.08017396 0.4531335 0.0792849 0.4531335 0.0792849 0.4531335 0.0792849 0.4592443 0.002982676 0.4558001 0.003445684 0.453404 7.4117e-5 0.4531335 0.07884031 0.4531335 0.07884031 0.4531335 0.07884031 0.625 0.8750001 0.625 0.8750001 0.625 0.8750001 0.462956 0.01099258 0.4591088 0.007022917 0.4592443 0.002982676 0.4567597 0.04851084 0.4562147 0.05085748 0.4531335 0.05267888 0.4531335 0.07943308 0.4531335 0.07943308 0.4531335 0.07943308 0.4575259 0.06075328 0.457177 0.06013888 0.4595825 0.06025642 0.4561836 0.02879387 0.4531337 0.02694135 0.4632316 0.02673125 0.167496 0.1778149 0.1090479 0.1778149 0.1090479 0.02068752 0.2271475 0.4920699 0.2271475 0.6491973 0.1699026 0.6491973 0.3785574 0.6491973 0.3785574 0.8063247 0.3511382 0.8063247 0.3785574 0.3349424 0.3785574 0.4920699 0.3511382 0.4920699 0.1055638 0.8063247 0.07814472 0.8063247 0.07814472 0.6491973 0.2867991 0.6491973 0.2295541 0.6491973 0.2295541 0.4920699 0.3785574 0.1778149 0.3785574 0.3349424 0.3511382 0.3349424 0.2271475 0.02068752 0.2271475 0.1778149 0.1699026 0.1778149 0.2867991 0.6491973 0.2867991 0.4920699 0.2892057 0.4920699 0.3785574 0.02068752 0.3785574 0.1778149 0.3511382 0.1778149 0.167496 0.8063247 0.1090479 0.8063247 0.1090479 0.6491973 0.167496 0.4920699 0.167496 0.6491973 0.1090479 0.6491973 0.3476541 0.4920699 0.2892057 0.4920699 0.2892057 0.3349424 0.167496 0.4920699 0.1090479 0.4920699 0.1090479 0.3349424 0.4531335 0.07765483 0.4531335 0.07765483 0.4531335 0.07765483 0.1055638 0.3349424 0.1055638 0.4920699 0.07814472 0.4920699 0.167496 0.8063247 0.167496 0.9634522 0.1090479 0.9634522 0.3476541 0.1778149 0.2892057 0.1778149 0.2892057 0.02068752 0.3476541 0.1778149 0.3476541 0.3349424 0.2892057 0.3349424 0.2867991 0.3349424 0.2867991 0.4920699 0.2295541 0.4920699 0.4531335 0.07898849 0.4531335 0.07898849 0.4531335 0.07898849 0.4531335 0.07780301 0.4531335 0.07780301 0.4531335 0.07780301 0.3476541 0.8063247 0.2892057 0.8063247 0.2892057 0.6491973 0.167496 0.1778149 0.167496 0.3349424 0.1090479 0.3349424 0.2271475 0.8063247 0.2271475 0.9634522 0.1699026 0.9634522 0.3476541 0.4920699 0.3476541 0.6491973 0.2892057 0.6491973 0.3476541 0.8063247 0.3476541 0.9634522 0.2892057 0.9634522 0.2867991 0.1778149 0.2867991 0.3349424 0.2295541 0.3349424 0.2867991 0.02068752 0.2867991 0.1778149 0.2295541 0.1778149 0.2271475 0.1778149 0.2271475 0.3349424 0.1699026 0.3349424 0.2867991 0.8063247 0.2295541 0.8063247 0.2295541 0.6491973 0.3802519 0.4920699 0.3802519 0.3349424 0.4416937 0.3349424 0.4531335 0.07780301 0.4531335 0.07780301 0.4531335 0.07780301 0.3494437 0.1778149 0.3494437 0.3349424 0.3476541 0.3349424 0.07814472 0.8063247 0.1055638 0.8063247 0.1055638 0.9634522 0.4531335 0.07958126 0.4531335 0.07958126 0.4531335 0.07958126 0.4531335 0.07869213 0.4531335 0.07869213 0.4531335 0.07869213 0.1072583 0.8063247 0.1072583 0.6491973 0.1090479 0.6491973 0.2867991 0.1778149 0.2867991 0.02068752 0.2892057 0.02068752 0.3785574 0.8063247 0.3785574 0.9634522 0.3511382 0.9634522 0.0150091 0.8063247 0.07645022 0.8063247 0.07645022 0.9634522 0.2271475 0.3349424 0.2271475 0.4920699 0.1699026 0.4920699 0.4531335 0.07943308 0.4531335 0.07943308 0.4531335 0.07943308 0.2271475 0.6491973 0.2271475 0.8063247 0.1699026 0.8063247 0.4531335 0.07765483 0.4531335 0.07765483 0.4531335 0.07765483 0.3785574 0.4920699 0.3785574 0.6491973 0.3511382 0.6491973 0.4416937 0.6491973 0.3802519 0.6491973 0.3802519 0.4920699 0.4531335 0.07809937 0.4531335 0.07809937 0.4531335 0.07809937 0.4531335 0.0782476 0.4531335 0.0782476 0.4531335 0.0782476 0.4531335 0.07943308 0.4531335 0.07943308 0.4531335 0.07943308 0.4531335 0.07913666 0.4531335 0.07913666 0.4531335 0.07913666 0.1055638 0.6491973 0.07814472 0.6491973 0.07814472 0.4920699 0.4531335 0.07854396 0.4531335 0.07854396 0.4531335 0.07854396 0.4531335 0.07913666 0.4531335 0.07913666 0.4531335 0.07913666 0.4531335 0.07987761 0.4531335 0.07987761 0.4531335 0.07987761 0.07645022 0.1778149 0.07645022 0.3349424 0.0150091 0.3349424 0.3785574 0.3349424 0.3802519 0.3349424 0.3802519 0.4920699 0.1055638 0.8063247 0.1055638 0.6491973 0.1072583 0.6491973 0.1055638 0.3349424 0.1072583 0.3349424 0.1072583 0.4920699 0.07645022 0.8063247 0.07814472 0.8063247 0.07814472 0.9634522 0.07645022 0.3349424 0.07814472 0.3349424 0.07814472 0.4920699 0.3494437 0.1778149 0.3494437 0.02068752 0.3511382 0.02068752 0.3494437 0.8063247 0.3511382 0.8063247 0.3511382 0.9634522 0.07645022 0.6491973 0.07814472 0.6491973 0.07814472 0.8063247 0.1055638 0.1778149 0.1055638 0.02068752 0.1072583 0.02068752 0.3494437 0.3349424 0.3511382 0.3349424 0.3511382 0.4920699 0.3494437 0.1778149 0.3511382 0.1778149 0.3511382 0.3349424 0.4531335 0.07884031 0.4531335 0.07884031 0.4531335 0.07884031 0.3785574 0.1778149 0.3802519 0.1778149 0.3802519 0.3349424 0.1072583 0.4920699 0.1072583 0.6491973 0.1055638 0.6491973 0.1055638 0.3349424 0.1055638 0.1778149 0.1072583 0.1778149 0.07645022 0.6491973 0.07645022 0.4920699 0.07814472 0.4920699 0.3785574 0.4920699 0.3802519 0.4920699 0.3802519 0.6491973 0.3785574 0.02068752 0.3802519 0.02068752 0.3802519 0.1778149 0.3785574 0.8063247 0.3802519 0.8063247 0.3802519 0.9634522 0.1055638 0.9634522 0.1055638 0.8063247 0.1072583 0.8063247 0.3494437 0.6491973 0.3494437 0.4920699 0.3511382 0.4920699 0.3785574 0.6491973 0.3802519 0.6491973 0.3802519 0.8063247 0.07645022 0.3349424 0.07645022 0.1778149 0.07814472 0.1778149 0.07645022 0.1778149 0.07645022 0.02068752 0.07814472 0.02068752 0.07645022 0.4920699 0.07645022 0.6491973 0.0150091 0.6491973 0.167496 0.8063247 0.1699026 0.8063247 0.1699026 0.9634522 0.2867991 0.8063247 0.2867991 0.6491973 0.2892057 0.6491973 0.167496 0.3349424 0.1699026 0.3349424 0.1699026 0.4920699 0.167496 0.6491973 0.167496 0.4920699 0.1699026 0.4920699 0.2271475 0.4920699 0.2295541 0.4920699 0.2295541 0.6491973 0.1055638 0.3349424 0.07814472 0.3349424 0.07814472 0.1778149 0.167496 0.8063247 0.167496 0.6491973 0.1699026 0.6491973 0.2271475 0.6491973 0.2295541 0.6491973 0.2295541 0.8063247 0.2271475 0.1778149 0.2295541 0.1778149 0.2295541 0.3349424 0.167496 0.02068752 0.1699026 0.02068752 0.1699026 0.1778149 0.4575259 0.06075328 0.4569109 0.06290996 0.4531335 0.0651648 0.167496 0.1778149 0.1699026 0.1778149 0.1699026 0.3349424 0.2271475 0.9634522 0.2271475 0.8063247 0.2295541 0.8063247 0.1055638 0.1778149 0.07814472 0.1778149 0.07814472 0.02068752 0.2271475 0.3349424 0.2295541 0.3349424 0.2295541 0.4920699 0.2867991 0.3349424 0.2892057 0.3349424 0.2892057 0.4920699 0.2867991 0.1778149 0.2892057 0.1778149 0.2892057 0.3349424 0.2867991 0.8063247 0.2892057 0.8063247 0.2892057 0.9634522 0.2295541 0.8063247 0.2867991 0.8063247 0.2867991 0.9634522 0.4416937 0.8063247 0.4416937 0.9634522 0.3802519 0.9634522 0.3476541 0.8063247 0.3494437 0.8063247 0.3494437 0.9634522 0.625 0.8750001 0.625 0.8750001 0.625 0.8750001 0.4531335 0.07884031 0.4531335 0.07884031 0.4531335 0.07884031 0.625 0.8750001 0.625 0.8750001 0.625 0.8750001 0.625 0.8750001 0.625 0.8750001 0.625 0.8750001 0.4531335 0.07972943 0.4531335 0.07972943 0.4531335 0.07972943 0.625 0.8750001 0.625 0.8750001 0.625 0.8750001 0.625 0.8750001 0.625 0.8750001 0.625 0.8750001 0.625 0.8750001 0.625 0.8750001 0.625 0.8750001 0.625 0.8750001 0.625 0.8750001 0.625 0.8750001 0.625 0.8750001 0.625 0.8750001 0.625 0.8750001 0.4531335 0.07839578 0.4531335 0.07839578 0.4531335 0.07839578 0.625 0.8750001 0.625 0.8750001 0.625 0.8750001 0.625 0.8750001 0.625 0.8750001 0.625 0.8750001 0.625 0.8750001 0.625 0.8750001 0.625 0.8750001 0.625 0.8750001 0.625 0.8750001 0.625 0.8750001 0.4531335 0.07972943 0.4531335 0.07972943 0.4531335 0.07972943 0.4590033 0.05037522 0.4562147 0.05085748 0.4567597 0.04851084 0.625 0.8750001 0.625 0.8750001 0.625 0.8750001 0.4531335 0.07765483 0.4531335 0.07765483 0.4531335 0.07765483</float_array>
          <technique_common>
            <accessor source="#Freeway_Curve_1_mesh-mesh-map-0-array" count="2196" stride="2">
              <param name="S" type="float"/>
              <param name="T" type="float"/>
            </accessor>
          </technique_common>
        </source>
        <vertices id="Freeway_Curve_1_mesh-mesh-vertices">
          <input semantic="POSITION" source="#Freeway_Curve_1_mesh-mesh-positions"/>
        </vertices>
        <triangles material="Road-material" count="672">
          <input semantic="VERTEX" source="#Freeway_Curve_1_mesh-mesh-vertices" offset="0"/>
          <input semantic="NORMAL" source="#Freeway_Curve_1_mesh-mesh-normals" offset="1"/>
          <input semantic="TEXCOORD" source="#Freeway_Curve_1_mesh-mesh-map-0" offset="2" set="0"/>
          <p>179 0 0 172 0 1 175 0 2 127 1 3 120 1 4 123 1 5 72 2 6 69 2 7 68 2 8 110 3 9 107 3 10 111 3 11 75 4 12 68 4 13 71 4 14 55 5 15 60 5 16 61 5 17 166 6 18 171 6 19 167 6 20 1 7 21 11 7 22 8 7 23 9 8 24 7 8 25 3 8 26 209 9 27 219 9 28 216 9 29 32 10 30 29 10 31 30 10 32 219 11 33 222 11 34 223 11 35 118 12 36 115 12 37 114 12 38 216 13 39 223 13 40 220 13 41 274 14 42 272 14 43 275 14 44 16 15 45 18 15 46 19 15 47 372 16 48 328 16 49 329 16 50 385 17 51 335 17 52 334 17 53 22 18 54 19 18 55 18 18 56 125 19 57 122 19 58 121 19 59 186 21 63 184 21 64 187 21 65 411 22 66 412 22 67 413 22 68 242 23 69 237 23 70 243 23 71 180 24 72 182 24 73 183 24 74 293 25 75 288 25 76 294 25 77 189 26 78 184 26 79 190 26 80 139 27 81 134 27 82 136 27 83 26 28 84 33 28 85 27 28 86 129 29 87 138 29 88 139 29 89 287 30 90 294 30 91 284 30 92 75 31 93 73 31 94 72 31 95 224 15 96 226 15 97 227 15 98 97 32 99 93 32 100 98 32 101 44 33 102 42 33 103 43 33 104 245 34 105 253 34 106 254 34 107 298 35 108 304 35 109 299 35 110 193 36 111 203 36 112 194 36 113 25 37 114 32 37 115 26 37 116 281 38 117 278 38 118 277 38 119 283 39 120 276 39 121 279 39 122 124 40 123 121 40 124 120 40 125 177 41 126 174 41 127 173 41 128 299 42 129 297 42 130 298 42 131 109 43 132 112 43 133 105 43 134 119 44 135 112 44 136 115 44 137 107 45 138 112 45 139 113 45 140 111 46 141 115 46 142 109 46 143 7 47 144 11 47 145 5 47 146 141 48 147 151 48 148 142 48 149 117 49 150 114 49 151 113 49 152 65 50 153 62 50 154 61 50 155 272 51 156 269 51 157 268 51 158 126 52 159 124 52 160 127 52 161 120 53 162 122 53 163 123 53 164 58 54 165 55 54 166 59 54 167 54 55 168 53 55 169 55 55 170 282 56 171 279 56 172 278 56 173 280 57 174 277 57 175 276 57 176 131 58 177 129 58 178 130 58 179 168 59 180 165 59 181 164 59 182 293 60 183 290 60 184 291 60 185 137 61 186 134 61 187 135 61 188 79 62 189 86 62 190 76 62 191 171 63 192 169 63 193 168 63 194 15 63 195 13 63 196 12 63 197 128 64 198 137 64 199 138 64 200 181 65 201 190 65 202 191 65 203 182 66 204 189 66 205 183 66 206 306 67 207 302 67 208 307 67 209 195 68 210 201 68 211 192 68 212 151 63 213 145 63 214 146 63 215 149 69 216 145 69 217 150 69 218 148 70 219 146 70 220 147 70 221 194 71 222 200 71 223 195 71 224 142 72 225 148 72 226 143 72 227 246 73 228 254 73 229 255 73 230 33 74 231 28 74 232 34 74 233 357 75 234 321 75 235 320 75 236 340 76 237 314 76 238 315 76 239 316 77 240 340 77 241 315 77 242 262 78 243 261 78 244 263 78 245 52 15 246 58 15 247 56 15 248 59 79 249 61 79 250 62 79 251 269 80 252 274 80 253 270 80 254 165 81 255 163 81 256 159 81 257 267 82 258 271 82 259 265 82 260 53 83 261 63 83 262 60 83 263 286 84 264 295 84 265 292 84 266 67 85 267 60 85 268 63 85 269 64 86 270 61 86 271 60 86 272 66 87 273 63 87 274 62 87 275 71 88 276 69 88 277 70 88 278 98 63 279 94 63 280 99 63 281 210 89 282 209 89 283 211 89 284 106 90 285 105 90 286 107 90 287 374 91 288 329 91 289 330 91 290 368 92 291 327 92 292 328 92 293 303 94 297 301 94 298 300 94 299 34 95 300 29 95 301 35 95 302 86 96 303 81 96 304 87 96 305 39 97 306 45 97 307 36 97 308 84 98 309 81 98 310 82 98 311 78 99 312 87 99 313 84 99 314 239 100 315 237 100 316 236 100 317 78 101 318 85 101 319 79 101 320 77 102 321 86 102 322 87 102 323 88 103 324 90 103 325 91 103 326 95 104 327 93 104 328 92 104 329 182 105 330 191 105 331 188 105 332 200 106 333 198 106 334 199 106 335 253 107 336 249 107 337 254 107 338 90 108 339 96 108 340 91 108 341 89 109 342 97 109 343 98 109 344 90 63 345 98 63 346 99 63 347 88 110 348 96 110 349 97 110 350 381 111 351 332 111 352 333 111 353 162 15 354 156 15 355 158 15 356 212 112 357 215 112 358 213 112 359 108 113 360 111 113 361 109 113 362 230 114 363 227 114 364 226 114 365 164 115 366 159 115 367 157 115 368 116 116 369 113 116 370 112 116 371 161 117 372 164 117 373 157 117 374 263 118 375 270 118 376 267 118 377 107 119 378 114 119 379 111 119 380 241 120 381 236 120 382 242 120 383 271 121 384 272 121 385 268 121 386 166 122 387 169 122 388 170 122 389 271 123 390 274 123 391 275 123 392 247 124 393 253 124 394 244 124 395 172 15 396 174 15 397 175 15 398 162 125 399 159 125 400 163 125 401 158 126 402 157 126 403 159 126 404 20 127 405 17 127 406 16 127 407 361 128 408 324 128 409 323 128 410 76 130 414 78 130 415 79 130 416 190 131 417 185 131 418 191 131 419 33 132 420 30 132 421 31 132 422 260 133 423 266 133 424 264 133 425 210 134 426 212 134 427 208 134 428 47 135 429 41 135 430 42 135 431 232 136 432 234 136 433 235 136 434 130 137 435 137 137 436 131 137 437 233 138 438 240 138 439 234 138 440 129 139 441 136 139 442 130 139 443 247 140 444 245 140 445 246 140 446 96 141 447 94 141 448 95 141 449 45 142 450 41 142 451 46 142 452 38 143 453 44 143 454 39 143 455 246 144 456 252 144 457 247 144 458 199 145 459 197 145 460 196 145 461 178 63 462 176 63 463 179 63 464 376 146 465 330 146 466 331 146 467 391 147 468 339 147 469 338 147 470 73 148 471 70 148 472 69 148 473 260 149 474 265 149 475 261 149 476 36 150 477 38 150 478 39 150 479 211 151 480 216 151 481 217 151 482 220 152 483 217 152 484 216 152 485 261 153 486 269 153 487 263 153 488 161 154 489 166 154 490 167 154 491 59 155 492 63 155 493 57 155 494 43 156 495 41 156 496 40 156 497 171 157 498 164 157 499 167 157 500 8 158 501 13 158 502 9 158 503 8 159 504 15 159 505 12 159 506 283 160 507 281 160 508 280 160 509 180 161 510 189 161 511 190 161 512 350 162 513 318 162 514 319 162 515 0 163 516 5 163 517 1 163 518 359 164 519 323 164 520 322 164 521 160 165 522 163 165 523 161 165 524 287 166 525 285 166 526 286 166 527 290 167 528 288 167 529 291 167 530 189 168 531 186 168 532 187 168 533 85 169 534 82 169 535 83 169 536 299 170 537 305 170 538 296 170 539 297 171 540 307 171 541 298 171 542 119 172 543 117 172 544 116 172 545 292 173 546 289 173 547 290 173 548 234 174 549 241 174 550 235 174 551 286 175 552 293 175 553 287 175 554 106 15 555 108 15 556 104 15 557 85 176 558 80 176 559 86 176 560 24 177 561 26 177 562 27 177 563 201 178 564 197 178 565 202 178 566 304 179 567 302 179 568 303 179 569 141 180 570 149 180 571 150 180 572 297 181 573 305 181 574 306 181 575 232 182 576 241 182 577 242 182 578 56 184 582 59 184 583 57 184 584 265 185 585 266 185 586 267 185 587 363 186 588 325 186 589 324 186 590 231 148 591 224 148 592 227 148 593 202 63 594 198 63 595 203 63 596 215 187 597 217 187 598 218 187 599 365 188 600 362 188 601 364 188 602 261 189 603 271 189 604 268 189 605 8 190 606 3 190 607 1 190 608 305 191 609 301 191 610 306 191 611 143 192 612 141 192 613 142 192 614 14 193 615 11 193 616 10 193 617 221 194 618 218 194 619 217 194 620 13 195 621 10 195 622 9 195 623 230 31 624 228 31 625 231 31 626 279 196 627 277 196 628 278 196 629 387 197 630 337 197 631 336 197 632 4 198 633 7 198 634 5 198 635 229 199 636 226 199 637 225 199 638 208 200 639 213 200 640 209 200 641 22 63 642 20 63 643 23 63 644 30 201 645 28 201 646 31 201 647 294 202 648 289 202 649 295 202 650 241 203 651 238 203 652 239 203 653 27 204 654 34 204 655 24 204 656 146 205 657 144 205 658 147 205 659 66 206 660 64 206 661 67 206 662 255 207 663 249 207 664 250 207 665 25 208 666 34 208 667 35 208 668 285 209 669 294 209 670 295 209 671 191 210 672 186 210 673 188 210 674 250 211 675 248 211 676 251 211 677 137 212 678 132 212 679 138 212 680 252 214 684 250 214 685 251 214 686 193 215 687 201 215 688 202 215 689 213 216 690 218 216 691 219 216 692 37 63 693 47 63 694 38 63 695 143 217 696 149 217 697 140 217 698 427 218 699 327 218 700 425 218 701 417 219 702 432 219 703 430 219 704 349 220 705 364 220 706 362 220 707 345 221 708 360 221 709 358 221 710 379 222 711 390 222 712 377 222 713 405 223 714 416 223 715 403 223 716 341 224 717 358 224 718 354 224 719 411 225 720 426 225 721 424 225 722 405 226 723 402 226 724 404 226 725 343 227 726 354 227 727 356 227 728 435 228 729 331 228 730 433 228 731 431 229 732 331 229 733 330 229 734 323 230 735 400 230 736 322 230 737 431 231 738 329 231 739 429 231 740 6 232 741 3 232 742 7 232 743 373 233 744 388 233 745 386 233 746 435 234 747 333 234 748 332 234 749 321 235 750 396 235 751 320 235 752 321 236 753 400 236 754 398 236 755 401 237 756 416 237 757 414 237 758 156 238 759 161 238 760 157 238 761 21 239 762 18 239 763 17 239 764 325 240 765 404 240 766 324 240 767 427 241 768 329 241 769 328 241 770 421 242 771 437 242 772 434 242 773 323 243 774 404 243 775 402 243 776 325 244 777 409 244 778 406 244 779 399 245 780 414 245 781 412 245 782 397 246 783 412 246 784 410 246 785 413 247 786 428 247 787 426 247 788 407 248 789 418 248 790 405 248 791 346 91 792 316 91 793 317 91 794 23 249 795 16 249 796 19 249 797 355 250 798 322 250 799 321 250 800 392 251 801 380 251 802 395 251 803 228 252 804 225 252 805 224 252 806 126 253 807 123 253 808 122 253 809 378 254 810 331 254 811 332 254 812 399 255 813 396 255 814 398 255 815 351 256 816 367 256 817 364 256 818 339 257 819 394 257 820 313 257 821 415 258 822 430 258 823 428 258 824 214 259 825 211 259 826 215 259 827 419 260 828 434 260 829 432 260 830 6 15 831 0 15 832 2 15 833 347 261 834 362 261 835 360 261 836 318 262 837 346 262 838 317 262 839 52 263 840 57 263 841 53 263 842 74 252 843 71 252 844 70 252 845 222 63 846 220 63 847 223 63 848 178 264 849 175 264 850 174 264 851 377 265 852 388 265 853 375 265 854 104 266 855 109 266 856 105 266 857 176 267 858 173 267 859 172 267 860 263 268 861 266 268 862 262 268 863 383 269 864 336 269 865 335 269 866 345 270 867 346 270 868 347 270 869 379 271 870 376 271 871 378 271 872 373 272 873 374 272 874 375 272 875 393 273 876 395 273 877 394 273 878 387 274 879 388 274 880 389 274 881 355 275 882 356 275 883 354 275 884 365 276 885 367 276 886 366 276 887 391 277 888 392 277 889 393 277 890 369 278 891 370 278 892 368 278 893 359 279 894 360 279 895 361 279 896 355 280 897 358 280 898 359 280 899 138 281 900 133 281 901 139 281 902 341 282 903 344 282 904 345 282 905 374 283 906 377 283 907 375 283 908 373 284 909 368 284 910 372 284 911 391 285 912 388 285 913 390 285 914 347 286 915 348 286 916 349 286 917 343 287 918 340 287 919 341 287 920 351 288 921 353 288 922 352 288 923 380 289 924 378 289 925 381 289 926 363 290 927 360 290 928 362 290 929 349 291 930 350 291 931 351 291 932 387 292 933 382 292 934 386 292 935 383 293 936 384 293 937 382 293 938 389 294 939 338 294 940 337 294 941 435 295 942 437 295 943 436 295 944 407 296 945 404 296 946 406 296 947 429 297 948 430 297 949 431 297 950 433 298 951 430 298 952 432 298 953 417 299 954 418 299 955 419 299 956 373 300 957 382 300 958 369 300 959 435 301 960 432 301 961 434 301 962 419 302 963 420 302 964 421 302 965 413 303 966 414 303 967 415 303 968 425 304 969 426 304 970 427 304 971 37 305 972 45 305 973 46 305 974 427 306 975 428 306 976 429 306 977 422 307 978 420 307 979 423 307 980 369 308 981 384 308 982 371 308 983 415 309 984 416 309 985 417 309 986 401 310 987 402 310 988 403 310 989 399 311 990 400 311 991 401 311 992 407 312 993 409 312 994 408 312 995 420 313 996 408 313 997 423 313 998 319 314 999 353 314 1000 350 314 1001 325 315 1002 366 315 1003 326 315 1004 134 317 1008 132 317 1009 135 317 1010 243 322 1023 238 322 1024 240 322 1025 83 332 1053 81 332 1054 80 332 1055 233 341 1080 242 341 1081 243 341 1082 195 342 1083 193 342 1084 194 342 1085 2 358 1131 1 358 1132 3 358 1133 179 359 1134 176 359 1135 172 359 1136 127 360 1137 124 360 1138 120 360 1139 72 361 1140 73 361 1141 69 361 1142 110 362 1143 106 362 1144 107 362 1145 75 363 1146 72 363 1147 68 363 1148 55 364 1149 53 364 1150 60 364 1151 166 365 1152 170 365 1153 171 365 1154 1 366 1155 5 366 1156 11 366 1157 9 367 1158 10 367 1159 7 367 1160 209 368 1161 213 368 1162 219 368 1163 32 369 1164 35 369 1165 29 369 1166 219 370 1167 218 370 1168 222 370 1169 118 371 1170 119 371 1171 115 371 1172 216 372 1173 219 372 1174 223 372 1175 274 373 1176 273 373 1177 272 373 1178 16 15 1179 17 15 1180 18 15 1181 372 374 1182 368 374 1183 328 374 1184 385 375 1185 383 375 1186 335 375 1187 22 376 1188 23 376 1189 19 376 1190 125 377 1191 126 377 1192 122 377 1193 186 379 1197 185 379 1198 184 379 1199 411 380 1200 410 380 1201 412 380 1202 242 381 1203 236 381 1204 237 381 1205 180 382 1206 181 382 1207 182 382 1208 293 383 1209 291 383 1210 288 383 1211 189 384 1212 187 384 1213 184 384 1214 139 385 1215 133 385 1216 134 385 1217 26 386 1218 32 386 1219 33 386 1220 129 387 1221 128 387 1222 138 387 1223 287 388 1224 293 388 1225 294 388 1226 75 389 1227 74 389 1228 73 389 1229 224 390 1230 225 390 1231 226 390 1232 97 391 1233 92 391 1234 93 391 1235 44 392 1236 47 392 1237 42 392 1238 245 393 1239 244 393 1240 253 393 1241 298 394 1242 307 394 1243 304 394 1244 193 395 1245 202 395 1246 203 395 1247 25 396 1248 35 396 1249 32 396 1250 281 360 1251 282 360 1252 278 360 1253 283 397 1254 280 397 1255 276 397 1256 124 40 1257 125 40 1258 121 40 1259 177 398 1260 178 398 1261 174 398 1262 299 399 1263 296 399 1264 297 399 1265 109 400 1266 115 400 1267 112 400 1268 119 401 1269 116 401 1270 112 401 1271 107 402 1272 105 402 1273 112 402 1274 111 403 1275 114 403 1276 115 403 1277 7 404 1278 10 404 1279 11 404 1280 141 63 1281 150 63 1282 151 63 1283 117 405 1284 118 405 1285 114 405 1286 65 406 1287 66 406 1288 62 406 1289 272 407 1290 273 407 1291 269 407 1292 126 408 1293 125 408 1294 124 408 1295 120 409 1296 121 409 1297 122 409 1298 58 410 1299 54 410 1300 55 410 1301 54 411 1302 52 411 1303 53 411 1304 282 40 1305 283 40 1306 279 40 1307 280 412 1308 281 412 1309 277 412 1310 131 413 1311 128 413 1312 129 413 1313 168 414 1314 169 414 1315 165 414 1316 293 415 1317 292 415 1318 290 415 1319 137 416 1320 136 416 1321 134 416 1322 79 417 1323 85 417 1324 86 417 1325 171 63 1326 170 63 1327 169 63 1328 15 63 1329 14 63 1330 13 63 1331 128 418 1332 131 418 1333 137 418 1334 181 419 1335 180 419 1336 190 419 1337 182 420 1338 188 420 1339 189 420 1340 306 63 1341 301 63 1342 302 63 1343 195 421 1344 200 421 1345 201 421 1346 151 63 1347 150 63 1348 145 63 1349 149 422 1350 144 422 1351 145 422 1352 148 423 1353 151 423 1354 146 423 1355 194 424 1356 203 424 1357 200 424 1358 142 425 1359 151 425 1360 148 425 1361 246 426 1362 245 426 1363 254 426 1364 33 427 1365 31 427 1366 28 427 1367 357 428 1368 355 428 1369 321 428 1370 340 76 1371 342 76 1372 314 76 1373 316 429 1374 344 429 1375 340 429 1376 262 78 1377 260 78 1378 261 78 1379 52 430 1380 54 430 1381 58 430 1382 59 431 1383 55 431 1384 61 431 1385 269 432 1386 273 432 1387 274 432 1388 165 433 1389 166 433 1390 163 433 1391 267 434 1392 270 434 1393 271 434 1394 53 435 1395 57 435 1396 63 435 1397 286 436 1398 285 436 1399 295 436 1400 67 437 1401 64 437 1402 60 437 1403 64 438 1404 65 438 1405 61 438 1406 66 439 1407 67 439 1408 63 439 1409 71 440 1410 68 440 1411 69 440 1412 98 63 1413 93 63 1414 94 63 1415 210 441 1416 208 441 1417 209 441 1418 106 442 1419 104 442 1420 105 442 1421 374 443 1422 372 443 1423 329 443 1424 368 444 1425 370 444 1426 327 444 1427 303 446 1431 302 446 1432 301 446 1433 34 447 1434 28 447 1435 29 447 1436 86 448 1437 80 448 1438 81 448 1439 39 449 1440 44 449 1441 45 449 1442 84 450 1443 87 450 1444 81 450 1445 78 451 1446 77 451 1447 87 451 1448 239 452 1449 238 452 1450 237 452 1451 78 453 1452 84 453 1453 85 453 1454 77 454 1455 76 454 1456 86 454 1457 88 455 1458 89 455 1459 90 455 1460 95 456 1461 94 456 1462 93 456 1463 182 457 1464 181 457 1465 191 457 1466 200 458 1467 203 458 1468 198 458 1469 253 459 1470 248 459 1471 249 459 1472 90 460 1473 99 460 1474 96 460 1475 89 461 1476 88 461 1477 97 461 1478 90 63 1479 89 63 1480 98 63 1481 88 462 1482 91 462 1483 96 462 1484 381 463 1485 378 463 1486 332 463 1487 162 15 1488 160 15 1489 156 15 1490 212 464 1491 214 464 1492 215 464 1493 108 465 1494 110 465 1495 111 465 1496 230 466 1497 231 466 1498 227 466 1499 164 467 1500 165 467 1501 159 467 1502 116 468 1503 117 468 1504 113 468 1505 161 469 1506 167 469 1507 164 469 1508 263 470 1509 269 470 1510 270 470 1511 107 471 1512 113 471 1513 114 471 1514 241 472 1515 239 472 1516 236 472 1517 271 473 1518 275 473 1519 272 473 1520 166 474 1521 165 474 1522 169 474 1523 271 475 1524 270 475 1525 274 475 1526 247 476 1527 252 476 1528 253 476 1529 172 15 1530 173 15 1531 174 15 1532 162 477 1533 158 477 1534 159 477 1535 158 478 1536 156 478 1537 157 478 1538 20 479 1539 21 479 1540 17 479 1541 361 480 1542 363 480 1543 324 480 1544 76 482 1548 77 482 1549 78 482 1550 190 483 1551 184 483 1552 185 483 1553 33 484 1554 32 484 1555 30 484 1556 260 485 1557 262 485 1558 266 485 1559 210 486 1560 214 486 1561 212 486 1562 47 487 1563 46 487 1564 41 487 1565 232 488 1566 233 488 1567 234 488 1568 130 489 1569 136 489 1570 137 489 1571 233 490 1572 243 490 1573 240 490 1574 129 491 1575 139 491 1576 136 491 1577 247 492 1578 244 492 1579 245 492 1580 96 493 1581 99 493 1582 94 493 1583 45 494 1584 40 494 1585 41 494 1586 38 495 1587 47 495 1588 44 495 1589 246 496 1590 255 496 1591 252 496 1592 199 497 1593 198 497 1594 197 497 1595 178 63 1596 177 63 1597 176 63 1598 376 498 1599 374 498 1600 330 498 1601 391 499 1602 393 499 1603 339 499 1604 73 500 1605 74 500 1606 70 500 1607 260 501 1608 264 501 1609 265 501 1610 36 502 1611 37 502 1612 38 502 1613 211 503 1614 209 503 1615 216 503 1616 220 504 1617 221 504 1618 217 504 1619 261 505 1620 268 505 1621 269 505 1622 161 506 1623 163 506 1624 166 506 1625 59 507 1626 62 507 1627 63 507 1628 43 508 1629 42 508 1630 41 508 1631 171 509 1632 168 509 1633 164 509 1634 8 510 1635 12 510 1636 13 510 1637 8 511 1638 11 511 1639 15 511 1640 283 52 1641 282 52 1642 281 52 1643 180 512 1644 183 512 1645 189 512 1646 350 513 1647 348 513 1648 318 513 1649 0 514 1650 4 514 1651 5 514 1652 359 515 1653 361 515 1654 323 515 1655 160 516 1656 162 516 1657 163 516 1658 287 517 1659 284 517 1660 285 517 1661 290 518 1662 289 518 1663 288 518 1664 189 519 1665 188 519 1666 186 519 1667 85 520 1668 84 520 1669 82 520 1670 299 521 1671 304 521 1672 305 521 1673 297 63 1674 306 63 1675 307 63 1676 119 63 1677 118 63 1678 117 63 1679 292 522 1680 295 522 1681 289 522 1682 234 523 1683 240 523 1684 241 523 1685 286 524 1686 292 524 1687 293 524 1688 106 525 1689 110 525 1690 108 525 1691 85 526 1692 83 526 1693 80 526 1694 24 527 1695 25 527 1696 26 527 1697 201 528 1698 196 528 1699 197 528 1700 304 529 1701 307 529 1702 302 529 1703 141 530 1704 140 530 1705 149 530 1706 297 531 1707 296 531 1708 305 531 1709 232 532 1710 235 532 1711 241 532 1712 56 534 1716 58 534 1717 59 534 1718 265 535 1719 264 535 1720 266 535 1721 363 536 1722 365 536 1723 325 536 1724 231 148 1725 228 148 1726 224 148 1727 202 537 1728 197 537 1729 198 537 1730 215 538 1731 211 538 1732 217 538 1733 365 539 1734 363 539 1735 362 539 1736 261 540 1737 265 540 1738 271 540 1739 8 541 1740 9 541 1741 3 541 1742 305 542 1743 300 542 1744 301 542 1745 143 543 1746 140 543 1747 141 543 1748 14 544 1749 15 544 1750 11 544 1751 221 545 1752 222 545 1753 218 545 1754 13 546 1755 14 546 1756 10 546 1757 230 63 1758 229 63 1759 228 63 1760 279 547 1761 276 547 1762 277 547 1763 387 548 1764 389 548 1765 337 548 1766 4 549 1767 6 549 1768 7 549 1769 229 550 1770 230 550 1771 226 550 1772 208 551 1773 212 551 1774 213 551 1775 22 63 1776 21 63 1777 20 63 1778 30 552 1779 29 552 1780 28 552 1781 294 553 1782 288 553 1783 289 553 1784 241 554 1785 240 554 1786 238 554 1787 27 555 1788 33 555 1789 34 555 1790 146 556 1791 145 556 1792 144 556 1793 66 63 1794 65 63 1795 64 63 1796 255 557 1797 254 557 1798 249 557 1799 25 558 1800 24 558 1801 34 558 1802 285 559 1803 284 559 1804 294 559 1805 191 560 1806 185 560 1807 186 560 1808 250 561 1809 249 561 1810 248 561 1811 137 562 1812 135 562 1813 132 562 1814 252 564 1818 255 564 1819 250 564 1820 193 565 1821 192 565 1822 201 565 1823 213 566 1824 215 566 1825 218 566 1826 37 63 1827 46 63 1828 47 63 1829 143 567 1830 148 567 1831 149 567 1832 427 568 1833 328 568 1834 327 568 1835 417 569 1836 419 569 1837 432 569 1838 349 570 1839 351 570 1840 364 570 1841 345 571 1842 347 571 1843 360 571 1844 379 572 1845 392 572 1846 390 572 1847 405 573 1848 418 573 1849 416 573 1850 341 574 1851 345 574 1852 358 574 1853 411 575 1854 413 575 1855 426 575 1856 405 576 1857 403 576 1858 402 576 1859 343 577 1860 341 577 1861 354 577 1862 435 578 1863 332 578 1864 331 578 1865 431 579 1866 433 579 1867 331 579 1868 323 580 1869 402 580 1870 400 580 1871 431 581 1872 330 581 1873 329 581 1874 6 582 1875 2 582 1876 3 582 1877 373 583 1878 375 583 1879 388 583 1880 435 584 1881 436 584 1882 333 584 1883 321 585 1884 398 585 1885 396 585 1886 321 586 1887 322 586 1888 400 586 1889 401 587 1890 403 587 1891 416 587 1892 156 588 1893 160 588 1894 161 588 1895 21 589 1896 22 589 1897 18 589 1898 325 590 1899 406 590 1900 404 590 1901 427 591 1902 429 591 1903 329 591 1904 421 592 1905 422 592 1906 437 592 1907 323 593 1908 324 593 1909 404 593 1910 325 594 1911 326 594 1912 409 594 1913 399 595 1914 401 595 1915 414 595 1916 397 596 1917 399 596 1918 412 596 1919 413 597 1920 415 597 1921 428 597 1922 407 598 1923 420 598 1924 418 598 1925 346 599 1926 344 599 1927 316 599 1928 23 398 1929 20 398 1930 16 398 1931 355 600 1932 359 600 1933 322 600 1934 392 601 1935 379 601 1936 380 601 1937 228 602 1938 229 602 1939 225 602 1940 126 253 1941 127 253 1942 123 253 1943 378 603 1944 376 603 1945 331 603 1946 399 604 1947 397 604 1948 396 604 1949 351 605 1950 352 605 1951 367 605 1952 339 606 1953 393 606 1954 394 606 1955 415 607 1956 417 607 1957 430 607 1958 214 259 1959 210 259 1960 211 259 1961 419 608 1962 421 608 1963 434 608 1964 6 15 1965 4 15 1966 0 15 1967 347 609 1968 349 609 1969 362 609 1970 318 610 1971 348 610 1972 346 610 1973 52 611 1974 56 611 1975 57 611 1976 74 602 1977 75 602 1978 71 602 1979 222 63 1980 221 63 1981 220 63 1982 178 612 1983 179 612 1984 175 612 1985 377 613 1986 390 613 1987 388 613 1988 104 614 1989 108 614 1990 109 614 1991 176 615 1992 177 615 1993 173 615 1994 263 616 1995 267 616 1996 266 616 1997 383 617 1998 387 617 1999 336 617 2000 345 618 2001 344 618 2002 346 618 2003 379 619 2004 377 619 2005 376 619 2006 373 620 2007 372 620 2008 374 620 2009 393 621 2010 392 621 2011 395 621 2012 387 622 2013 386 622 2014 388 622 2015 355 623 2016 357 623 2017 356 623 2018 365 624 2019 364 624 2020 367 624 2021 391 625 2022 390 625 2023 392 625 2024 369 626 2025 371 626 2026 370 626 2027 359 627 2028 358 627 2029 360 627 2030 355 628 2031 354 628 2032 358 628 2033 138 629 2034 132 629 2035 133 629 2036 341 630 2037 340 630 2038 344 630 2039 374 631 2040 376 631 2041 377 631 2042 373 632 2043 369 632 2044 368 632 2045 391 633 2046 389 633 2047 388 633 2048 347 634 2049 346 634 2050 348 634 2051 343 635 2052 342 635 2053 340 635 2054 351 636 2055 350 636 2056 353 636 2057 380 637 2058 379 637 2059 378 637 2060 363 638 2061 361 638 2062 360 638 2063 349 639 2064 348 639 2065 350 639 2066 387 640 2067 383 640 2068 382 640 2069 383 641 2070 385 641 2071 384 641 2072 389 642 2073 391 642 2074 338 642 2075 435 643 2076 434 643 2077 437 643 2078 407 644 2079 405 644 2080 404 644 2081 429 645 2082 428 645 2083 430 645 2084 433 646 2085 431 646 2086 430 646 2087 417 647 2088 416 647 2089 418 647 2090 373 648 2091 386 648 2092 382 648 2093 435 649 2094 433 649 2095 432 649 2096 419 650 2097 418 650 2098 420 650 2099 413 651 2100 412 651 2101 414 651 2102 425 652 2103 424 652 2104 426 652 2105 37 653 2106 36 653 2107 45 653 2108 427 654 2109 426 654 2110 428 654 2111 422 655 2112 421 655 2113 420 655 2114 369 656 2115 382 656 2116 384 656 2117 415 657 2118 414 657 2119 416 657 2120 401 658 2121 400 658 2122 402 658 2123 399 659 2124 398 659 2125 400 659 2126 407 660 2127 406 660 2128 409 660 2129 420 661 2130 407 661 2131 408 661 2132 319 662 2133 312 662 2134 353 662 2135 325 663 2136 365 663 2137 366 663 2138 134 665 2142 133 665 2143 132 665 2144 243 668 2151 237 668 2152 238 668 2153 83 674 2169 82 674 2170 81 674 2171 233 679 2184 232 679 2185 242 679 2186 195 680 2187 192 680 2188 193 680 2189 2 682 2193 0 682 2194 1 682 2195</p>
        </triangles>
        <triangles material="Lamppost_Emitter-material" count="60">
          <input semantic="VERTEX" source="#Freeway_Curve_1_mesh-mesh-vertices" offset="0"/>
          <input semantic="NORMAL" source="#Freeway_Curve_1_mesh-mesh-normals" offset="1"/>
          <input semantic="TEXCOORD" source="#Freeway_Curve_1_mesh-mesh-map-0" offset="2" set="0"/>
          <p>258 20 60 257 20 61 259 20 62 206 93 294 205 93 295 207 93 296 50 129 411 49 129 412 51 129 413 155 183 579 152 183 580 153 183 581 252 213 681 259 213 682 253 213 683 199 316 1005 205 316 1006 204 316 1007 43 318 1011 50 318 1012 44 318 1013 148 319 1014 155 319 1015 149 319 1016 40 320 1017 51 320 1018 49 320 1019 144 321 1020 152 321 1021 147 321 1022 95 323 1026 102 323 1027 96 323 1028 248 324 1029 256 324 1030 251 324 1031 92 325 1032 103 325 1033 101 325 1034 49 326 1035 43 326 1036 40 326 1037 102 327 1038 101 327 1039 103 327 1040 147 328 1041 154 328 1042 148 328 1043 97 329 1044 102 329 1045 103 329 1046 144 330 1047 155 330 1048 153 330 1049 303 331 1050 309 331 1051 308 331 1052 199 333 1056 206 333 1057 200 333 1058 95 334 1059 101 334 1060 100 334 1061 201 335 1062 205 335 1063 196 335 1064 200 336 1065 207 336 1066 201 336 1067 311 337 1068 308 337 1069 309 337 1070 251 338 1071 258 338 1072 252 338 1073 305 339 1074 310 339 1075 311 339 1076 248 340 1077 259 340 1078 257 340 1079 303 343 1086 310 343 1087 304 343 1088 45 344 1089 50 344 1090 51 344 1091 300 345 1092 311 345 1093 309 345 1094 43 346 1095 48 346 1096 50 346 1097 40 347 1098 45 347 1099 51 347 1100 95 348 1101 100 348 1102 102 348 1103 92 349 1104 97 349 1105 103 349 1106 147 350 1107 152 350 1108 154 350 1109 144 351 1110 149 351 1111 155 351 1112 199 352 1113 204 352 1114 206 352 1115 201 353 1116 207 353 1117 205 353 1118 251 354 1119 256 354 1120 258 354 1121 248 355 1122 253 355 1123 259 355 1124 303 356 1125 308 356 1126 310 356 1127 300 357 1128 305 357 1129 311 357 1130 258 378 1194 256 378 1195 257 378 1196 206 445 1428 204 445 1429 205 445 1430 50 481 1545 48 481 1546 49 481 1547 155 533 1713 154 533 1714 152 533 1715 252 563 1815 258 563 1816 259 563 1817 199 664 2139 196 664 2140 205 664 2141 148 666 2145 154 666 2146 155 666 2147 144 667 2148 153 667 2149 152 667 2150 248 669 2154 257 669 2155 256 669 2156 49 670 2157 48 670 2158 43 670 2159 102 671 2160 100 671 2161 101 671 2162 97 672 2163 96 672 2164 102 672 2165 303 673 2166 300 673 2167 309 673 2168 95 675 2172 92 675 2173 101 675 2174 200 676 2175 206 676 2176 207 676 2177 311 677 2178 310 677 2179 308 677 2180 305 678 2181 304 678 2182 310 678 2183 45 681 2190 44 681 2191 50 681 2192</p>
        </triangles>
      </mesh>
    </geometry>
  </library_geometries>
  <library_visual_scenes>
    <visual_scene id="Scene" name="Scene">
      <node id="Freeway_Curve_1_mesh" name="Freeway_Curve_1_mesh" type="NODE">
        <matrix sid="transform">1 0 0 0 0 7.54979e-8 -1 0 0 1 7.54979e-8 0 0 0 0 1</matrix>
        <instance_geometry url="#Freeway_Curve_1_mesh-mesh" name="Freeway_Curve_1_mesh">
          <bind_material>
            <technique_common>
              <instance_material symbol="Road-material" target="#Road-material">
                <bind_vertex_input semantic="Freeway_Curve_1_mesh-mesh-map-0" input_semantic="TEXCOORD" input_set="0"/>
              </instance_material>
              <instance_material symbol="Lamppost_Emitter-material" target="#Lamppost_Emitter-material">
                <bind_vertex_input semantic="Freeway_Curve_1_mesh-mesh-map-0" input_semantic="TEXCOORD" input_set="0"/>
              </instance_material>
            </technique_common>
          </bind_material>
        </instance_geometry>
      </node>
    </visual_scene>
  </library_visual_scenes>
  <scene>
    <instance_visual_scene url="#Scene"/>
  </scene>
</COLLADA>