<?xml version="1.0" encoding="utf-8"?>
<COLLADA xmlns="http://www.collada.org/2005/11/COLLADASchema" version="1.4.1" xmlns:xsi="http://www.w3.org/2001/XMLSchema-instance">
  <asset>
    <contributor>
      <author>Blender User</author>
      <authoring_tool>Blender 3.6.20 commit date:2025-01-20, commit time:15:08, hash:46254438b9dd</authoring_tool>
    </contributor>
    <created>2026-06-01T14:17:33</created>
    <modified>2026-06-01T14:17:33</modified>
    <unit name="meter" meter="1"/>
    <up_axis>Z_UP</up_axis>
  </asset>
  <library_effects>
    <effect id="Road-effect">
      <profile_COMMON>
        <technique sid="common">
          <lambert>
            <emission>
              <color sid="emission">0 0 0 1</color>
            </emission>
            <diffuse>
              <color sid="diffuse">0.64 0.64 0.64 1</color>
            </diffuse>
            <index_of_refraction>
              <float sid="ior">1</float>
            </index_of_refraction>
          </lambert>
        </technique>
      </profile_COMMON>
    </effect>
    <effect id="Lamppost_Emitter-effect">
      <profile_COMMON>
        <technique sid="common">
          <lambert>
            <emission>
              <color sid="emission">0 0 0 1</color>
            </emission>
            <diffuse>
              <color sid="diffuse">0.64 0.64 0.64 1</color>
            </diffuse>
            <index_of_refraction>
              <float sid="ior">1</float>
            </index_of_refraction>
          </lambert>
        </technique>
      </profile_COMMON>
    </effect>
  </library_effects>
  <library_images/>
  <library_materials>
    <material id="Road-material" name="Road">
      <instance_effect url="#Road-effect"/>
    </material>
    <material id="Lamppost_Emitter-material" name="Lamppost_Emitter">
      <instance_effect url="#Lamppost_Emitter-effect"/>
    </material>
  </library_materials>
  <library_geometries>
    <geometry id="Freeway_S-Curve_mesh-mesh" name="Freeway S-Curve_mesh">
      <mesh>
        <source id="Freeway_S-Curve_mesh-mesh-positions">
          <float_array id="Freeway_S-Curve_mesh-mesh-positions-array" count="1680">-49.15505 -0.2132968 -39.14825 -49.15505 1.617616 -39.14825 -49.45711 -0.2132968 -39.35524 -49.45711 1.617616 -39.35524 -48.94806 -0.2132968 -39.45031 -48.94806 1.617616 -39.45031 -49.25012 -0.2132968 -39.6573 -49.25012 1.617616 -39.6573 -49.16931 1.789007 -39.2246 -49.38076 1.789007 -39.3695 -49.23586 1.789007 -39.58094 -49.02442 1.789007 -39.43605 -49.1799 7.785919 -39.28133 -49.32403 7.785919 -39.38009 -49.22527 7.785919 -39.52422 -49.08114 7.785919 -39.42546 -49.17118 7.651298 -39.2346 -49.37076 7.651298 -39.37136 -49.234 7.651298 -39.57095 -49.03441 7.651298 -39.43418 -49.17118 8.06558 -39.2346 -49.37076 8.06558 -39.37136 -49.234 8.06558 -39.57095 -49.03441 8.06558 -39.43418 -49.23508 7.685684 -39.33977 -49.28675 7.811656 -39.37517 -49.20722 7.811656 -39.49123 -49.15556 7.685684 -39.45582 -48.23129 8.316849 -38.65191 -48.23403 8.457493 -38.65378 -48.1545 8.457493 -38.76983 -48.15177 8.316849 -38.76796 -48.67536 8.45418 -39.12675 -48.65022 8.316837 -39.10953 -48.72975 8.316837 -38.99348 -48.75488 8.45418 -39.0107 -48.32074 8.279104 -38.56584 -48.3282 8.675065 -38.57096 -48.11125 8.675065 -38.88755 -48.10379 8.279104 -38.88244 -47.63706 8.51542 -38.09735 -47.74385 8.675065 -38.17052 -47.5269 8.675065 -38.48711 -47.42012 8.51542 -38.41394 -48.00954 8.311682 -38.81785 -48.22649 8.311682 -38.50125 -48.23395 8.675065 -38.50637 -48.017 8.675065 -38.82296 -47.66113 8.34599 -38.42613 -47.73542 8.34599 -38.31771 -47.86298 8.27622 -38.56445 -47.93727 8.27622 -38.45603 -31.10227 -0.2132931 -27.22121 -31.10227 1.61762 -27.22121 -30.8002 -0.2132931 -27.01421 -30.8002 1.61762 -27.01421 -31.30926 -0.2132931 -26.91914 -31.30926 1.61762 -26.91914 -31.0072 -0.2132931 -26.71215 -31.0072 1.61762 -26.71215 -31.08801 1.78901 -27.14485 -30.87656 1.78901 -26.99995 -31.02145 1.78901 -26.78851 -31.2329 1.78901 -26.9334 -31.07741 7.785923 -27.08812 -30.93329 7.785923 -26.98936 -31.03205 7.785923 -26.84523 -31.17617 7.785923 -26.944 -31.08614 7.651301 -27.13486 -30.88655 7.651301 -26.99809 -31.02332 7.651301 -26.7985 -31.22291 7.651301 -26.93527 -31.08614 8.065586 -27.13486 -30.88655 8.065586 -26.99809 -31.02332 8.065586 -26.7985 -31.22291 8.065586 -26.93527 -31.02223 7.685688 -27.02968 -30.97057 7.81166 -26.99428 -31.05009 7.81166 -26.87823 -31.10176 7.685688 -26.91363 -32.02602 8.316853 -27.71754 -32.02329 8.457497 -27.71566 -32.10281 8.457497 -27.59961 -32.10555 8.316853 -27.60149 -31.58196 8.454184 -27.2427 -31.60709 8.316841 -27.25992 -31.52757 8.316841 -27.37597 -31.50244 8.454184 -27.35875 -31.93658 8.279108 -27.8036 -31.92912 8.675068 -27.79849 -32.14606 8.675068 -27.4819 -32.15352 8.279108 -27.48701 -32.62025 8.515424 -28.2721 -32.51347 8.675068 -28.19893 -32.73042 8.675068 -27.88233 -32.8372 8.515424 -27.95551 -32.24778 8.311686 -27.5516 -32.03083 8.311686 -27.86819 -32.02337 8.675068 -27.86308 -32.24032 8.675068 -27.54649 -32.59619 8.345993 -27.94331 -32.52189 8.345993 -28.05173 -32.39434 8.276224 -27.805 -32.32004 8.276224 -27.91341 -15.64126 -0.2132921 -46.42984 -15.64126 1.617621 -46.42984 -15.34392 -0.2132921 -46.2161 -15.34392 1.617621 -46.2161 -15.85499 -0.2132921 -46.1325 -15.85499 1.617621 -46.1325 -15.55765 -0.2132921 -45.91876 -15.55765 1.617621 -45.91876 -15.62872 1.789011 -46.35317 -15.42058 1.789011 -46.20356 -15.57019 1.789011 -45.99542 -15.77833 1.789011 -46.14504 -15.6194 7.785923 -46.29622 -15.47754 7.785923 -46.19425 -15.57951 7.785923 -46.05238 -15.72138 7.785923 -46.15435 -15.62708 7.651302 -46.34314 -15.43061 7.651302 -46.20192 -15.57184 7.651302 -46.00546 -15.7683 7.651302 -46.14668 -15.62708 8.065587 -46.34314 -15.43061 8.065587 -46.20192 -15.57184 8.065587 -46.00546 -15.7683 8.065587 -46.14668 -15.56555 7.685688 -46.23656 -15.51469 7.811661 -46.2 -15.59681 7.811661 -46.08576 -15.64766 7.685688 -46.12232 -16.55363 8.316854 -46.94681 -16.55094 8.457498 -46.94487 -16.63305 8.457498 -46.83064 -16.63574 8.316854 -46.83258 -16.12035 8.454185 -46.4621 -16.14509 8.316842 -46.47988 -16.06298 8.316842 -46.59412 -16.03824 8.454185 -46.57633 -16.46227 8.279109 -47.03084 -16.45493 8.675069 -47.02556 -16.67894 8.675069 -46.71392 -16.68628 8.279109 -46.7192 -17.13525 8.515425 -47.51458 -17.03014 8.675069 -47.43903 -17.25415 8.675069 -47.12739 -17.35926 8.515425 -47.20295 -16.77906 8.311687 -46.7859 -16.55505 8.311687 -47.09753 -16.54771 8.675069 -47.09225 -16.77172 8.675069 -46.78062 -17.11858 8.345993 -47.18534 -17.04187 8.345993 -47.29206 -16.91989 8.276225 -47.04252 -16.84318 8.276225 -47.14924 -33.42142 -0.2132956 -58.75959 -33.42142 1.617617 -58.75959 -33.71875 -0.2132958 -58.97332 -33.71875 1.617617 -58.97332 -33.20768 -0.2132956 -59.05692 -33.20768 1.617617 -59.05692 -33.50502 -0.2132958 -59.27066 -33.50502 1.617617 -59.27066 -33.43395 1.789008 -58.83625 -33.64209 1.789008 -58.98586 -33.49248 1.789008 -59.194 -33.28434 1.789008 -59.04438 -33.44327 7.78592 -58.8932 -33.58514 7.78592 -58.99517 -33.48316 7.78592 -59.13704 -33.3413 7.78592 -59.03507 -33.4356 7.651298 -58.84628 -33.63206 7.651298 -58.9875 -33.49084 7.651298 -59.18396 -33.29438 7.651298 -59.04274 -33.4356 8.065583 -58.84628 -33.63206 8.065583 -58.9875 -33.49084 8.065583 -59.18396 -33.29438 8.065583 -59.04274 -33.49712 7.685685 -58.95286 -33.54798 7.811657 -58.98942 -33.46587 7.811657 -59.10366 -33.41501 7.685685 -59.0671 -32.50905 8.31685 -58.24262 -32.51174 8.457494 -58.24455 -32.42963 8.457494 -58.35879 -32.42693 8.31685 -58.35685 -32.94232 8.454181 -58.72732 -32.91759 8.316838 -58.70954 -32.9997 8.316838 -58.59531 -33.02444 8.454181 -58.61309 -32.60041 8.279105 -58.15859 -32.60775 8.675065 -58.16387 -32.38374 8.675065 -58.4755 -32.37639 8.279105 -58.47022 -31.92744 8.515421 -57.67484 -32.03254 8.675065 -57.7504 -31.80854 8.675065 -58.06203 -31.70343 8.515421 -57.98648 -32.28361 8.311683 -58.40353 -32.50762 8.311683 -58.09189 -32.51497 8.675065 -58.09717 -32.29096 8.675065 -58.40881 -31.94411 8.345991 -58.00408 -32.02081 8.345991 -57.89736 -32.14279 8.27622 -58.1469 -32.2195 8.27622 -58.04018 -24.8368 -0.2132954 -74.76615 -24.8368 1.617617 -74.76615 -25.19051 -0.2132955 -74.86093 -25.19051 1.617617 -74.86093 -24.74203 -0.2132954 -75.11985 -24.74203 1.617617 -75.11985 -25.09573 -0.2132955 -75.21463 -25.09573 1.617617 -75.21463 -24.87564 1.789008 -74.83342 -25.12324 1.789008 -74.89977 -25.0569 1.789008 -75.14736 -24.8093 1.789008 -75.08101 -24.9045 7.78592 -74.88339 -25.07326 7.78592 -74.92861 -25.02804 7.78592 -75.09738 -24.85928 7.78592 -75.05216 -24.88072 7.651299 -74.84223 -25.11444 7.651299 -74.90485 -25.05181 7.651299 -75.13855 -24.8181 7.651299 -75.07593 -24.88072 8.065583 -74.84223 -25.11444 8.065583 -74.90485 -25.05181 8.065583 -75.13855 -24.8181 8.065583 -75.07593 -24.97597 7.685685 -74.92017 -25.03647 7.811658 -74.93637 -25.00006 7.811658 -75.07227 -24.93956 7.685685 -75.05606 -23.80057 8.316851 -74.60522 -23.80378 8.457495 -74.60607 -23.76737 8.457495 -74.74197 -23.76416 8.316851 -74.74111 -24.37726 8.454182 -74.90539 -24.34783 8.316839 -74.8975 -24.38424 8.316839 -74.76161 -24.41367 8.454182 -74.7695 -23.85631 8.279106 -74.49431 -23.86505 8.675066 -74.49665 -23.76572 8.675066 -74.86737 -23.75698 8.279106 -74.86503 -23.05576 8.515422 -74.2798 -23.18079 8.675066 -74.31331 -23.08146 8.675066 -74.68402 -22.95643 8.515422 -74.65052 -23.64661 8.311684 -74.83545 -23.74595 8.311684 -74.46474 -23.75468 8.675066 -74.46708 -23.65535 8.675066 -74.83779 -23.18778 8.345992 -74.58188 -23.2218 8.345992 -74.45493 -23.42414 8.27622 -74.64521 -23.45815 8.27622 -74.51826 -3.845369 -0.2132917 -69.52059 -3.84537 1.617621 -69.52059 -3.491664 -0.2132917 -69.42581 -3.491664 1.617621 -69.42581 -3.940144 -0.2132917 -69.16688 -3.940145 1.617621 -69.16688 -3.586439 -0.2132917 -69.0721 -3.586439 1.617621 -69.0721 -3.80653 1.789012 -69.45331 -3.558936 1.789012 -69.38697 -3.625279 1.789012 -69.13938 -3.872873 1.789012 -69.20572 -3.777677 7.785924 -69.40334 -3.608913 7.785924 -69.35812 -3.654134 7.785924 -69.18935 -3.822897 7.785924 -69.23457 -3.801449 7.651303 -69.44451 -3.567739 7.651303 -69.38188 -3.630362 7.651303 -69.14818 -3.864071 7.651303 -69.2108 -3.801449 8.065587 -69.44451 -3.567739 8.065587 -69.38188 -3.630362 8.065587 -69.14818 -3.864071 8.065587 -69.2108 -3.706206 7.685689 -69.36656 -3.645707 7.811662 -69.35036 -3.682119 7.811662 -69.21446 -3.742618 7.685689 -69.23068 -4.881602 8.316854 -69.68151 -4.878399 8.457498 -69.68066 -4.914811 8.457498 -69.54476 -4.918013 8.316854 -69.54563 -4.304915 8.454185 -69.38134 -4.334344 8.316842 -69.38923 -4.297932 8.316842 -69.52512 -4.268504 8.454185 -69.51724 -4.825861 8.279109 -69.79242 -4.817124 8.675069 -69.79008 -4.916457 8.675069 -69.41937 -4.925194 8.279109 -69.42171 -5.626417 8.515425 -70.00693 -5.50138 8.675069 -69.97343 -5.600713 8.675069 -69.60271 -5.72575 8.515425 -69.63622 -5.035563 8.311687 -69.45128 -4.93623 8.311687 -69.82199 -4.927493 8.675069 -69.81965 -5.026826 8.675069 -69.44894 -5.494395 8.345993 -69.70486 -5.460379 8.345993 -69.8318 -5.25804 8.276225 -69.64153 -5.224024 8.276225 -69.76847 -40.28072 -0.2132936 -10.79147 -40.28072 1.617619 -10.79147 -39.92702 -0.2132935 -10.6967 -39.92702 1.617619 -10.6967 -40.3755 -0.2132936 -10.43776 -40.3755 1.617619 -10.43776 -40.0218 -0.2132935 -10.34299 -40.0218 1.617619 -10.34299 -40.24188 1.78901 -10.7242 -39.99429 1.78901 -10.65786 -40.06063 1.78901 -10.41026 -40.30823 1.78901 -10.4766 -40.21303 7.785922 -10.67422 -40.04427 7.785922 -10.629 -40.08949 7.785922 -10.46024 -40.25825 7.785922 -10.50546 -40.2368 7.651301 -10.7154 -40.00309 7.651301 -10.65277 -40.06571 7.651301 -10.41906 -40.29943 7.651301 -10.48169 -40.2368 8.065586 -10.7154 -40.00309 8.065586 -10.65277 -40.06571 8.065586 -10.41906 -40.29943 8.065586 -10.48169 -40.14156 7.685687 -10.63745 -40.08106 7.81166 -10.62124 -40.11747 7.81166 -10.48535 -40.17797 7.685687 -10.50156 -41.31695 8.316852 -10.9524 -41.31375 8.457496 -10.95154 -41.35017 8.457496 -10.81565 -41.35337 8.316852 -10.81651 -40.74027 8.454183 -10.65223 -40.7697 8.31684 -10.66012 -40.73329 8.31684 -10.79601 -40.70386 8.454183 -10.78812 -41.26121 8.279107 -11.06331 -41.25248 8.675067 -11.06097 -41.35181 8.675067 -10.69025 -41.36055 8.279107 -10.69259 -42.06177 8.515423 -11.27782 -41.93674 8.675067 -11.24431 -42.03607 8.675067 -10.8736 -42.1611 8.515423 -10.9071 -41.47092 8.311685 -10.72217 -41.37158 8.311685 -11.09288 -41.36285 8.675067 -11.09054 -41.46218 8.675067 -10.71982 -41.92975 8.345993 -10.97574 -41.89573 8.345993 -11.10269 -41.6934 8.276223 -10.91241 -41.65938 8.276223 -11.03936 -61.27216 -0.2132972 -16.03702 -61.27216 1.617616 -16.03702 -61.62586 -0.2132973 -16.1318 -61.62586 1.617616 -16.1318 -61.17738 -0.2132972 -16.39073 -61.17738 1.617616 -16.39073 -61.53109 -0.2132973 -16.4855 -61.53109 1.617616 -16.4855 -61.311 1.789006 -16.10429 -61.55859 1.789006 -16.17064 -61.49225 1.789006 -16.41823 -61.24465 1.789006 -16.35189 -61.33985 7.785918 -16.15427 -61.50862 7.785918 -16.19949 -61.46339 7.785918 -16.36825 -61.29463 7.785918 -16.32303 -61.31608 7.651297 -16.1131 -61.54979 7.651297 -16.17572 -61.48717 7.651297 -16.40943 -61.25345 7.651297 -16.34681 -61.31608 8.06558 -16.1131 -61.54979 8.06558 -16.17572 -61.48717 8.06558 -16.40943 -61.25345 8.06558 -16.34681 -61.41133 7.685683 -16.19104 -61.47182 7.811656 -16.20725 -61.43541 7.811656 -16.34314 -61.37491 7.685683 -16.32693 -60.23593 8.316849 -15.87609 -60.23913 8.457493 -15.87695 -60.20272 8.457493 -16.01284 -60.19952 8.316849 -16.01198 -60.81261 8.45418 -16.17626 -60.78319 8.316837 -16.16838 -60.8196 8.316837 -16.03248 -60.84903 8.45418 -16.04037 -60.29167 8.279104 -15.76518 -60.30041 8.675065 -15.76752 -60.20107 8.675065 -16.13824 -60.19234 8.279104 -16.1359 -59.49111 8.51542 -15.55067 -59.61615 8.675065 -15.58418 -59.51682 8.675065 -15.95489 -59.39178 8.51542 -15.92139 -60.08197 8.311682 -16.10633 -60.1813 8.311682 -15.73561 -60.19004 8.675065 -15.73795 -60.0907 8.675065 -16.10867 -59.62313 8.34599 -15.85275 -59.65715 8.34599 -15.7258 -59.85949 8.27622 -15.91608 -59.89351 8.27622 -15.78913 -1.67563e-5 -5.000004 -85.00001 -65.00003 -5.000008 -1.50139e-5 -19.03807 -5.000004 -39.03807 -8.708352 -5.000003 -52.50001 -2.214827 -5.000003 -68.17678 -20.80583 -4.21339e-6 -40.80584 -10.87341 -3.60506e-6 -53.75001 -4.62964 -3.52586e-6 -68.82382 -2.500008 -3.9812e-6 -85 -34.94796 -6.50334e-6 -54.94797 -28.19392 -6.08968e-6 -63.75001 -23.94816 -6.03582e-6 -74.0002 -22.5 -6.34545e-6 -85 -36.71573 -5.000007 -56.71574 -30.35899 -5.000006 -65.00001 -26.36297 -5.000006 -74.64725 -25.00001 -5.000007 -85 -19.03807 0.1499961 -39.03807 -19.10939 0.249996 -39.10939 -8.708353 0.1499966 -52.50001 -8.795702 0.2499966 -52.55044 -2.214827 0.1499968 -68.17678 -2.312255 0.2499967 -68.20288 -0.1008684 0.2499963 -85.00001 -7.82831e-6 0.1499963 -85.00001 -20.73451 0.2499957 -40.73452 -20.80583 0.1499958 -40.80584 -10.78606 0.2499964 -53.69958 -10.87341 0.1499963 -53.75001 -4.532213 0.2499964 -68.79772 -4.62964 0.1499963 -68.82382 -2.500008 0.149996 -85 -2.399147 0.249996 -85 -34.94796 0.1499935 -54.94797 -35.01929 0.2499935 -55.0193 -28.19392 0.1499938 -63.75001 -28.28127 0.2499938 -63.80044 -23.94816 0.1499938 -74.0002 -24.04559 0.2499939 -74.0263 -22.60087 0.2499936 -85 -22.5 0.1499935 -85 -36.64441 0.2499932 -56.64442 -36.71573 0.1499932 -56.71574 -30.27164 0.2499936 -64.94958 -30.35899 0.1499935 -65.00001 -26.26555 0.2499936 -74.62114 -26.36297 0.1499935 -74.64725 -25.00001 0.1499933 -85 -24.89915 0.2499933 -85 -24.27005 -4.77433e-6 -44.27006 -24.41269 -4.79743e-6 -44.41269 -15.11619 -4.21368e-6 -56.19958 -15.29089 -4.23874e-6 -56.30044 -9.361848 -4.1407e-6 -70.09181 -9.556698 -4.16601e-6 -70.14402 -7.600868 -4.58418e-6 -85 -7.399152 -4.56034e-6 -85 -27.80558 -5.34682e-6 -47.80558 -27.94822 -5.36991e-6 -47.94823 -19.44632 -4.83484e-6 -58.69958 -19.62102 -4.8599e-6 -58.80045 -14.19148 -4.76819e-6 -71.38591 -14.38634 -4.7935e-6 -71.43811 -12.60087 -5.17525e-6 -85 -12.39915 -5.1514e-6 -85 -31.34111 -5.9193e-6 -51.34112 -31.48375 -5.9424e-6 -51.48376 -23.77645 -5.45599e-6 -61.19958 -23.95114 -5.48105e-6 -61.30044 -19.02111 -5.39568e-6 -72.68 -19.21596 -5.42099e-6 -72.73221 -17.60087 -5.76631e-6 -85 -17.39915 -5.74246e-6 -85 -45.96195 -5.000008 -45.96194 -56.29167 -5.000008 -32.5 -62.78519 -5.000008 -16.82324 -44.19419 -7.1263e-6 -44.19418 -54.1266 -7.73463e-6 -31.25 -60.37038 -7.81382e-6 -16.1762 -62.50001 -7.35849e-6 -1.01952e-5 -30.05205 -4.83635e-6 -30.05204 -36.80609 -5.25001e-6 -21.25 -41.05186 -5.30386e-6 -10.99982 -42.50002 -4.99424e-6 -6.93277e-6 -28.28428 -5.000005 -28.28428 -34.64103 -5.000005 -20 -38.63705 -5.000005 -10.35277 -40.00001 -5.000005 -6.3064e-6 -45.96195 0.1499925 -45.96194 -45.89063 0.2499926 -45.89062 -56.29167 0.1499919 -32.5 -56.20431 0.2499919 -32.44957 -62.78519 0.1499918 -16.82324 -62.68776 0.2499918 -16.79714 -64.89916 0.2499923 -1.05975e-5 -65.00002 0.1499923 -1.06096e-5 -44.26551 0.2499928 -44.2655 -44.19419 0.1499928 -44.19418 -54.21395 0.2499922 -31.30043 -54.1266 0.1499922 -31.25 -60.46781 0.2499921 -16.20231 -60.37038 0.1499922 -16.1762 -62.50001 0.1499926 -1.02018e-5 -62.60087 0.2499926 -1.02217e-5 -30.05205 0.1499951 -30.05204 -29.98073 0.2499951 -29.98072 -36.80609 0.1499947 -21.25 -36.71875 0.2499947 -21.19957 -41.05186 0.1499947 -10.99982 -40.95444 0.2499946 -10.97371 -42.39916 0.2499949 -6.92724e-6 -42.50002 0.149995 -6.93932e-6 -28.3556 0.2499954 -28.3556 -28.28428 0.1499954 -28.28428 -34.72838 0.2499949 -20.05043 -34.64103 0.149995 -20 -38.73447 0.2499949 -10.37887 -38.63705 0.149995 -10.35277 -40.00001 0.1499953 -6.53151e-6 -40.10087 0.2499952 -6.55277e-6 -40.72997 -6.56536e-6 -40.72996 -40.58733 -6.54226e-6 -40.58732 -49.88382 -7.126e-6 -28.80043 -49.70912 -7.10094e-6 -28.69957 -55.63817 -7.19899e-6 -14.90821 -55.44332 -7.17367e-6 -14.856 -57.39915 -6.7555e-6 -9.36317e-6 -57.60087 -6.77935e-6 -9.39661e-6 -37.19444 -5.99287e-6 -37.19443 -37.05179 -5.96977e-6 -37.05178 -45.55369 -6.50485e-6 -26.30043 -45.37899 -6.47979e-6 -26.19957 -50.80854 -6.5715e-6 -13.61411 -50.61368 -6.54618e-6 -13.5619 -52.39915 -6.16444e-6 -8.54755e-6 -52.60087 -6.18829e-6 -8.58013e-6 -33.6589 -5.42038e-6 -33.6589 -33.51626 -5.39729e-6 -33.51626 -41.22357 -5.88369e-6 -23.80043 -41.04887 -5.85863e-6 -23.69957 -45.97891 -5.94401e-6 -12.32001 -45.78406 -5.91869e-6 -12.2678 -47.39916 -5.57338e-6 -7.73193e-6 -47.60087 -5.59722e-6 -7.76365e-6</float_array>
          <technique_common>
            <accessor source="#Freeway_S-Curve_mesh-mesh-positions-array" count="560" stride="3">
              <param name="X" type="float"/>
              <param name="Y" type="float"/>
              <param name="Z" type="float"/>
            </accessor>
          </technique_common>
        </source>
        <source id="Freeway_S-Curve_mesh-mesh-normals">
          <float_array id="Freeway_S-Curve_mesh-mesh-normals-array" count="2658">-0.5652772 0 0.8249011 -0.8249085 0 -0.5652663 0.5652772 0 -0.8249011 0.8249085 0 0.5652663 0 -1 0 -0.7855397 0.3052062 -0.5383092 0.8248975 0.006803512 0.5652415 0.5383126 0.3051831 -0.7855462 -0.5383233 0.3051711 0.7855436 0.7855871 0.3051225 0.5382875 0 1 0 -0.8248703 0.006803154 -0.5652811 0.5652565 0.006803274 -0.8248872 -0.5652627 0.006804227 0.824883 0 1 -4.07292e-6 0.5652554 0 -0.8249159 -0.5652766 0 0.8249016 0.8248883 0 0.5652958 -0.8249338 0 -0.5652295 -0.738659 -0.4451901 -0.5061508 0.8246909 0.02356255 0.5650928 0.5652714 3.15611e-6 -0.8249051 -0.5652765 0 0.8249015 1.69247e-5 -1 1.12183e-5 -0.004328489 0.9999863 -0.00296843 -0.5822854 0.7083395 -0.3989976 0.5919108 -0.6964818 0.4056535 -0.5652323 -2.09479e-5 0.8249318 0.5653099 -6.53764e-5 -0.8248788 -0.8246834 -0.02282452 -0.5651339 0.6407508 0.6298091 0.4390661 0.565284 1.01855e-5 -0.8248965 -0.5652688 3.53381e-5 0.8249069 -0.5653154 2.44047e-5 0.8248749 0.5653067 0 -0.8248808 0 1 5.43691e-6 0.2262004 -0.9616695 0.1550007 0.5652779 0 -0.8249005 0.8248964 0 0.5652841 -0.5652669 0 0.8249081 -0.8249121 0 -0.5652611 0 -1 0 0.7855515 0.3051562 0.5383203 -0.8248818 0.006804823 -0.5652643 -0.5383107 0.3051928 0.7855437 0.5382926 0.3052185 -0.7855463 -0.7855643 0.30517 -0.5382938 0.8249047 0.006804287 0.565231 -0.5652291 0.006805777 0.8249059 0.5652662 0.006803333 -0.8248806 0 1 4.07259e-6 -0.5652684 0 0.8249071 0.5652813 0 -0.8248982 -0.8248999 0 -0.5652789 0.8249061 0 0.56527 0.7386266 -0.4452045 0.5061855 -0.8246528 0.02355611 -0.5651486 -0.5652689 -3.23496e-5 0.8249067 0.56527 -2.19691e-5 -0.8249061 -1.69248e-5 -1 -1.12188e-5 0.004328489 0.9999864 0.002963125 0.582277 0.7083486 0.3989935 -0.5919179 -0.6964977 -0.4056159 0.5652848 -2.20496e-6 -0.8248959 -0.5652648 1.63437e-5 0.8249097 0.8246965 -0.02280688 0.5651155 -0.6407348 0.6298235 -0.4390687 0 1 -1.04557e-6 -0.5652859 -2.37663e-5 0.8248951 0.5652748 -8.83449e-6 -0.8249027 0.5652844 -1.36383e-5 -0.8248962 -0.5652515 -1.04708e-5 0.8249188 -0.2261772 -0.9616769 -0.1549884 0.5837029 0 -0.8119674 0.8119935 0 0.5836666 -0.5836716 0 0.8119898 -0.8119922 0 -0.5836684 0 -1 0 0.7732595 0.305179 0.5558198 -0.811972 0.006804585 -0.5836567 -0.5558536 0.3051866 0.7732322 0.5557994 0.3051873 -0.773271 -0.773234 0.3052346 -0.5558249 0.8119738 0.006805837 0.5836543 -0.5836696 0.006803214 0.8119629 0.5836296 0.006804347 -0.8119915 -0.5836777 0 0.8119855 0.5836597 0 -0.8119984 -0.8119873 0 -0.5836753 0.8119811 0 0.5836839 0.7270978 -0.4451673 0.5226422 -0.8117582 0.02356415 -0.5835182 -0.5836939 -3.65573e-5 0.8119739 0.5836738 5.49212e-5 -0.8119882 -1.66587e-5 -1 -1.26214e-5 0.00426054 0.9999862 0.003059744 0.573158 0.708338 0.4120039 -0.5826638 -0.6964969 -0.4188022 0.5836899 4.74046e-5 -0.8119768 -0.5837061 -3.26878e-5 0.8119651 0.8117822 -0.02283042 0.5835139 -0.630708 0.6298103 -0.4533724 0 1 -2.09115e-6 -0.5836709 -3.22541e-5 0.8119903 0.5836766 2.20862e-5 -0.8119862 0.5836082 1.83038e-5 -0.8120355 -0.5836831 -1.0471e-5 0.8119816 -0.2226326 -0.9616777 -0.1600338 -0.5836866 0 0.8119791 -0.8119935 0 -0.5836666 0.5836942 0 -0.8119736 0.811971 0 0.5836979 4.29567e-7 -1 3.33397e-7 -0.7732553 0.3051801 -0.5558251 0.8119755 0.006803572 0.5836518 0.5558541 0.3051926 -0.7732294 -0.5558481 0.3051769 0.7732399 0.7732521 0.3051275 0.5558583 0 1 3.90564e-6 -0.8119822 0.006806373 -0.5836428 0.5836855 0.006805002 -0.8119513 -0.5836262 0.006802439 0.811994 0 1 4.07286e-6 0.5836789 0 -0.8119847 -0.5836789 0 0.8119847 0.8119873 0 0.5836753 -0.7270711 -0.4452582 -0.5226019 0.81173 0.02363485 0.5835545 0.5836551 2.84045e-5 -0.8120018 -0.5836691 -4.39366e-5 0.8119917 1.66601e-5 -1 1.12191e-5 -0.004260838 0.9999862 -0.003062427 -0.5731644 0.7083199 -0.4120261 0.5826709 -0.6964728 0.4188323 -0.5836513 -5.29181e-5 0.8120044 0.5836613 -1.63436e-5 -0.8119972 -0.8117578 -0.02284866 -0.5835473 0.6307286 0.6297977 0.4533611 0 1 4.18235e-6 0.5836818 2.71619e-5 -0.8119826 -0.583665 0 0.8119947 -0.5837303 -7.1772e-7 0.8119476 0.5836264 1.04714e-5 -0.8120225 0 1 5.43709e-6 0.2225966 -0.9616895 0.1600132 -0.2588132 0 0.9659275 -0.9659205 0 -0.2588392 0.2588827 0 -0.9659088 0.965927 0 0.2588149 2.75147e-7 -1 0 -0.9198567 0.3051332 -0.2464901 0.9659099 0.006804883 0.2587892 0.246465 0.3051998 -0.9198414 -0.2464611 0.3051678 0.919853 0.9198511 0.3051699 0.2464657 0 1 7.81e-6 -0.9659094 0.006804466 -0.2587913 0.2588164 0.006804823 -0.9659026 -0.2587924 0.006803512 0.9659091 0.2588231 0 -0.9659247 -0.2587775 0 0.965937 0.9659224 0 0.2588323 -0.9659175 0 -0.2588505 -0.8649131 -0.4452224 -0.2317376 0.9656591 0.02361142 0.2587378 0.2588151 3.09032e-5 -0.965927 -0.2588051 6.59075e-5 0.9659296 1.98181e-5 -1 4.90795e-6 -0.005067765 0.9999862 -0.001352727 -0.6818339 0.7083298 -0.1826787 0.6931226 -0.6964867 0.1857079 -0.2589367 6.44916e-5 0.9658944 0.2587571 3.26879e-5 -0.9659425 -0.9656736 -0.02284997 -0.2587519 0.7502993 0.6297917 0.2010309 0.2588155 5.94174e-6 -0.9659269 -0.2588326 6.62586e-6 0.9659222 -0.2588064 1.05869e-5 0.9659293 0.2588075 2.61781e-6 -0.9659289 0 1 2.71832e-6 0.264867 -0.9616698 0.07096964 0.258816 0 -0.9659267 0.9659285 0 0.2588094 -0.258859 0 0.9659152 -0.9659283 -3.55598e-7 -0.25881 0 -1 0 0.9198349 0.3052142 0.2464714 -0.9659005 0.006804168 -0.2588242 -0.2464544 0.3051933 0.9198463 0.2464933 0.3051903 -0.9198369 -0.9198433 0.3051991 -0.2464588 0 1 -7.81006e-6 0.9659036 0.006804108 0.2588127 -0.2587615 0.006802976 0.9659174 0.2588356 0.006804168 -0.9658975 0 -1 2.03637e-6 0 1 4.07257e-6 -0.2588237 0 0.9659246 0.2588219 0 -0.9659251 -0.9659283 0 -0.2588099 0.9659219 0 0.2588339 0.864895 -0.4452493 0.2317539 -0.9656502 0.02356725 -0.2587746 -0.2588138 -8.0359e-5 0.9659273 0.2588179 -2.74607e-5 -0.9659262 -1.98189e-5 -1 0 0.005068182 0.9999862 0.001363396 0.681784 0.7083752 0.1826888 -0.6931078 -0.6964971 -0.1857243 0.2588252 -2.17738e-5 -0.9659243 -0.258877 -4.69868e-5 0.9659103 0.9656759 -0.02283471 0.2587446 -0.750258 0.6298375 -0.2010422 -0.2588205 -2.27052e-5 0.9659255 0.2588337 3.31294e-6 -0.9659219 0.2588087 4.08229e-6 -0.9659286 -0.2587672 -3.92674e-6 0.9659398 -0.2648532 -0.9616739 -0.07096594 0.2588077 0 -0.9659289 0.9659235 0 0.2588278 -0.2588077 0 0.9659289 -0.9659235 0 -0.2588278 2.35845e-7 -1 0 0.9198551 0.3051593 0.2464638 -0.9659026 0.006802856 -0.2588165 -0.2464607 0.30519 0.9198458 0.2464593 0.3051902 -0.9198461 -0.9198595 0.3051211 -0.2464948 0.9659035 0.006803631 0.2588129 -0.2588006 0.006805479 0.9659068 0.2587988 0.006805062 -0.9659073 0 -1 -3.05424e-6 0 1 -4.07269e-6 -0.2588349 0 0.9659217 0.2588503 0 -0.9659175 -0.9659139 0 -0.2588636 0.9659304 0 0.2588024 0.8649268 -0.4451845 0.2317596 -0.9656363 0.02359849 -0.2588238 -0.2588143 -1.78844e-5 0.9659272 0.2588195 3.29532e-5 -0.9659257 -1.98184e-5 -1 0 0.005067944 0.9999863 0.001356661 0.6818159 0.7083429 0.1826953 -0.6931226 -0.6964829 -0.1857222 0.2588457 2.64583e-5 -0.9659187 -0.2588257 8.17181e-6 0.9659241 0.9656763 -0.02283674 0.2587427 -0.7502894 0.6298027 -0.2010339 0 1 4.18228e-6 -0.2588129 8.48812e-6 0.9659276 0.2588131 0 -0.9659275 0.2587847 6.81874e-6 -0.9659351 -0.2588627 0 0.9659141 -0.2648374 -0.9616783 -0.07096624 -0.2588368 0 0.9659211 -0.9659298 0 -0.2588045 0.2588083 0 -0.9659288 0.9659235 0 0.2588279 2.7515e-7 -1 0 -0.9198498 0.3051695 -0.2464711 0.9659041 0.006802678 0.258811 0.2464599 0.3051782 -0.9198499 -0.2464824 0.3051934 0.9198389 0.9198285 0.3051969 0.2465167 -0.9659041 0.006806015 -0.2588106 0.2588136 0.006805002 -0.9659034 -0.2588443 0.006804168 0.9658951 0 -1 4.07249e-6 0 1 -4.07246e-6 0.2588042 0 -0.9659298 -0.2588124 0 0.9659277 0.9659175 0 0.2588505 -0.9659255 0 -0.2588205 -0.8649318 -0.4451507 -0.2318059 0.9656649 0.02351629 0.2587242 0.2588331 -3.56814e-5 -0.9659221 -0.2588179 2.19688e-5 0.9659262 1.98188e-5 -1 7.01176e-7 -0.005068302 0.9999862 -0.001364767 -0.6818184 0.7083292 -0.1827386 0.6931036 -0.6964946 0.1857493 -0.2588446 9.92215e-6 0.965919 0.258818 0 -0.9659261 -0.9656769 -0.02280759 -0.2587434 0.7502784 0.629818 0.2010271 0.2588143 1.69757e-5 -0.9659271 -0.2588172 -8.83456e-6 0.9659264 -0.2587844 -9.33089e-6 0.9659352 0.2588164 -5.2357e-6 -0.9659267 0.2648441 -0.9616765 0.07096546 0 1 0 0 1 0 0 1 0 0 1 0 0 1 0 0 1 0 0 1 0 0 1 0 0 1 0 0 1 0 0 1 0 0 1 0 -1.29672e-7 1 0 0 1 0 -0.7933538 0 -0.608761 -0.9914449 0 -0.1305261 -0.758257 0 -0.6519559 -0.7582566 0 -0.6519564 -1.22644e-7 1 0 0.991445 0 0.1305259 -0.7933536 0 -0.6087612 0 1 0 0 1 0 -1.23941e-7 1 0 0.7582563 0 0.6519566 -0.9238795 0 -0.3826837 0.9914451 0 0.1305252 0.7933537 0 0.6087609 0.758257 0 0.6519559 0.5609932 0.7070972 0.4304651 -0.6532873 0.7071008 -0.2705999 -0.6533038 0.7070825 -0.2706079 0.5609745 0.7071211 0.4304502 -0.560976 0.7071192 -0.4304514 -0.7010703 0.7070938 -0.09229797 -0.5609756 0.707119 -0.4304523 0.6533471 0.7070358 0.2706254 0.7010666 0.7070976 0.09229671 -0.7010655 0.7070986 -0.09229743 0.7010306 0.7071338 0.0922929 -0.6532937 0.7070937 -0.2706028 0 1 0 0 1 0 0 1 0 0 1 0 0 1 0 0 1 0 0 1 0 0 1 0 0 1 0 0 1 0 0 1 0 0 1 0 0 1 0 -1.28856e-7 1 0 -1.37266e-7 1 0 -1.31175e-7 1 0 0 1 0 0 1 0 0 1 0 0 1 0 0 1 0 0 1 0 -0.991445 0 -0.1305255 -0.9238798 0 -0.382683 -0.9914449 0 -0.1305267 0.7933533 0 0.6087616 0 1 0 0.9238797 3.49222e-7 0.3826831 -0.793353 0 -0.608762 0 1 0 0 1 0 0 1 0 0.7933531 0 0.6087619 0.9238798 0 0.3826829 0.991445 0 0.1305255 -0.9238793 0 -0.3826842 -0.793353 0 -0.6087619 0 1 0 0.6532925 0.707095 0.2706022 0.7010658 0.7070984 0.09229689 -0.5610095 0.7070763 -0.4304784 -0.5609844 0.7071077 -0.4304594 0.5610021 0.7070856 0.4304727 0.6532849 0.7071033 0.2705991 0.7010538 0.7071105 0.09229522 -0.7010639 0.7071003 -0.0922963 0.6532429 0.7071483 0.2705827 -0.6532577 0.7071327 -0.270588 0.5609858 0.7071064 0.4304597 0 1 0 0 1 0 0 1 0 0 1 0 0 1 0 0 1 0 -1.23246e-7 1 0 0 1 0 -1.2158e-7 1 0 0.9914448 0 0.1305269 0.534568 0.7092111 0.4596267 0 1 0 0 1 0 0.9238795 0 0.3826836 -1.29152e-7 1 0 -1.28407e-7 1 0 0 1 0 -0.7010639 0.7071002 -0.09229665 0 1 0 0 1 0 0 1 0 0.7933534 0 0.6087614 -0.5346264 0.7091348 -0.4596767 0 1 0 -0.5346257 0.7091355 -0.4596762 0.9238793 0 0.3826841 -0.9914448 0 -0.1305276 0.5346248 0.7091369 0.4596753 -0.5652617 0 0.8249117 -0.8249012 0 -0.5652769 0.824894 0 0.5652876 -0.7855455 0.3051304 -0.5383435 0.8249098 0.006803393 0.5652234 0.5382719 0.3051799 -0.7855755 -0.5383123 0.3051314 0.7855666 0.7855405 0.3052209 0.5382996 -0.8249098 0.006805241 -0.5652235 0.5652526 0.006804227 -0.8248898 -0.5652328 0.006806194 0.8249034 0 1 4.07272e-6 0.5652802 0 -0.824899 -0.5652506 0 0.8249192 0.8248994 0 0.5652797 -0.8249216 0 -0.5652473 -0.7386649 -0.4452036 -0.5061305 0.8246664 0.02356261 0.5651285 0.5652739 4.39374e-5 -0.8249033 -0.5652804 -4.50611e-5 0.8248988 1.69256e-5 -1 8.4142e-6 -0.004328429 0.9999864 -0.002963185 -0.5822969 0.7083292 -0.3989989 0.5919461 -0.696487 0.405593 -0.5652648 -3.26875e-5 0.8249097 0.5652812 2.3151e-5 -0.8248983 -0.8246986 -0.0228455 -0.5651109 0.6407245 0.6298316 0.4390723 0 1 -4.18235e-6 0.5652728 0 -0.8249042 -0.5652613 -2.7161e-5 0.8249119 -0.565289 1.04717e-5 0.8248931 0.5652996 6.4604e-6 -0.8248858 0.2261846 -0.9616739 0.1549967 0.8248891 0 0.5652948 -0.5652824 0 0.8248975 0 -1 0 0.7855424 0.3052119 0.5383019 -0.8249039 0.006804347 -0.5652323 -0.5382812 0.3052238 0.785552 0.5383219 0.3051773 -0.7855422 -0.7855516 0.3052408 -0.5382721 0.8248749 0.006805062 0.5652744 -0.5653229 0.006802558 0.8248417 0.5652781 0.006804108 -0.8248724 0 1 -4.07252e-6 -0.5652695 0 0.8249063 0.5652565 0 -0.8249152 -0.8249061 0 -0.56527 0.8248999 0 0.5652789 0.738685 -0.4451529 0.5061458 -0.8246846 0.02363538 -0.5650989 -0.5652686 0 0.8249068 0.5652675 5.76868e-5 -0.8249077 -1.6924e-5 -1 -1.12183e-5 0.00432831 0.9999864 0.002960503 0.5822941 0.7083332 0.3989959 -0.591925 -0.6964775 -0.4056402 0.5652616 1.63446e-5 -0.8249118 -0.5652664 1.10248e-6 0.8249084 0.824696 -0.0228371 0.5651152 -0.6407379 0.629821 -0.4390679 -0.5652627 8.83458e-6 0.8249109 0.5652813 -3.39521e-6 -0.8248983 0.5652893 0 -0.8248927 -0.5652848 6.45971e-6 0.8248959 -0.2261727 -0.9616786 -0.1549853 0.583673 0 -0.811989 -0.5837017 0 0.8119682 0 -1 0 0.7732648 0.3051964 0.5558028 -0.8119449 0.006805241 -0.5836945 -0.5558388 0.3051852 0.7732434 0.5558268 0.305233 -0.7732332 -0.7732437 0.3051918 -0.5558348 0.8120104 0.006805717 0.5836032 -0.5836541 0.006805241 0.811974 0.583657 0.00680375 -0.8119719 -0.58368 0 0.8119838 0.5836609 0 -0.8119977 0.8119563 0 0.5837184 0.7270743 -0.4452361 0.5226163 -0.8117461 0.02357649 -0.5835344 -0.5836786 2.19684e-5 0.8119848 0.5836693 2.78787e-5 -0.8119915 -1.66612e-5 -1 -1.12179e-5 0.004260241 0.9999862 0.003062486 0.5731742 0.7083371 0.4119829 -0.5826735 -0.6964892 -0.4188014 0.5836575 -1.63435e-5 -0.812 -0.5836685 1.87418e-5 0.8119921 0.8117726 -0.02282702 0.5835276 -0.6307095 0.629827 -0.453347 -0.5836629 -8.83454e-6 0.8119962 0.5836608 -1.86736e-5 -0.8119977 0.5837349 5.23524e-6 -0.8119444 -0.5837379 -8.61275e-6 0.8119422 -0.2226396 -0.9616767 -0.1600302 -0.5836791 0 0.8119845 -0.8119935 0 -0.5836666 0.5836718 0 -0.8119897 4.29536e-7 -1 3.33374e-7 -0.7732456 0.3052073 -0.5558236 0.8119985 0.006806552 0.58362 0.5558359 0.3051657 -0.7732532 -0.5558119 0.3052335 0.7732437 0.7732453 0.3051925 0.5558321 -0.811957 0.006804406 -0.5836777 0.5836648 0.006806313 -0.8119663 -0.5836619 0.00680381 0.8119683 0 1 -4.07266e-6 0.8119884 0 0.5836737 -0.8119884 0 -0.5836737 -0.727109 -0.4452103 -0.5225901 0.8118052 0.02354091 0.5834537 0.5836825 -2.19689e-5 -0.8119821 -0.5836768 -2.31444e-5 0.8119861 1.66588e-5 -1 1.82295e-5 -0.004260003 0.9999862 -0.003070354 -0.5731533 0.7083536 -0.4119837 0.5826575 -0.6964915 0.4188198 -0.5836691 1.63438e-5 0.8119917 0.5837081 1.10247e-6 -0.8119636 -0.8117652 -0.02282506 -0.5835378 0.6307104 0.6298156 0.4533616 0 1 -1.04562e-6 0.5836713 8.83467e-6 -0.8119901 -0.5836882 3.39527e-5 0.8119779 -0.58369 1.04696e-5 0.8119767 0.5836699 1.86617e-5 -0.8119912 0 1 -5.4362e-6 0.2226653 -0.9616672 0.1600512 -0.2588338 0 0.9659219 -0.9659235 0 -0.2588278 0.2588196 0 -0.9659257 2.75143e-7 -1 0 -0.9198458 0.3051958 -0.2464535 0.9659067 0.006804764 0.2588012 0.2465268 0.3051767 -0.9198325 -0.2464895 0.3051611 0.9198476 0.9198477 0.3051826 0.2464628 0 1 -5.85754e-6 -0.9659099 0.006804883 -0.2587891 0.2588664 0.006804287 -0.9658892 -0.2588707 0.006801545 0.9658882 0 -1 1.01815e-6 0 1 4.07257e-6 0.2588225 0 -0.9659249 0.9659273 0 0.2588139 -0.9659173 0 -0.258851 -0.8649119 -0.4452248 -0.2317373 0.9656651 0.02363312 0.2587133 0.2588067 -1.64769e-5 -0.9659292 -0.2588151 -3.92318e-5 0.965927 1.98194e-5 -1 0 -0.00506854 0.9999862 -0.001357376 -0.6818268 0.7083359 -0.1826816 0.693157 -0.6964554 0.1856967 -0.258818 -3.26873e-5 0.9659261 0.2589532 -1.81899e-5 -0.9658899 -0.9656755 -0.02284729 -0.2587449 0.75027 0.6298235 0.2010409 0 1 -1.56839e-6 0.2588326 -2.20862e-6 -0.9659222 -0.2588121 2.80107e-5 0.9659277 -0.2588233 -2.61797e-6 0.9659248 0.25881 -3.05051e-6 -0.9659283 0 1 -2.71834e-6 0.2648543 -0.9616734 0.07096886 0.2588377 0 -0.9659208 0.9659269 0 0.2588151 -0.2587946 -1.77806e-7 0.9659324 -0.9659269 -7.11211e-7 -0.2588151 0 -1 0 0.9198429 0.3051853 0.246477 -0.9659093 0.006804287 -0.2587917 -0.2464574 0.3052442 0.9198287 0.2464845 0.305242 -0.9198222 -0.9198444 0.3051806 -0.2464774 0.9659005 0.006804466 0.2588242 -0.2588126 0.00680238 0.9659036 0.2587566 0.00680375 -0.9659187 0 1 -2.03637e-6 -0.2587876 0 0.9659343 0.2588574 0 -0.9659156 0.9659244 0 0.2588244 0.8649255 -0.4451889 0.231756 -0.9656609 0.023579 -0.2587336 -0.2588225 -2.33419e-5 0.965925 0.2587935 -2.71007e-5 -0.9659327 -1.98186e-5 -1 -1.0518e-5 0.005068182 0.9999863 0.001357316 0.6818361 0.7083274 0.1826798 -0.6931394 -0.696465 -0.1857264 0.258816 -3.16656e-5 -0.9659267 -0.25884 -1.72259e-5 0.9659202 0.9656706 -0.02284002 0.2587637 -0.7502813 0.6298143 -0.2010275 0 1 -1.56836e-6 -0.2588337 -2.76079e-6 0.9659219 0.2588205 -1.61271e-5 -0.9659255 0.2587679 3.27229e-6 -0.9659396 -0.2588102 -3.09538e-6 0.9659283 -0.2648537 -0.9616736 -0.07096868 0.258805 0 -0.9659296 0.9659232 0 0.2588292 -0.2587998 0 0.965931 2.35841e-7 -1 0 0.9198469 0.3051698 0.2464817 -0.9658987 0.006806254 -0.258831 -0.2464579 0.3051822 0.9198491 0.2464612 0.3051869 -0.9198467 -0.9198367 0.3052026 -0.2464789 0 1 -1.95264e-6 0.9659065 0.006805956 0.258802 -0.2588259 0.006804645 0.9659001 0.2588191 0.006804883 -0.9659019 0 -1 4.07269e-6 0 1 2.03616e-6 -0.2588355 0 0.9659215 0.2588427 0 -0.9659196 -0.9659147 0 -0.2588607 0.9659305 0 0.2588019 0.8649101 -0.4452239 0.2317459 -0.9656376 0.02356213 -0.258822 -0.2588131 -4.39367e-5 0.9659274 0.2588147 2.52491e-5 -0.965927 -1.98176e-5 -1 -1.54252e-5 0.005068242 0.9999863 0.001363456 0.681824 0.7083362 0.1826909 -0.6931194 -0.6964874 -0.1857171 0.2588257 -1.63436e-5 -0.9659241 -0.2588416 -3.03168e-5 0.9659198 0.9656691 -0.02280777 0.2587723 -0.7502822 0.6298108 -0.2010354 0 1 -2.09123e-6 -0.2588306 -1.7669e-5 0.9659228 0.258838 3.73469e-5 -0.9659208 0.2587951 5.23556e-6 -0.9659323 -0.2588039 -1.50734e-5 0.9659299 0 1 2.71831e-6 -0.2648419 -0.9616764 -0.0709744 -0.2588374 0 0.9659209 -0.965929 0 -0.2588073 0.2587971 0 -0.9659317 2.75142e-7 -1 0 -0.9198476 0.3051881 -0.2464565 0.96589 0.006805896 0.2588638 0.2464615 0.3051827 -0.919848 -0.2464894 0.305176 0.9198427 0.9198491 0.3051621 0.2464829 -0.9658913 0.006802797 -0.2588591 0.2588016 0.006805181 -0.9659066 -0.2588027 0.006805598 0.9659063 0 -1 -1.01818e-6 0 1 4.07269e-6 0.2587965 0 -0.9659319 -0.2588042 0 0.9659298 0.9659188 0 0.2588452 -0.9659269 0 -0.2588152 -0.8649514 -0.4451488 -0.2317359 0.9656576 0.02361077 0.2587431 0.2588173 2.19691e-5 -0.9659263 -0.2588092 -2.63006e-7 0.9659286 1.98184e-5 -1 0 -0.005068063 0.9999862 -0.001352667 -0.6818254 0.7083382 -0.1826775 0.6931314 -0.6964761 0.1857148 -0.2588303 0 0.9659229 0.2588273 1.43327e-5 -0.9659236 -0.9656703 -0.02286171 -0.2587631 0.7502828 0.6298088 0.2010393 0 1 -5.22803e-7 0.2588329 0 -0.9659222 -0.258827 2.20683e-5 0.9659237 -0.2587926 0 0.965933 0.2588063 -7.17758e-7 -0.9659293 0.2648482 -0.9616758 0.07095867 0.5244699 -0.7718654 0.3593817 0.2261941 -0.9616709 0.1550014 0.5374863 -0.734815 -0.4137095 -0.1097683 -0.991107 -0.07521849 -0.1918474 -0.7348212 0.6505631 -0.5244378 -0.7718863 -0.3593837 -0.2261743 -0.961674 -0.1550105 -0.5374989 -0.7348034 0.4137136 0.1097675 -0.9911072 0.07521802 0.1918223 -0.7348162 -0.6505763 -0.5162319 -0.7718906 -0.3710655 -0.2226483 -0.9616726 -0.1600423 -0.5466482 -0.7348071 0.40154 0.108047 -0.9911072 0.07766926 0.2064505 -0.7347928 -0.6461097 0.5162511 -0.7718989 0.3710215 0.2226717 -0.9616692 0.160031 0.5466711 -0.734807 -0.4015091 -0.1080536 -0.9911066 -0.07766735 -0.2064038 -0.7347832 0.6461355 0.6141037 -0.7718773 0.1645669 0.2648708 -0.961668 0.07098007 0.3693422 -0.7347983 -0.5689094 -0.1285282 -0.9911076 -0.034442 0.03536164 -0.7348334 0.6773253 -0.614139 -0.7718501 -0.1645628 -0.2648283 -0.9616799 -0.07097685 -0.3693588 -0.73481 0.5688834 0.128526 -0.9911081 0.03443801 -0.03544926 -0.7348389 -0.6773147 -0.6141236 -0.7718613 -0.1645671 -0.2648646 -0.9616702 -0.07097417 -0.3693484 -0.7347999 0.5689033 0.12853 -0.9911072 0.03444743 -0.03543418 -0.7348415 -0.6773127 0.614121 -0.7718581 0.164592 0.2648503 -0.9616738 0.0709784 0.3693456 -0.7348089 -0.5688936 -0.1285375 -0.9911065 -0.03444021 0.03541773 -0.7348273 0.6773289 0.5244523 -0.7718858 0.3593634 0.2261956 -0.9616736 0.1549819 0.5374833 -0.7348082 -0.4137253 -0.1097631 -0.9911079 -0.07521414 -0.1918166 -0.7347974 0.6505991 -0.5244337 -0.7718907 -0.3593803 -0.2261935 -0.9616683 -0.1550188 -0.5374856 -0.7347838 0.4137657 0.1097518 -0.9911085 0.07522338 0.1918265 -0.7348043 -0.6505884 -0.5162467 -0.7718711 -0.3710855 -0.2226548 -0.9616722 -0.1600363 -0.5466584 -0.7347978 0.401543 0.1080478 -0.9911075 0.07766318 0.2063855 -0.734817 -0.646103 0.5162541 -0.7718635 0.3710908 0.2226712 -0.9616669 0.1600449 0.5466514 -0.7348451 -0.4014662 -0.1080521 -0.9911069 -0.07766622 -0.2063968 -0.734821 0.6460948 0.6141015 -0.7718834 0.1645464 0.2648639 -0.9616717 0.07095688 0.3693565 -0.7347978 -0.5689007 -0.1285442 -0.9911059 -0.03443509 0.03541779 -0.734805 0.6773531 -0.6140893 -0.7718926 -0.1645481 -0.2648947 -0.9616621 -0.07097226 -0.3692769 -0.7348245 0.5689179 0.1285303 -0.9911072 0.03444355 -0.03541874 -0.73482 -0.6773368 -0.6140914 -0.7718927 -0.1645401 -0.2648575 -0.9616718 -0.07097858 -0.3693428 -0.7348101 0.5688937 0.1285254 -0.9911081 0.03443914 -0.03541737 -0.7348129 -0.6773445 0.6141049 -0.7718817 0.1645414 0.3693267 -0.7347838 -0.5689383 -0.1285281 -0.9911078 -0.034437 0.03542417 -0.7348129 0.6773443 -0.9238798 0 -0.382683 -1.20835e-7 1 0 0 1 0 0 1 0 0 1 0 0 1 0 0 1 0 0 1 0 0 1 0 0 1 0 -1.22158e-7 1 0 0 1 0 -1.20836e-7 1 0 -1.22644e-7 1 0 0 1 0 -0.7933537 0 -0.6087611 -0.9914449 0 -0.130526 -0.7582569 0 -0.651956 -0.7582567 0 -0.6519562 -1.29672e-7 1 0 0.9914449 3.37108e-7 0.1305259 -0.7933529 0 -0.6087621 0 1 0 0 1 0 -1.22503e-7 1 0 0.7582557 0 0.6519574 -0.9238794 0 -0.3826837 0.991445 0 0.1305252 0.7933537 0 0.608761 0.7582567 0 0.6519563 0.5609862 0.707106 0.4304598 -0.6532806 0.707108 -0.2705972 -0.6532721 0.7071171 -0.2705937 0.5609953 0.7070945 0.4304668 -0.560993 0.7070973 -0.4304652 -0.7010228 0.7071417 -0.09229189 -0.5609821 0.7071112 -0.4304565 0.653258 0.7071321 0.2705888 0.7010433 0.7071211 0.09229338 -0.7010495 0.7071148 -0.09229522 0.7010411 0.7071232 0.09229397 -0.6532306 0.7071618 -0.2705772 0 1 0 0 1 0 0 1 0 0 1 0 0 1 0 0 1 0 0 1 0 0 1 0 0 1 0 0 1 0 0 1 0 0 1 0 0 1 0 0 1 0 0 1 0 0 1 0 0 1 0 0 1 0 0 1 0 0 1 0 0 1 0 0 1 0 -0.991445 0 -0.1305253 -0.9238798 0 -0.3826829 -0.9914448 0 -0.1305267 0.7933535 0 0.6087613 0 1 0 0.9238797 0 0.3826833 -0.7933531 0 -0.6087617 -1.20836e-7 1 0 0 1 0 0 1 0 0.7933532 0 0.6087616 0.9238798 0 0.3826829 0.9914449 -1.70246e-6 0.1305261 -0.9238792 0 -0.3826842 -0.793353 0 -0.6087621 0 1 0 0.6532785 0.7071104 0.2705963 0.7010529 0.7071114 0.09229552 -0.5609797 0.7071146 -0.4304543 -0.5609893 0.707102 -0.4304623 0.5609329 0.7071731 0.4304191 0.6532809 0.7071077 0.2705974 0.7010167 0.707148 0.09228998 -0.7010877 0.7070763 -0.09229975 0.653315 0.7070704 0.2706122 -0.6533458 0.7070369 -0.2706254 0.5609859 0.707106 0.4304602 0 1 0 0 1 0 0 1 0 0 1 0 0 1 0 0 1 0 -1.29672e-7 1 0 0 1 0 -1.36157e-7 1 0 0.9914448 0 0.130527 0.5346384 0.7091183 0.4596881 0 1 0 0 1 0 0.9238795 0 0.3826837 -1.29152e-7 1 0 0 1 0 0 1 0 -0.7010565 0.7071077 -0.09229576 0 1 0 0 1 0 0 1 0 0.7933537 0 0.608761 -0.5346161 0.7091481 -0.459668 0 1 0 -0.5346156 0.7091485 -0.4596678 0.9238793 0 0.3826841 -0.9914449 2.79378e-6 -0.1305266 0.5346272 0.7091337 0.4596774 -0.9238797 0 -0.3826831</float_array>
          <technique_common>
            <accessor source="#Freeway_S-Curve_mesh-mesh-normals-array" count="886" stride="3">
              <param name="X" type="float"/>
              <param name="Y" type="float"/>
              <param name="Z" type="float"/>
            </accessor>
          </technique_common>
        </source>
        <source id="Freeway_S-Curve_mesh-mesh-map-0">
          <float_array id="Freeway_S-Curve_mesh-mesh-map-0-array" count="5652">0.7186995 0.1917599 0.7186995 0.1917599 0.7186995 0.1917599 0.7186995 0.1917599 0.7186995 0.1917599 0.7186995 0.1917599 0.7186995 0.1917599 0.7186995 0.1917599 0.7186995 0.1917599 0.7186995 0.1917599 0.7186995 0.1917599 0.7186995 0.1917599 0.7186995 0.1917599 0.7186995 0.1917599 0.7186995 0.1917599 0.7186995 0.1917599 0.7186995 0.1917599 0.7186995 0.1917599 0.7186995 0.1917599 0.7186995 0.1917599 0.7186995 0.1917599 0.7186995 0.1917599 0.7186995 0.1917599 0.7186995 0.1917599 0.7186995 0.1917599 0.7186995 0.1917599 0.7186995 0.1917599 0.7186995 0.1917599 0.7186995 0.1917599 0.7186995 0.1917599 0.7186995 0.1917599 0.7186995 0.1917599 0.7186995 0.1917599 0.7186995 0.1917599 0.7186995 0.1917599 0.7186995 0.1917599 0.7186995 0.1917599 0.7186995 0.1917599 0.7186995 0.1917599 0.7186995 0.1917599 0.7186995 0.1917599 0.7186995 0.1917599 0.7186995 0.1908133 0.7186995 0.1908133 0.7186995 0.1908133 0.7186995 0.1908133 0.7186995 0.1908133 0.7186995 0.1908133 0.7186995 0.1908133 0.7186995 0.1908133 0.7186995 0.1908133 0.7186995 0.1908133 0.7186995 0.1908133 0.7186995 0.1908133 0.7186995 0.1908133 0.7186995 0.1908133 0.7186995 0.1908133 0.7186995 0.1908133 0.7186995 0.1908133 0.7186995 0.1908133 0.7186995 0.1898668 0.7186995 0.1898668 0.7186995 0.1898668 0.7186995 0.1898668 0.7186995 0.1898668 0.7186995 0.1898668 0.7186995 0.1898668 0.7186995 0.1898668 0.7186995 0.1898668 0.7186995 0.1898668 0.7186995 0.1898668 0.7186995 0.1898668 0.7186995 0.1898668 0.7186995 0.1898668 0.7186995 0.1898668 0.7186995 0.1898668 0.7186995 0.1898668 0.7186995 0.1898668 0.7186995 0.1898668 0.7186995 0.1898668 0.7186995 0.1898668 0.7186995 0.1898668 0.7186995 0.1898668 0.7186995 0.1898668 0.7186995 0.1898668 0.7186995 0.1898668 0.7186995 0.1898668 0.7186995 0.1898668 0.7186995 0.1898668 0.7186995 0.1898668 0.6825965 0.5143727 0.6962286 0.5257429 0.6869122 0.5270113 0.6834256 0.55642 0.7182328 0.5709113 0.6729954 0.5798593 0.6845972 0.5322914 0.7051374 0.5549119 0.6834256 0.55642 0.6569904 0.5002998 0.6834256 0.55642 0.6729954 0.5798593 0.7186999 0.5002998 0.7051374 0.5549119 0.6989937 0.5292078 0.6962286 0.5257429 0.7186999 0.5002998 0.6989937 0.5292078 0.6869122 0.5270113 0.6569904 0.5002998 0.6825965 0.5143727 0.6962286 0.5257429 0.6845972 0.5322914 0.6869122 0.5270113 0.6996506 0.5114468 0.6569904 0.5002998 0.7186999 0.5002998 0.7186995 0.1889203 0.7186995 0.1889203 0.7186995 0.1889203 0.7186995 0.1889203 0.7186995 0.1889203 0.7186995 0.1889203 0.7186995 0.1889203 0.7186995 0.1889203 0.7186995 0.1889203 0.7186995 0.1889203 0.7186995 0.1889203 0.7186995 0.1889203 0.7186995 0.1889203 0.7186995 0.1889203 0.7186995 0.1889203 0.7186995 0.1889203 0.7186995 0.1889203 0.7186995 0.1889203 0.7186995 0.1889203 0.7186995 0.1889203 0.7186995 0.1889203 0.7186995 0.1889203 0.7186995 0.1889203 0.7186995 0.1889203 0.7186995 0.1889203 0.7186995 0.1889203 0.7186995 0.1889203 0.7186995 0.1889203 0.7186995 0.1889203 0.7186995 0.1889203 0.7186995 0.1889203 0.7186995 0.1889203 0.7186995 0.1889203 0.7186995 0.1889203 0.7186995 0.1889203 0.7186995 0.1889203 0.7186995 0.1889203 0.7186995 0.1889203 0.7186995 0.1889203 0.7186995 0.1889203 0.7186995 0.1889203 0.7186995 0.1889203 0.7186995 0.1879737 0.7186995 0.1879737 0.7186995 0.1879737 0.7186995 0.1879737 0.7186995 0.1879737 0.7186995 0.1879737 0.7186995 0.1879737 0.7186995 0.1879737 0.7186995 0.1879737 0.7186995 0.1879737 0.7186995 0.1879737 0.7186995 0.1879737 0.7186995 0.1879737 0.7186995 0.1879737 0.7186995 0.1879737 0.7186995 0.1879737 0.7186995 0.1879737 0.7186995 0.1879737 0.7186995 0.1870272 0.7186995 0.1870272 0.7186995 0.1870272 0.7186995 0.1870272 0.7186995 0.1870272 0.7186995 0.1870272 0.7186995 0.1870272 0.7186995 0.1870272 0.7186995 0.1870272 0.7186995 0.1870272 0.7186995 0.1870272 0.7186995 0.1870272 0.7186995 0.1870272 0.7186995 0.1870272 0.7186995 0.1870272 0.7186995 0.1870272 0.7186995 0.1870272 0.7186995 0.1870272 0.7186995 0.1870272 0.7186995 0.1870272 0.7186995 0.1870272 0.7186995 0.1870272 0.7186995 0.1870272 0.7186995 0.1870272 0.7186995 0.1870272 0.7186995 0.1870272 0.7186995 0.1870272 0.7186995 0.1870272 0.7186995 0.1870272 0.7186995 0.1870272 0.6779128 0.7217805 0.692468 0.7105764 0.6947731 0.7232599 0.7170396 0.6613138 0.6809252 0.6793271 0.6713361 0.6613138 0.6960693 0.7062056 0.6809252 0.6793271 0.702294 0.6821727 0.7186999 0.7438656 0.702294 0.6821727 0.7170396 0.6613138 0.6578079 0.7290874 0.6809252 0.6793271 0.6815032 0.7043487 0.6832519 0.7082375 0.6578079 0.7290874 0.6815032 0.7043487 0.692468 0.7105764 0.7186999 0.7438656 0.6947731 0.7232599 0.6832519 0.7082375 0.6960693 0.7062056 0.692468 0.7105764 0.6779128 0.7217805 0.7186999 0.7438656 0.6578079 0.7290874 0.7186995 0.1860806 0.7186995 0.1860806 0.7186995 0.1860806 0.7186995 0.1860806 0.7186995 0.1860806 0.7186995 0.1860806 0.7186995 0.1860806 0.7186995 0.1860806 0.7186995 0.1860806 0.7186995 0.1860806 0.7186995 0.1860806 0.7186995 0.1860806 0.7186995 0.1860806 0.7186995 0.1860806 0.7186995 0.1860806 0.7186995 0.1860806 0.7186995 0.1860806 0.7186995 0.1860806 0.7186995 0.1860806 0.7186995 0.1860806 0.7186995 0.1860806 0.7186995 0.1860806 0.7186995 0.1860806 0.7186995 0.1860806 0.7186995 0.1860806 0.7186995 0.1860806 0.7186995 0.1860806 0.7186995 0.1860806 0.7186995 0.1860806 0.7186995 0.1860806 0.7186995 0.1860806 0.7186995 0.1860806 0.7186995 0.1860806 0.7186995 0.1860806 0.7186995 0.1860806 0.7186995 0.1860806 0.7186995 0.1860806 0.7186995 0.1860806 0.7186995 0.1860806 0.7186995 0.1860806 0.7186995 0.1860806 0.7186995 0.1860806 0.7186995 0.1851341 0.7186995 0.1851341 0.7186995 0.1851341 0.7186995 0.1851341 0.7186995 0.1851341 0.7186995 0.1851341 0.7186995 0.1851341 0.7186995 0.1851341 0.7186995 0.1851341 0.7186995 0.1851341 0.7186995 0.1851341 0.7186995 0.1851341 0.7186995 0.1851341 0.7186995 0.1851341 0.7186995 0.1851341 0.7186995 0.1851341 0.7186995 0.1851341 0.7186995 0.1851341 0.7186995 0.1841875 0.7186995 0.1841875 0.7186995 0.1841875 0.7186995 0.1841875 0.7186995 0.1841875 0.7186995 0.1841875 0.7186995 0.1841875 0.7186995 0.1841875 0.7186995 0.1841875 0.7186995 0.1841875 0.7186995 0.1841875 0.7186995 0.1841875 0.7186995 0.1841875 0.7186995 0.1841875 0.7186995 0.1841875 0.7186995 0.1841875 0.7186995 0.1841875 0.7186995 0.1841875 0.7186995 0.1841875 0.7186995 0.1841875 0.7186995 0.1841875 0.7186995 0.1841875 0.7186995 0.1841875 0.7186995 0.1841875 0.7186995 0.1841875 0.7186995 0.1841875 0.7186995 0.1841875 0.7186995 0.1841875 0.7186995 0.1841875 0.7186995 0.1841875 0.6825981 0.5948801 0.6962292 0.6062493 0.6869134 0.6075176 0.6729978 0.6603671 0.7051388 0.6354179 0.7182346 0.651416 0.6845983 0.6127986 0.7051388 0.6354179 0.6834273 0.6369267 0.6569892 0.5808061 0.6834273 0.6369267 0.6729978 0.6603671 0.7186997 0.5808061 0.7051388 0.6354179 0.6989941 0.6097144 0.6962292 0.6062493 0.7186997 0.5808061 0.6989941 0.6097144 0.6869134 0.6075176 0.6569892 0.5808061 0.6825981 0.5948801 0.6962292 0.6062493 0.6845983 0.6127986 0.6869134 0.6075176 0.69965 0.5919542 0.6569892 0.5808061 0.7186997 0.5808061 0.7186995 0.183241 0.7186995 0.183241 0.7186995 0.183241 0.7186995 0.183241 0.7186995 0.183241 0.7186995 0.183241 0.7186995 0.183241 0.7186995 0.183241 0.7186995 0.183241 0.7186995 0.183241 0.7186995 0.183241 0.7186995 0.183241 0.7186995 0.183241 0.7186995 0.183241 0.7186995 0.183241 0.7186995 0.183241 0.7186995 0.183241 0.7186995 0.183241 0.7186995 0.183241 0.7186995 0.183241 0.7186995 0.183241 0.7186995 0.183241 0.7186995 0.183241 0.7186995 0.183241 0.7186995 0.183241 0.7186995 0.183241 0.7186995 0.183241 0.7186995 0.183241 0.7186995 0.183241 0.7186995 0.183241 0.7186995 0.183241 0.7186995 0.183241 0.7186995 0.183241 0.7186995 0.183241 0.7186995 0.183241 0.7186995 0.183241 0.7186995 0.183241 0.7186995 0.183241 0.7186995 0.183241 0.7186995 0.183241 0.7186995 0.183241 0.7186995 0.183241 0.7186995 0.1822944 0.7186995 0.1822944 0.7186995 0.1822944 0.7186995 0.1822944 0.7186995 0.1822944 0.7186995 0.1822944 0.7186995 0.1822944 0.7186995 0.1822944 0.7186995 0.1822944 0.7186995 0.1822944 0.7186995 0.1822944 0.7186995 0.1822944 0.7186995 0.1822944 0.7186995 0.1822944 0.7186995 0.1822944 0.7186995 0.1822944 0.7186995 0.1822944 0.7186995 0.1822944 0.7186995 0.1813479 0.7186995 0.1813479 0.7186995 0.1813479 0.7186995 0.1813479 0.7186995 0.1813479 0.7186995 0.1813479 0.7186995 0.1813479 0.7186995 0.1813479 0.7186995 0.1813479 0.7186995 0.1813479 0.7186995 0.1813479 0.7186995 0.1813479 0.7186995 0.1813479 0.7186995 0.1813479 0.7186995 0.1813479 0.7186995 0.1813479 0.7186995 0.1813479 0.7186995 0.1813479 0.7186995 0.1813479 0.7186995 0.1813479 0.7186995 0.1813479 0.7186995 0.1813479 0.7186995 0.1813479 0.7186995 0.1813479 0.7186995 0.1813479 0.7186995 0.1813479 0.7186995 0.1813479 0.7186995 0.1813479 0.7186995 0.1813479 0.7186995 0.1813479 0.6956396 0.4365368 0.6822956 0.4481714 0.6779533 0.4337802 0.6627696 0.4993535 0.6970466 0.4789324 0.7084031 0.4965149 0.694059 0.453763 0.6753556 0.4777753 0.6792908 0.4527423 0.6566458 0.4226634 0.6753556 0.4777753 0.6627696 0.4993535 0.7186993 0.4226634 0.6970466 0.4789324 0.694059 0.453763 0.6918929 0.4499114 0.7186993 0.4226634 0.694059 0.453763 0.6822956 0.4481714 0.6566458 0.4226634 0.6779533 0.4337802 0.6918929 0.4499114 0.6792908 0.4527423 0.6822956 0.4481714 0.6779533 0.4337802 0.7186993 0.4226634 0.6956396 0.4365368 0.7186995 0.1804014 0.7186995 0.1804014 0.7186995 0.1804014 0.7186995 0.1804014 0.7186995 0.1804014 0.7186995 0.1804014 0.7186995 0.1804014 0.7186995 0.1804014 0.7186995 0.1804014 0.7186995 0.1804014 0.7186995 0.1804014 0.7186995 0.1804014 0.7186995 0.1804014 0.7186995 0.1804014 0.7186995 0.1804014 0.7186995 0.1804014 0.7186995 0.1804014 0.7186995 0.1804014 0.7186995 0.1804014 0.7186995 0.1804014 0.7186995 0.1804014 0.7186995 0.1804014 0.7186995 0.1804014 0.7186995 0.1804014 0.7186995 0.1804014 0.7186995 0.1804014 0.7186995 0.1804014 0.7186995 0.1804014 0.7186995 0.1804014 0.7186995 0.1804014 0.7186995 0.1804014 0.7186995 0.1804014 0.7186995 0.1804014 0.7186995 0.1804014 0.7186995 0.1804014 0.7186995 0.1804014 0.7186995 0.1804014 0.7186995 0.1804014 0.7186995 0.1804014 0.7186995 0.1804014 0.7186995 0.1804014 0.7186995 0.1804014 0.7186995 0.1794549 0.7186995 0.1794549 0.7186995 0.1794549 0.7186995 0.1794549 0.7186995 0.1794549 0.7186995 0.1794549 0.7186995 0.1794549 0.7186995 0.1794549 0.7186995 0.1794549 0.7186995 0.1794549 0.7186995 0.1794549 0.7186995 0.1794549 0.7186995 0.1794549 0.7186995 0.1794549 0.7186995 0.1794549 0.7186995 0.1794549 0.7186995 0.1794549 0.7186995 0.1794549 0.7186995 0.1785083 0.7186995 0.1785083 0.7186995 0.1785083 0.7186995 0.1785083 0.7186995 0.1785083 0.7186995 0.1785083 0.7186995 0.1785083 0.7186995 0.1785083 0.7186995 0.1785083 0.7186995 0.1785083 0.7186995 0.1785083 0.7186995 0.1785083 0.7186995 0.1785083 0.7186995 0.1785083 0.7186995 0.1785083 0.7186995 0.1785083 0.7186995 0.1785083 0.7186995 0.1785083 0.7186995 0.1785083 0.7186995 0.1785083 0.7186995 0.1785083 0.7186995 0.1785083 0.7186995 0.1785083 0.7186995 0.1785083 0.7186995 0.1785083 0.7186995 0.1785083 0.7186995 0.1785083 0.7186995 0.1785083 0.7186995 0.1785083 0.7186995 0.1785083 0.6819035 0.7657783 0.693216 0.7809218 0.6841031 0.7783466 0.6596465 0.8278442 0.6957533 0.8098616 0.705321 0.827844 0.6949148 0.7848824 0.6744592 0.8069996 0.680535 0.7825495 0.6579708 0.7448121 0.6744592 0.8069996 0.6596465 0.8278442 0.7186995 0.760339 0.6957533 0.8098616 0.6949148 0.7848824 0.693216 0.7809218 0.7186995 0.760339 0.6949148 0.7848824 0.6841031 0.7783466 0.6579708 0.7448121 0.6819035 0.7657783 0.693216 0.7809218 0.680535 0.7825495 0.6841031 0.7783466 0.6986627 0.7674358 0.6579708 0.7448121 0.7186995 0.760339 0.7186995 0.1775618 0.7186995 0.1775618 0.7186995 0.1775618 0.7186995 0.1775618 0.7186995 0.1775618 0.7186995 0.1775618 0.7186995 0.1775618 0.7186995 0.1775618 0.7186995 0.1775618 0.7186995 0.1775618 0.7186995 0.1775618 0.7186995 0.1775618 0.7186995 0.1775618 0.7186995 0.1775618 0.7186995 0.1775618 0.7186995 0.1775618 0.7186995 0.1775618 0.7186995 0.1775618 0.7186995 0.1775618 0.7186995 0.1775618 0.7186995 0.1775618 0.7186995 0.1775618 0.7186995 0.1775618 0.7186995 0.1775618 0.7186995 0.1775618 0.7186995 0.1775618 0.7186995 0.1775618 0.7186995 0.1775618 0.7186995 0.1775618 0.7186995 0.1775618 0.7186995 0.1775618 0.7186995 0.1775618 0.7186995 0.1775618 0.7186995 0.1775618 0.7186995 0.1775618 0.7186995 0.1775618 0.7186995 0.1775618 0.7186995 0.1775618 0.7186995 0.1775618 0.7186995 0.1775618 0.7186995 0.1775618 0.7186995 0.1775618 0.7186995 0.1766152 0.7186995 0.1766152 0.7186995 0.1766152 0.7186995 0.1766152 0.7186995 0.1766152 0.7186995 0.1766152 0.7186995 0.1766152 0.7186995 0.1766152 0.7186995 0.1766152 0.7186995 0.1766152 0.7186995 0.1766152 0.7186995 0.1766152 0.7186995 0.1766152 0.7186995 0.1766152 0.7186995 0.1766152 0.7186995 0.1766152 0.7186995 0.1766152 0.7186995 0.1766152 0.7186995 0.1756687 0.7186995 0.1756687 0.7186995 0.1756687 0.7186995 0.1756687 0.7186995 0.1756687 0.7186995 0.1756687 0.7186995 0.1756687 0.7186995 0.1756687 0.7186995 0.1756687 0.7186995 0.1756687 0.7186995 0.1756687 0.7186995 0.1756687 0.7186995 0.1756687 0.7186995 0.1756687 0.7186995 0.1756687 0.7186995 0.1756687 0.7186995 0.1756687 0.7186995 0.1756687 0.7186995 0.1756687 0.7186995 0.1756687 0.7186995 0.1756687 0.7186995 0.1756687 0.7186995 0.1756687 0.7186995 0.1756687 0.7186995 0.1756687 0.7186995 0.1756687 0.7186995 0.1756687 0.7186995 0.1756687 0.7186995 0.1756687 0.7186995 0.1756687 0.6770289 0.3571738 0.6902898 0.3727036 0.6808882 0.3716591 0.6595815 0.4217168 0.6946462 0.4028041 0.7054859 0.4209443 0.692745 0.3779443 0.6729502 0.400711 0.6782118 0.3752087 0.6570122 0.3460106 0.6729502 0.400711 0.6595815 0.4217168 0.7186999 0.3460106 0.6946462 0.4028041 0.692745 0.3779443 0.6902898 0.3727036 0.7186999 0.3460106 0.692745 0.3779443 0.6808882 0.3716591 0.6570122 0.3460106 0.6770289 0.3571738 0.6808882 0.3716591 0.692745 0.3779443 0.6782118 0.3752087 0.6770289 0.3571738 0.7186999 0.3460106 0.6942895 0.3599765 0.7186995 0.1747221 0.7186995 0.1747221 0.7186995 0.1747221 0.7186995 0.1747221 0.7186995 0.1747221 0.7186995 0.1747221 0.7186995 0.1747221 0.7186995 0.1747221 0.7186995 0.1747221 0.7186995 0.1747221 0.7186995 0.1747221 0.7186995 0.1747221 0.7186995 0.1747221 0.7186995 0.1747221 0.7186995 0.1747221 0.7186995 0.1747221 0.7186995 0.1747221 0.7186995 0.1747221 0.7186995 0.1747221 0.7186995 0.1747221 0.7186995 0.1747221 0.7186995 0.1747221 0.7186995 0.1747221 0.7186995 0.1747221 0.7186995 0.1747221 0.7186995 0.1747221 0.7186995 0.1747221 0.7186995 0.1747221 0.7186995 0.1747221 0.7186995 0.1747221 0.7186995 0.1747221 0.7186995 0.1747221 0.7186995 0.1747221 0.7186995 0.1747221 0.7186995 0.1747221 0.7186995 0.1747221 0.7186995 0.1747221 0.7186995 0.1747221 0.7186995 0.1747221 0.7186995 0.1747221 0.7186995 0.1747221 0.7186995 0.1747221 0.7186995 0.1737756 0.7186995 0.1737756 0.7186995 0.1737756 0.7186995 0.1737756 0.7186995 0.1737756 0.7186995 0.1737756 0.7186995 0.1737756 0.7186995 0.1737756 0.7186995 0.1737756 0.7186995 0.1737756 0.7186995 0.1737756 0.7186995 0.1737756 0.7186995 0.1737756 0.7186995 0.1737756 0.7186995 0.1737756 0.7186995 0.1737756 0.7186995 0.1737756 0.7186995 0.1737756 0.7186995 0.172829 0.7186995 0.172829 0.7186995 0.172829 0.7186995 0.172829 0.7186995 0.172829 0.7186995 0.172829 0.7186995 0.172829 0.7186995 0.172829 0.7186995 0.172829 0.7186995 0.172829 0.7186995 0.172829 0.7186995 0.172829 0.7186995 0.172829 0.7186995 0.172829 0.7186995 0.172829 0.7186995 0.172829 0.7186995 0.172829 0.7186995 0.172829 0.7186995 0.172829 0.7186995 0.172829 0.7186995 0.172829 0.7186995 0.172829 0.7186995 0.172829 0.7186995 0.172829 0.7186995 0.172829 0.7186995 0.172829 0.7186995 0.172829 0.7186995 0.172829 0.7186995 0.172829 0.7186995 0.172829 0.6770282 0.2038699 0.6902891 0.2193998 0.6808874 0.218355 0.6595807 0.2684116 0.6946452 0.2495008 0.7054849 0.2676406 0.6927444 0.2246401 0.6729493 0.2474071 0.6782109 0.2219046 0.6570114 0.1927064 0.6729493 0.2474071 0.6595807 0.2684116 0.7186997 0.1927064 0.6946452 0.2495008 0.6927444 0.2246401 0.6902891 0.2193998 0.7186997 0.1927064 0.6927444 0.2246401 0.6808874 0.218355 0.6570114 0.1927064 0.6770282 0.2038699 0.6808874 0.218355 0.6927444 0.2246401 0.6782109 0.2219046 0.6770282 0.2038699 0.7186997 0.1927064 0.6942889 0.2066727 0.7186995 0.1718825 0.7186995 0.1718825 0.7186995 0.1718825 0.7186995 0.1718825 0.7186995 0.1718825 0.7186995 0.1718825 0.7186995 0.1718825 0.7186995 0.1718825 0.7186995 0.1718825 0.7186995 0.1718825 0.7186995 0.1718825 0.7186995 0.1718825 0.7186995 0.1718825 0.7186995 0.1718825 0.7186995 0.1718825 0.7186995 0.1718825 0.7186995 0.1718825 0.7186995 0.1718825 0.7186995 0.1718825 0.7186995 0.1718825 0.7186995 0.1718825 0.7186995 0.1718825 0.7186995 0.1718825 0.7186995 0.1718825 0.7186995 0.1718825 0.7186995 0.1718825 0.7186995 0.1718825 0.7186995 0.1718825 0.7186995 0.1718825 0.7186995 0.1718825 0.7186995 0.1718825 0.7186995 0.1718825 0.7186995 0.1718825 0.7186995 0.1718825 0.7186995 0.1718825 0.7186995 0.1718825 0.7186995 0.1718825 0.7186995 0.1718825 0.7186995 0.1718825 0.7186995 0.1718825 0.7186995 0.1718825 0.7186995 0.1718825 0.7186995 0.170936 0.7186995 0.170936 0.7186995 0.170936 0.7186995 0.170936 0.7186995 0.170936 0.7186995 0.170936 0.7186995 0.170936 0.7186995 0.170936 0.7186995 0.170936 0.7186995 0.170936 0.7186995 0.170936 0.7186995 0.170936 0.7186995 0.170936 0.7186995 0.170936 0.7186995 0.170936 0.7186995 0.170936 0.7186995 0.170936 0.7186995 0.170936 0.7186995 0.1699894 0.7186995 0.1699894 0.7186995 0.1699894 0.7186995 0.1699894 0.7186995 0.1699894 0.7186995 0.1699894 0.7186995 0.1699894 0.7186995 0.1699894 0.7186995 0.1699894 0.7186995 0.1699894 0.7186995 0.1699894 0.7186995 0.1699894 0.7186995 0.1699894 0.7186995 0.1699894 0.7186995 0.1699894 0.7186995 0.1699894 0.7186995 0.1699894 0.7186995 0.1699894 0.7186995 0.1699894 0.7186995 0.1699894 0.7186995 0.1699894 0.7186995 0.1699894 0.7186995 0.1699894 0.7186995 0.1699894 0.7186995 0.1699894 0.7186995 0.1699894 0.7186995 0.1699894 0.7186995 0.1699894 0.7186995 0.1699894 0.7186995 0.1699894 0.6814232 0.3310982 0.6948249 0.3194152 0.6986845 0.3339011 0.7161321 0.2693582 0.6810673 0.2882699 0.6702275 0.2701293 0.682968 0.3131306 0.702763 0.2903634 0.6975014 0.315866 0.7186999 0.345064 0.702763 0.2903634 0.7161321 0.2693582 0.6570124 0.3450638 0.6810673 0.2882699 0.682968 0.3131306 0.6854231 0.3183712 0.6570124 0.3450638 0.682968 0.3131306 0.6948249 0.3194152 0.7186999 0.345064 0.6986845 0.3339011 0.6948249 0.3194152 0.682968 0.3131306 0.6975014 0.315866 0.6986845 0.3339011 0.6570124 0.3450638 0.6814232 0.3310982 0.1064242 0.8222208 0.08570021 0.6916247 0.1064242 0.6916247 0.2434052 0.6916247 0.2452241 0.5610284 0.2452241 0.6916247 0.2434052 0.8222208 0.2001385 0.6916247 0.2434052 0.6916247 0.1090575 0.2952906 0.1532337 0.1646944 0.1532337 0.2952906 0.1532337 0.6916247 0.1090575 0.5610284 0.1532337 0.5610284 0.2001385 0.8222208 0.2434052 0.952817 0.2001385 0.952817 0.1550527 0.8222208 0.1983195 0.952817 0.1550527 0.952817 0.2434052 0.6916247 0.2001385 0.5610284 0.2434052 0.5610284 0.2452241 0.1646944 0.2894003 0.2952906 0.2452241 0.2952906 0.3127576 0.6916247 0.2920336 0.5610284 0.3127576 0.5610284 0.2894003 0.6916247 0.2452241 0.5610284 0.2894003 0.5610284 0.08570021 0.1646944 0.1064242 0.2952906 0.08570021 0.2952906 0.3127576 0.1646944 0.2920336 0.03409826 0.3127576 0.03409826 0.1090575 0.4258868 0.1532337 0.2952906 0.1532337 0.4258868 0.1077049 0.6916247 0.1090575 0.5610284 0.1090575 0.6916247 0.1077049 0.1646944 0.1090575 0.03409826 0.1090575 0.1646944 0.3604764 0.4258868 0.3140383 0.5610284 0.3140383 0.4258868 0.1077049 0.5610284 0.1090575 0.4258868 0.1090575 0.5610284 0.1064242 0.952817 0.08570021 0.8222208 0.1064242 0.8222208 0.2907529 0.8222208 0.2894003 0.952817 0.2894003 0.8222208 0.3140383 0.4258868 0.3604764 0.2952906 0.3604764 0.4258868 0.1983195 0.6916247 0.2001385 0.5610284 0.2001385 0.6916247 0.1983195 0.5610284 0.1550527 0.6916247 0.1550527 0.5610284 0.3127576 0.8222208 0.2920336 0.6916247 0.3127576 0.6916247 0.2894003 0.5610284 0.2907529 0.4258868 0.2907529 0.5610284 0.3140383 0.2952906 0.3604764 0.1646944 0.3604764 0.2952906 0.03798121 0.952817 0.08441954 0.8222208 0.08441954 0.952817 0.2907529 0.2952906 0.2894003 0.4258868 0.2894003 0.2952906 0.03798121 0.5610284 0.08441954 0.4258868 0.08441954 0.5610284 0.08441954 0.6916247 0.08570021 0.5610284 0.08570021 0.6916247 0.1077049 0.1646944 0.1064242 0.2952906 0.1064242 0.1646944 0.3140383 0.2952906 0.3127576 0.1646944 0.3140383 0.1646944 0.2907529 0.6916247 0.2920336 0.5610284 0.2920336 0.6916247 0.3140383 0.4258868 0.3127576 0.2952906 0.3140383 0.2952906 0.3127576 0.952817 0.3140383 0.8222208 0.3140383 0.952817 0.3127576 0.6916247 0.3140383 0.5610284 0.3140383 0.6916247 0.08441954 0.8222208 0.08570021 0.6916247 0.08570021 0.8222208 0.08441954 0.952817 0.08570021 0.8222208 0.08570021 0.952817 0.1064242 0.8222208 0.1077049 0.952817 0.1064242 0.952817 0.2920336 0.03409826 0.2907529 0.1646944 0.2907529 0.03409826 0.3127576 0.8222208 0.3140383 0.6916247 0.3140383 0.8222208 0.2001385 0.4258868 0.1983195 0.2952906 0.2001385 0.2952906 0.2434052 0.8222208 0.2452241 0.6916247 0.2452241 0.8222208 0.2001385 0.1646944 0.1983195 0.2952906 0.1983195 0.1646944 0.1983195 0.952817 0.2001385 0.8222208 0.2001385 0.952817 0.1550527 0.2952906 0.1532337 0.1646944 0.1550527 0.1646944 0.1550527 0.2952906 0.1532337 0.4258868 0.1532337 0.2952906 0.1550527 0.1646944 0.1532337 0.03409826 0.1550527 0.03409826 0.2434052 0.952817 0.2452241 0.8222208 0.2452241 0.952817 0.1550527 0.1646944 0.1983195 0.2952906 0.1550527 0.2952906 0.2452241 0.8222208 0.2894003 0.952817 0.2452241 0.952817 0.1090575 0.1646944 0.1532337 0.03409826 0.1532337 0.1646944 0.1532337 0.6916247 0.1090575 0.8222208 0.1090575 0.6916247 0.1983195 0.1646944 0.1550527 0.03409826 0.1983195 0.03409826 0.08570021 0.2952906 0.1064242 0.4258868 0.08570021 0.4258868 0.1064242 0.5610284 0.08570021 0.6916247 0.08570021 0.5610284 0.2920336 0.4258868 0.3127576 0.2952906 0.3127576 0.4258868 0.2452241 0.1646944 0.2894003 0.03409826 0.2894003 0.1646944 0.1550527 0.4258868 0.1983195 0.2952906 0.1983195 0.4258868 0.2434052 0.1646944 0.2001385 0.03409826 0.2434052 0.03409826 0.2001385 0.4258868 0.2434052 0.2952906 0.2434052 0.4258868 0.1983195 0.8222208 0.2001385 0.6916247 0.2001385 0.8222208 0.1983195 0.8222208 0.1550527 0.6916247 0.1983195 0.6916247 0.3140383 0.1646944 0.3604764 0.03409826 0.3604764 0.1646944 0.1077049 0.2952906 0.1090575 0.1646944 0.1090575 0.2952906 0.1077049 0.952817 0.1090575 0.8222208 0.1090575 0.952817 0.08441954 0.5610284 0.03798121 0.6916247 0.03798121 0.5610284 0.1532337 0.6916247 0.1550527 0.5610284 0.1550527 0.6916247 0.03798121 0.1646944 0.08441954 0.2952906 0.03798121 0.2952906 0.1077049 0.4258868 0.1090575 0.2952906 0.1090575 0.4258868 0.2920336 0.1646944 0.3127576 0.2952906 0.2920336 0.2952906 0.1532337 0.8222208 0.1550527 0.952817 0.1532337 0.952817 0.2894003 0.6916247 0.2452241 0.8222208 0.2452241 0.6916247 0.03798121 0.2952906 0.08441954 0.4258868 0.03798121 0.4258868 0.2907529 0.1646944 0.2894003 0.2952906 0.2894003 0.1646944 0.03798121 0.03409826 0.08441954 0.1646944 0.03798121 0.1646944 0.1077049 0.8222208 0.1090575 0.6916247 0.1090575 0.8222208 0.3140383 0.6916247 0.3604764 0.5610284 0.3604764 0.6916247 0.2001385 0.03409826 0.1983195 0.1646944 0.1983195 0.03409826 0.2920336 0.1646944 0.2907529 0.2952906 0.2907529 0.1646944 0.08570021 0.03409826 0.08441954 0.1646944 0.08441954 0.03409826 0.1064242 0.5610284 0.1077049 0.6916247 0.1064242 0.6916247 0.1077049 0.2952906 0.1064242 0.4258868 0.1064242 0.2952906 0.2920336 0.4258868 0.2907529 0.2952906 0.2920336 0.2952906 0.08570021 0.1646944 0.08441954 0.2952906 0.08441954 0.1646944 0.2907529 0.8222208 0.2920336 0.952817 0.2907529 0.952817 0.3140383 0.1646944 0.3127576 0.03409826 0.3140383 0.03409826 0.2907529 0.8222208 0.2920336 0.6916247 0.2920336 0.8222208 0.1064242 0.6916247 0.1077049 0.8222208 0.1064242 0.8222208 0.08570021 0.2952906 0.08441954 0.4258868 0.08441954 0.2952906 0.2452241 0.1646944 0.2434052 0.2952906 0.2434052 0.1646944 0.2452241 0.4258868 0.2434052 0.2952906 0.2452241 0.2952906 0.1532337 0.8222208 0.1550527 0.6916247 0.1550527 0.8222208 0.2452241 0.4258868 0.2894003 0.2952906 0.2894003 0.4258868 0.1532337 0.8222208 0.1090575 0.952817 0.1090575 0.8222208 0.2452241 0.03409826 0.2434052 0.1646944 0.2434052 0.03409826 0.08570021 0.1646944 0.1064242 0.03409826 0.1064242 0.1646944 0.2001385 0.1646944 0.2434052 0.2952906 0.2001385 0.2952906 0.3127576 0.8222208 0.2920336 0.952817 0.2920336 0.8222208 0.2907529 0.03409826 0.2894003 0.1646944 0.2894003 0.03409826 0.2920336 0.5610284 0.2907529 0.4258868 0.2920336 0.4258868 0.1983195 0.5610284 0.1550527 0.4258868 0.1983195 0.4258868 0.1550527 0.5610284 0.1532337 0.4258868 0.1550527 0.4258868 0.2907529 0.6916247 0.2894003 0.8222208 0.2894003 0.6916247 0.1064242 0.5610284 0.08570021 0.4258868 0.1064242 0.4258868 0.3127576 0.5610284 0.2920336 0.4258868 0.3127576 0.4258868 0.1532337 0.5610284 0.1090575 0.4258868 0.1532337 0.4258868 0.1077049 0.03409826 0.1064242 0.1646944 0.1064242 0.03409826 0.2894003 0.5610284 0.2452241 0.4258868 0.2894003 0.4258868 0.2452241 0.5610284 0.2434052 0.4258868 0.2452241 0.4258868 0.2001385 0.5610284 0.1983195 0.4258868 0.2001385 0.4258868 0.2907529 0.5610284 0.2894003 0.6916247 0.2894003 0.5610284 0.3140383 0.5610284 0.3127576 0.4258868 0.3140383 0.4258868 0.2434052 0.5610284 0.2001385 0.4258868 0.2434052 0.4258868 0.1077049 0.5610284 0.1064242 0.4258868 0.1077049 0.4258868 0.08441954 0.6916247 0.03798121 0.8222208 0.03798121 0.6916247 0.3604764 0.952817 0.3140383 0.8222208 0.3604764 0.8222208 0.08570021 0.5610284 0.08441954 0.4258868 0.08570021 0.4258868 0.7186995 0.1917599 0.7186995 0.1917599 0.7186995 0.1917599 0.7186995 0.1917599 0.7186995 0.1917599 0.7186995 0.1917599 0.7186995 0.1917599 0.7186995 0.1917599 0.7186995 0.1917599 0.7186995 0.1917599 0.7186995 0.1917599 0.7186995 0.1917599 0.7186995 0.1917599 0.7186995 0.1917599 0.7186995 0.1917599 0.7186995 0.1917599 0.7186995 0.1917599 0.7186995 0.1917599 0.7186995 0.1917599 0.7186995 0.1917599 0.7186995 0.1917599 0.7186995 0.1917599 0.7186995 0.1917599 0.7186995 0.1917599 0.7186995 0.1917599 0.7186995 0.1917599 0.7186995 0.1917599 0.7186995 0.1917599 0.7186995 0.1917599 0.7186995 0.1917599 0.7186995 0.1917599 0.7186995 0.1917599 0.7186995 0.1917599 0.7186995 0.1917599 0.7186995 0.1917599 0.7186995 0.1917599 0.7186995 0.1917599 0.7186995 0.1917599 0.7186995 0.1917599 0.7186995 0.1917599 0.7186995 0.1917599 0.7186995 0.1917599 0.7186995 0.1908133 0.7186995 0.1908133 0.7186995 0.1908133 0.7186995 0.1908133 0.7186995 0.1908133 0.7186995 0.1908133 0.7186995 0.1908133 0.7186995 0.1908133 0.7186995 0.1908133 0.7186995 0.1908133 0.7186995 0.1908133 0.7186995 0.1908133 0.7186995 0.1908133 0.7186995 0.1908133 0.7186995 0.1908133 0.7186995 0.1908133 0.7186995 0.1908133 0.7186995 0.1908133 0.7186995 0.1898668 0.7186995 0.1898668 0.7186995 0.1898668 0.7186995 0.1898668 0.7186995 0.1898668 0.7186995 0.1898668 0.7186995 0.1898668 0.7186995 0.1898668 0.7186995 0.1898668 0.7186995 0.1898668 0.7186995 0.1898668 0.7186995 0.1898668 0.7186995 0.1898668 0.7186995 0.1898668 0.7186995 0.1898668 0.7186995 0.1898668 0.7186995 0.1898668 0.7186995 0.1898668 0.7186995 0.1898668 0.7186995 0.1898668 0.7186995 0.1898668 0.7186995 0.1898668 0.7186995 0.1898668 0.7186995 0.1898668 0.7186995 0.1898668 0.7186995 0.1898668 0.7186995 0.1898668 0.7186995 0.1898668 0.7186995 0.1898668 0.7186995 0.1898668 0.6825965 0.5143727 0.6996506 0.5114468 0.6962286 0.5257429 0.6834256 0.55642 0.7051374 0.5549119 0.7182328 0.5709113 0.6845972 0.5322914 0.6989937 0.5292078 0.7051374 0.5549119 0.6569904 0.5002998 0.6845972 0.5322914 0.6834256 0.55642 0.7186999 0.5002998 0.7182328 0.5709113 0.7051374 0.5549119 0.6962286 0.5257429 0.6996506 0.5114468 0.7186999 0.5002998 0.6869122 0.5270113 0.6845972 0.5322914 0.6569904 0.5002998 0.6962286 0.5257429 0.6989937 0.5292078 0.6845972 0.5322914 0.6996506 0.5114468 0.6825965 0.5143727 0.6569904 0.5002998 0.7186995 0.1889203 0.7186995 0.1889203 0.7186995 0.1889203 0.7186995 0.1889203 0.7186995 0.1889203 0.7186995 0.1889203 0.7186995 0.1889203 0.7186995 0.1889203 0.7186995 0.1889203 0.7186995 0.1889203 0.7186995 0.1889203 0.7186995 0.1889203 0.7186995 0.1889203 0.7186995 0.1889203 0.7186995 0.1889203 0.7186995 0.1889203 0.7186995 0.1889203 0.7186995 0.1889203 0.7186995 0.1889203 0.7186995 0.1889203 0.7186995 0.1889203 0.7186995 0.1889203 0.7186995 0.1889203 0.7186995 0.1889203 0.7186995 0.1889203 0.7186995 0.1889203 0.7186995 0.1889203 0.7186995 0.1889203 0.7186995 0.1889203 0.7186995 0.1889203 0.7186995 0.1889203 0.7186995 0.1889203 0.7186995 0.1889203 0.7186995 0.1889203 0.7186995 0.1889203 0.7186995 0.1889203 0.7186995 0.1889203 0.7186995 0.1889203 0.7186995 0.1889203 0.7186995 0.1889203 0.7186995 0.1889203 0.7186995 0.1889203 0.7186995 0.1879737 0.7186995 0.1879737 0.7186995 0.1879737 0.7186995 0.1879737 0.7186995 0.1879737 0.7186995 0.1879737 0.7186995 0.1879737 0.7186995 0.1879737 0.7186995 0.1879737 0.7186995 0.1879737 0.7186995 0.1879737 0.7186995 0.1879737 0.7186995 0.1879737 0.7186995 0.1879737 0.7186995 0.1879737 0.7186995 0.1879737 0.7186995 0.1879737 0.7186995 0.1879737 0.7186995 0.1870272 0.7186995 0.1870272 0.7186995 0.1870272 0.7186995 0.1870272 0.7186995 0.1870272 0.7186995 0.1870272 0.7186995 0.1870272 0.7186995 0.1870272 0.7186995 0.1870272 0.7186995 0.1870272 0.7186995 0.1870272 0.7186995 0.1870272 0.7186995 0.1870272 0.7186995 0.1870272 0.7186995 0.1870272 0.7186995 0.1870272 0.7186995 0.1870272 0.7186995 0.1870272 0.7186995 0.1870272 0.7186995 0.1870272 0.7186995 0.1870272 0.7186995 0.1870272 0.7186995 0.1870272 0.7186995 0.1870272 0.7186995 0.1870272 0.7186995 0.1870272 0.7186995 0.1870272 0.7186995 0.1870272 0.7186995 0.1870272 0.7186995 0.1870272 0.6779128 0.7217805 0.6832519 0.7082375 0.692468 0.7105764 0.7170396 0.6613138 0.702294 0.6821727 0.6809252 0.6793271 0.6960693 0.7062056 0.6815032 0.7043487 0.6809252 0.6793271 0.7186999 0.7438656 0.6960693 0.7062056 0.702294 0.6821727 0.6578079 0.7290874 0.6713361 0.6613138 0.6809252 0.6793271 0.6832519 0.7082375 0.6779128 0.7217805 0.6578079 0.7290874 0.692468 0.7105764 0.6960693 0.7062056 0.7186999 0.7438656 0.6832519 0.7082375 0.6815032 0.7043487 0.6960693 0.7062056 0.6779128 0.7217805 0.6947731 0.7232599 0.7186999 0.7438656 0.7186995 0.1860806 0.7186995 0.1860806 0.7186995 0.1860806 0.7186995 0.1860806 0.7186995 0.1860806 0.7186995 0.1860806 0.7186995 0.1860806 0.7186995 0.1860806 0.7186995 0.1860806 0.7186995 0.1860806 0.7186995 0.1860806 0.7186995 0.1860806 0.7186995 0.1860806 0.7186995 0.1860806 0.7186995 0.1860806 0.7186995 0.1860806 0.7186995 0.1860806 0.7186995 0.1860806 0.7186995 0.1860806 0.7186995 0.1860806 0.7186995 0.1860806 0.7186995 0.1860806 0.7186995 0.1860806 0.7186995 0.1860806 0.7186995 0.1860806 0.7186995 0.1860806 0.7186995 0.1860806 0.7186995 0.1860806 0.7186995 0.1860806 0.7186995 0.1860806 0.7186995 0.1860806 0.7186995 0.1860806 0.7186995 0.1860806 0.7186995 0.1860806 0.7186995 0.1860806 0.7186995 0.1860806 0.7186995 0.1860806 0.7186995 0.1860806 0.7186995 0.1860806 0.7186995 0.1860806 0.7186995 0.1860806 0.7186995 0.1860806 0.7186995 0.1851341 0.7186995 0.1851341 0.7186995 0.1851341 0.7186995 0.1851341 0.7186995 0.1851341 0.7186995 0.1851341 0.7186995 0.1851341 0.7186995 0.1851341 0.7186995 0.1851341 0.7186995 0.1851341 0.7186995 0.1851341 0.7186995 0.1851341 0.7186995 0.1851341 0.7186995 0.1851341 0.7186995 0.1851341 0.7186995 0.1851341 0.7186995 0.1851341 0.7186995 0.1851341 0.7186995 0.1841875 0.7186995 0.1841875 0.7186995 0.1841875 0.7186995 0.1841875 0.7186995 0.1841875 0.7186995 0.1841875 0.7186995 0.1841875 0.7186995 0.1841875 0.7186995 0.1841875 0.7186995 0.1841875 0.7186995 0.1841875 0.7186995 0.1841875 0.7186995 0.1841875 0.7186995 0.1841875 0.7186995 0.1841875 0.7186995 0.1841875 0.7186995 0.1841875 0.7186995 0.1841875 0.7186995 0.1841875 0.7186995 0.1841875 0.7186995 0.1841875 0.7186995 0.1841875 0.7186995 0.1841875 0.7186995 0.1841875 0.7186995 0.1841875 0.7186995 0.1841875 0.7186995 0.1841875 0.7186995 0.1841875 0.7186995 0.1841875 0.7186995 0.1841875 0.6825981 0.5948801 0.69965 0.5919542 0.6962292 0.6062493 0.6729978 0.6603671 0.6834273 0.6369267 0.7051388 0.6354179 0.6845983 0.6127986 0.6989941 0.6097144 0.7051388 0.6354179 0.6569892 0.5808061 0.6845983 0.6127986 0.6834273 0.6369267 0.7186997 0.5808061 0.7182346 0.651416 0.7051388 0.6354179 0.6962292 0.6062493 0.69965 0.5919542 0.7186997 0.5808061 0.6869134 0.6075176 0.6845983 0.6127986 0.6569892 0.5808061 0.6962292 0.6062493 0.6989941 0.6097144 0.6845983 0.6127986 0.69965 0.5919542 0.6825981 0.5948801 0.6569892 0.5808061 0.7186995 0.183241 0.7186995 0.183241 0.7186995 0.183241 0.7186995 0.183241 0.7186995 0.183241 0.7186995 0.183241 0.7186995 0.183241 0.7186995 0.183241 0.7186995 0.183241 0.7186995 0.183241 0.7186995 0.183241 0.7186995 0.183241 0.7186995 0.183241 0.7186995 0.183241 0.7186995 0.183241 0.7186995 0.183241 0.7186995 0.183241 0.7186995 0.183241 0.7186995 0.183241 0.7186995 0.183241 0.7186995 0.183241 0.7186995 0.183241 0.7186995 0.183241 0.7186995 0.183241 0.7186995 0.183241 0.7186995 0.183241 0.7186995 0.183241 0.7186995 0.183241 0.7186995 0.183241 0.7186995 0.183241 0.7186995 0.183241 0.7186995 0.183241 0.7186995 0.183241 0.7186995 0.183241 0.7186995 0.183241 0.7186995 0.183241 0.7186995 0.183241 0.7186995 0.183241 0.7186995 0.183241 0.7186995 0.183241 0.7186995 0.183241 0.7186995 0.183241 0.7186995 0.1822944 0.7186995 0.1822944 0.7186995 0.1822944 0.7186995 0.1822944 0.7186995 0.1822944 0.7186995 0.1822944 0.7186995 0.1822944 0.7186995 0.1822944 0.7186995 0.1822944 0.7186995 0.1822944 0.7186995 0.1822944 0.7186995 0.1822944 0.7186995 0.1822944 0.7186995 0.1822944 0.7186995 0.1822944 0.7186995 0.1822944 0.7186995 0.1822944 0.7186995 0.1822944 0.7186995 0.1813479 0.7186995 0.1813479 0.7186995 0.1813479 0.7186995 0.1813479 0.7186995 0.1813479 0.7186995 0.1813479 0.7186995 0.1813479 0.7186995 0.1813479 0.7186995 0.1813479 0.7186995 0.1813479 0.7186995 0.1813479 0.7186995 0.1813479 0.7186995 0.1813479 0.7186995 0.1813479 0.7186995 0.1813479 0.7186995 0.1813479 0.7186995 0.1813479 0.7186995 0.1813479 0.7186995 0.1813479 0.7186995 0.1813479 0.7186995 0.1813479 0.7186995 0.1813479 0.7186995 0.1813479 0.7186995 0.1813479 0.7186995 0.1813479 0.7186995 0.1813479 0.7186995 0.1813479 0.7186995 0.1813479 0.7186995 0.1813479 0.7186995 0.1813479 0.6956396 0.4365368 0.6918929 0.4499114 0.6822956 0.4481714 0.6627696 0.4993535 0.6753556 0.4777753 0.6970466 0.4789324 0.694059 0.453763 0.6970466 0.4789324 0.6753556 0.4777753 0.6566458 0.4226634 0.6792908 0.4527423 0.6753556 0.4777753 0.7186993 0.4226634 0.7084031 0.4965149 0.6970466 0.4789324 0.6918929 0.4499114 0.6956396 0.4365368 0.7186993 0.4226634 0.6822956 0.4481714 0.6792908 0.4527423 0.6566458 0.4226634 0.6918929 0.4499114 0.694059 0.453763 0.6792908 0.4527423 0.6779533 0.4337802 0.6566458 0.4226634 0.7186993 0.4226634 0.7186995 0.1804014 0.7186995 0.1804014 0.7186995 0.1804014 0.7186995 0.1804014 0.7186995 0.1804014 0.7186995 0.1804014 0.7186995 0.1804014 0.7186995 0.1804014 0.7186995 0.1804014 0.7186995 0.1804014 0.7186995 0.1804014 0.7186995 0.1804014 0.7186995 0.1804014 0.7186995 0.1804014 0.7186995 0.1804014 0.7186995 0.1804014 0.7186995 0.1804014 0.7186995 0.1804014 0.7186995 0.1804014 0.7186995 0.1804014 0.7186995 0.1804014 0.7186995 0.1804014 0.7186995 0.1804014 0.7186995 0.1804014 0.7186995 0.1804014 0.7186995 0.1804014 0.7186995 0.1804014 0.7186995 0.1804014 0.7186995 0.1804014 0.7186995 0.1804014 0.7186995 0.1804014 0.7186995 0.1804014 0.7186995 0.1804014 0.7186995 0.1804014 0.7186995 0.1804014 0.7186995 0.1804014 0.7186995 0.1804014 0.7186995 0.1804014 0.7186995 0.1804014 0.7186995 0.1804014 0.7186995 0.1804014 0.7186995 0.1804014 0.7186995 0.1794549 0.7186995 0.1794549 0.7186995 0.1794549 0.7186995 0.1794549 0.7186995 0.1794549 0.7186995 0.1794549 0.7186995 0.1794549 0.7186995 0.1794549 0.7186995 0.1794549 0.7186995 0.1794549 0.7186995 0.1794549 0.7186995 0.1794549 0.7186995 0.1794549 0.7186995 0.1794549 0.7186995 0.1794549 0.7186995 0.1794549 0.7186995 0.1794549 0.7186995 0.1794549 0.7186995 0.1785083 0.7186995 0.1785083 0.7186995 0.1785083 0.7186995 0.1785083 0.7186995 0.1785083 0.7186995 0.1785083 0.7186995 0.1785083 0.7186995 0.1785083 0.7186995 0.1785083 0.7186995 0.1785083 0.7186995 0.1785083 0.7186995 0.1785083 0.7186995 0.1785083 0.7186995 0.1785083 0.7186995 0.1785083 0.7186995 0.1785083 0.7186995 0.1785083 0.7186995 0.1785083 0.7186995 0.1785083 0.7186995 0.1785083 0.7186995 0.1785083 0.7186995 0.1785083 0.7186995 0.1785083 0.7186995 0.1785083 0.7186995 0.1785083 0.7186995 0.1785083 0.7186995 0.1785083 0.7186995 0.1785083 0.7186995 0.1785083 0.7186995 0.1785083 0.6819035 0.7657783 0.6986627 0.7674358 0.693216 0.7809218 0.6596465 0.8278442 0.6744592 0.8069996 0.6957533 0.8098616 0.6949148 0.7848824 0.6957533 0.8098616 0.6744592 0.8069996 0.6579708 0.7448121 0.680535 0.7825495 0.6744592 0.8069996 0.7186995 0.760339 0.705321 0.827844 0.6957533 0.8098616 0.693216 0.7809218 0.6986627 0.7674358 0.7186995 0.760339 0.6841031 0.7783466 0.680535 0.7825495 0.6579708 0.7448121 0.693216 0.7809218 0.6949148 0.7848824 0.680535 0.7825495 0.6986627 0.7674358 0.6819035 0.7657783 0.6579708 0.7448121 0.7186995 0.1775618 0.7186995 0.1775618 0.7186995 0.1775618 0.7186995 0.1775618 0.7186995 0.1775618 0.7186995 0.1775618 0.7186995 0.1775618 0.7186995 0.1775618 0.7186995 0.1775618 0.7186995 0.1775618 0.7186995 0.1775618 0.7186995 0.1775618 0.7186995 0.1775618 0.7186995 0.1775618 0.7186995 0.1775618 0.7186995 0.1775618 0.7186995 0.1775618 0.7186995 0.1775618 0.7186995 0.1775618 0.7186995 0.1775618 0.7186995 0.1775618 0.7186995 0.1775618 0.7186995 0.1775618 0.7186995 0.1775618 0.7186995 0.1775618 0.7186995 0.1775618 0.7186995 0.1775618 0.7186995 0.1775618 0.7186995 0.1775618 0.7186995 0.1775618 0.7186995 0.1775618 0.7186995 0.1775618 0.7186995 0.1775618 0.7186995 0.1775618 0.7186995 0.1775618 0.7186995 0.1775618 0.7186995 0.1775618 0.7186995 0.1775618 0.7186995 0.1775618 0.7186995 0.1775618 0.7186995 0.1775618 0.7186995 0.1775618 0.7186995 0.1766152 0.7186995 0.1766152 0.7186995 0.1766152 0.7186995 0.1766152 0.7186995 0.1766152 0.7186995 0.1766152 0.7186995 0.1766152 0.7186995 0.1766152 0.7186995 0.1766152 0.7186995 0.1766152 0.7186995 0.1766152 0.7186995 0.1766152 0.7186995 0.1766152 0.7186995 0.1766152 0.7186995 0.1766152 0.7186995 0.1766152 0.7186995 0.1766152 0.7186995 0.1766152 0.7186995 0.1756687 0.7186995 0.1756687 0.7186995 0.1756687 0.7186995 0.1756687 0.7186995 0.1756687 0.7186995 0.1756687 0.7186995 0.1756687 0.7186995 0.1756687 0.7186995 0.1756687 0.7186995 0.1756687 0.7186995 0.1756687 0.7186995 0.1756687 0.7186995 0.1756687 0.7186995 0.1756687 0.7186995 0.1756687 0.7186995 0.1756687 0.7186995 0.1756687 0.7186995 0.1756687 0.7186995 0.1756687 0.7186995 0.1756687 0.7186995 0.1756687 0.7186995 0.1756687 0.7186995 0.1756687 0.7186995 0.1756687 0.7186995 0.1756687 0.7186995 0.1756687 0.7186995 0.1756687 0.7186995 0.1756687 0.7186995 0.1756687 0.7186995 0.1756687 0.6770289 0.3571738 0.6942895 0.3599765 0.6902898 0.3727036 0.6595815 0.4217168 0.6729502 0.400711 0.6946462 0.4028041 0.692745 0.3779443 0.6946462 0.4028041 0.6729502 0.400711 0.6570122 0.3460106 0.6782118 0.3752087 0.6729502 0.400711 0.7186999 0.3460106 0.7054859 0.4209443 0.6946462 0.4028041 0.6902898 0.3727036 0.6942895 0.3599765 0.7186999 0.3460106 0.6808882 0.3716591 0.6782118 0.3752087 0.6570122 0.3460106 0.6808882 0.3716591 0.6902898 0.3727036 0.692745 0.3779443 0.6770289 0.3571738 0.6570122 0.3460106 0.7186999 0.3460106 0.7186995 0.1747221 0.7186995 0.1747221 0.7186995 0.1747221 0.7186995 0.1747221 0.7186995 0.1747221 0.7186995 0.1747221 0.7186995 0.1747221 0.7186995 0.1747221 0.7186995 0.1747221 0.7186995 0.1747221 0.7186995 0.1747221 0.7186995 0.1747221 0.7186995 0.1747221 0.7186995 0.1747221 0.7186995 0.1747221 0.7186995 0.1747221 0.7186995 0.1747221 0.7186995 0.1747221 0.7186995 0.1747221 0.7186995 0.1747221 0.7186995 0.1747221 0.7186995 0.1747221 0.7186995 0.1747221 0.7186995 0.1747221 0.7186995 0.1747221 0.7186995 0.1747221 0.7186995 0.1747221 0.7186995 0.1747221 0.7186995 0.1747221 0.7186995 0.1747221 0.7186995 0.1747221 0.7186995 0.1747221 0.7186995 0.1747221 0.7186995 0.1747221 0.7186995 0.1747221 0.7186995 0.1747221 0.7186995 0.1747221 0.7186995 0.1747221 0.7186995 0.1747221 0.7186995 0.1747221 0.7186995 0.1747221 0.7186995 0.1747221 0.7186995 0.1737756 0.7186995 0.1737756 0.7186995 0.1737756 0.7186995 0.1737756 0.7186995 0.1737756 0.7186995 0.1737756 0.7186995 0.1737756 0.7186995 0.1737756 0.7186995 0.1737756 0.7186995 0.1737756 0.7186995 0.1737756 0.7186995 0.1737756 0.7186995 0.1737756 0.7186995 0.1737756 0.7186995 0.1737756 0.7186995 0.1737756 0.7186995 0.1737756 0.7186995 0.1737756 0.7186995 0.172829 0.7186995 0.172829 0.7186995 0.172829 0.7186995 0.172829 0.7186995 0.172829 0.7186995 0.172829 0.7186995 0.172829 0.7186995 0.172829 0.7186995 0.172829 0.7186995 0.172829 0.7186995 0.172829 0.7186995 0.172829 0.7186995 0.172829 0.7186995 0.172829 0.7186995 0.172829 0.7186995 0.172829 0.7186995 0.172829 0.7186995 0.172829 0.7186995 0.172829 0.7186995 0.172829 0.7186995 0.172829 0.7186995 0.172829 0.7186995 0.172829 0.7186995 0.172829 0.7186995 0.172829 0.7186995 0.172829 0.7186995 0.172829 0.7186995 0.172829 0.7186995 0.172829 0.7186995 0.172829 0.6770282 0.2038699 0.6942889 0.2066727 0.6902891 0.2193998 0.6595807 0.2684116 0.6729493 0.2474071 0.6946452 0.2495008 0.6927444 0.2246401 0.6946452 0.2495008 0.6729493 0.2474071 0.6570114 0.1927064 0.6782109 0.2219046 0.6729493 0.2474071 0.7186997 0.1927064 0.7054849 0.2676406 0.6946452 0.2495008 0.6902891 0.2193998 0.6942889 0.2066727 0.7186997 0.1927064 0.6808874 0.218355 0.6782109 0.2219046 0.6570114 0.1927064 0.6808874 0.218355 0.6902891 0.2193998 0.6927444 0.2246401 0.6770282 0.2038699 0.6570114 0.1927064 0.7186997 0.1927064 0.7186995 0.1718825 0.7186995 0.1718825 0.7186995 0.1718825 0.7186995 0.1718825 0.7186995 0.1718825 0.7186995 0.1718825 0.7186995 0.1718825 0.7186995 0.1718825 0.7186995 0.1718825 0.7186995 0.1718825 0.7186995 0.1718825 0.7186995 0.1718825 0.7186995 0.1718825 0.7186995 0.1718825 0.7186995 0.1718825 0.7186995 0.1718825 0.7186995 0.1718825 0.7186995 0.1718825 0.7186995 0.1718825 0.7186995 0.1718825 0.7186995 0.1718825 0.7186995 0.1718825 0.7186995 0.1718825 0.7186995 0.1718825 0.7186995 0.1718825 0.7186995 0.1718825 0.7186995 0.1718825 0.7186995 0.1718825 0.7186995 0.1718825 0.7186995 0.1718825 0.7186995 0.1718825 0.7186995 0.1718825 0.7186995 0.1718825 0.7186995 0.1718825 0.7186995 0.1718825 0.7186995 0.1718825 0.7186995 0.1718825 0.7186995 0.1718825 0.7186995 0.1718825 0.7186995 0.1718825 0.7186995 0.1718825 0.7186995 0.1718825 0.7186995 0.170936 0.7186995 0.170936 0.7186995 0.170936 0.7186995 0.170936 0.7186995 0.170936 0.7186995 0.170936 0.7186995 0.170936 0.7186995 0.170936 0.7186995 0.170936 0.7186995 0.170936 0.7186995 0.170936 0.7186995 0.170936 0.7186995 0.170936 0.7186995 0.170936 0.7186995 0.170936 0.7186995 0.170936 0.7186995 0.170936 0.7186995 0.170936 0.7186995 0.1699894 0.7186995 0.1699894 0.7186995 0.1699894 0.7186995 0.1699894 0.7186995 0.1699894 0.7186995 0.1699894 0.7186995 0.1699894 0.7186995 0.1699894 0.7186995 0.1699894 0.7186995 0.1699894 0.7186995 0.1699894 0.7186995 0.1699894 0.7186995 0.1699894 0.7186995 0.1699894 0.7186995 0.1699894 0.7186995 0.1699894 0.7186995 0.1699894 0.7186995 0.1699894 0.7186995 0.1699894 0.7186995 0.1699894 0.7186995 0.1699894 0.7186995 0.1699894 0.7186995 0.1699894 0.7186995 0.1699894 0.7186995 0.1699894 0.7186995 0.1699894 0.7186995 0.1699894 0.7186995 0.1699894 0.7186995 0.1699894 0.7186995 0.1699894 0.6814232 0.3310982 0.6854231 0.3183712 0.6948249 0.3194152 0.7161321 0.2693582 0.702763 0.2903634 0.6810673 0.2882699 0.682968 0.3131306 0.6810673 0.2882699 0.702763 0.2903634 0.7186999 0.345064 0.6975014 0.315866 0.702763 0.2903634 0.6570124 0.3450638 0.6702275 0.2701293 0.6810673 0.2882699 0.6854231 0.3183712 0.6814232 0.3310982 0.6570124 0.3450638 0.6948249 0.3194152 0.6975014 0.315866 0.7186999 0.345064 0.6948249 0.3194152 0.6854231 0.3183712 0.682968 0.3131306 0.6986845 0.3339011 0.7186999 0.345064 0.6570124 0.3450638 0.625 0.8750001 0.625 0.8750001 0.625 0.8750001 0.625 0.8750001 0.625 0.8750001 0.625 0.8750001 0.625 0.8750001 0.625 0.8750001 0.625 0.8750001 0.625 0.8750001 0.625 0.8750001 0.625 0.8750001 0.625 0.8750001 0.625 0.8750001 0.625 0.8750001 0.625 0.8750001 0.625 0.8750001 0.625 0.8750001 0.625 0.8750001 0.625 0.8750001 0.625 0.8750001 0.625 0.8750001 0.625 0.8750001 0.625 0.8750001 0.625 0.8750001 0.625 0.8750001 0.625 0.8750001 0.625 0.8750001 0.625 0.8750001 0.625 0.8750001 0.625 0.8750001 0.625 0.8750001 0.625 0.8750001 0.625 0.8750001 0.625 0.8750001 0.625 0.8750001 0.625 0.8750001 0.625 0.8750001 0.625 0.8750001 0.625 0.8750001 0.625 0.8750001 0.625 0.8750001 0.625 0.8750001 0.625 0.8750001 0.625 0.8750001 0.625 0.8750001 0.625 0.8750001 0.625 0.8750001 0.625 0.8750001 0.625 0.8750001 0.625 0.8750001 0.625 0.8750001 0.625 0.8750001 0.625 0.8750001 0.625 0.8750001 0.625 0.8750001 0.625 0.8750001 0.625 0.8750001 0.625 0.8750001 0.625 0.8750001 0.625 0.8750001 0.625 0.8750001 0.625 0.8750001 0.625 0.8750001 0.625 0.8750001 0.625 0.8750001 0.625 0.8750001 0.625 0.8750001 0.625 0.8750001 0.625 0.8750001 0.625 0.8750001 0.625 0.8750001 0.625 0.8750001 0.625 0.8750001 0.625 0.8750001 0.625 0.8750001 0.625 0.8750001 0.625 0.8750001 0.625 0.8750001 0.625 0.8750001 0.625 0.8750001 0.625 0.8750001 0.625 0.8750001 0.625 0.8750001 0.625 0.8750001 0.625 0.8750001 0.625 0.8750001 0.625 0.8750001 0.625 0.8750001 0.625 0.8750001 0.625 0.8750001 0.625 0.8750001 0.625 0.8750001 0.625 0.8750001 0.625 0.8750001 0.625 0.8750001 0.625 0.8750001 0.625 0.8750001 0.625 0.8750001 0.625 0.8750001 0.625 0.8750001 0.625 0.8750001 0.625 0.8750001 0.625 0.8750001 0.625 0.8750001 0.625 0.8750001 0.625 0.8750001 0.625 0.8750001 0.625 0.8750001 0.625 0.8750001 0.625 0.8750001 0.625 0.8750001 0.625 0.8750001 0.625 0.8750001 0.625 0.8750001 0.625 0.8750001 0.625 0.8750001 0.625 0.8750001 0.625 0.8750001 0.625 0.8750001 0.625 0.8750001 0.625 0.8750001 0.625 0.8750001 0.625 0.8750001 0.625 0.8750001 0.625 0.8750001 0.625 0.8750001 0.625 0.8750001 0.625 0.8750001 0.625 0.8750001 0.625 0.8750001 0.625 0.8750001 0.625 0.8750001 0.625 0.8750001 0.625 0.8750001 0.625 0.8750001 0.625 0.8750001 0.625 0.8750001 0.625 0.8750001 0.625 0.8750001 0.625 0.8750001 0.625 0.8750001 0.625 0.8750001 0.625 0.8750001 0.625 0.8750001 0.625 0.8750001 0.625 0.8750001 0.625 0.8750001 0.625 0.8750001 0.625 0.8750001 0.625 0.8750001 0.625 0.8750001 0.625 0.8750001 0.625 0.8750001 0.625 0.8750001 0.625 0.8750001 0.625 0.8750001 0.625 0.8750001 0.625 0.8750001 0.625 0.8750001 0.625 0.8750001 0.625 0.8750001 0.625 0.8750001 0.625 0.8750001 0.625 0.8750001 0.625 0.8750001 0.625 0.8750001 0.625 0.8750001 0.625 0.8750001 0.625 0.8750001 0.625 0.8750001 0.625 0.8750001 0.625 0.8750001 0.625 0.8750001 0.625 0.8750001 0.625 0.8750001 0.625 0.8750001 0.625 0.8750001 0.625 0.8750001 0.625 0.8750001 0.625 0.8750001 0.625 0.8750001 0.625 0.8750001 0.625 0.8750001 0.625 0.8750001 0.625 0.8750001 0.625 0.8750001 0.625 0.8750001 0.625 0.8750001 0.625 0.8750001 0.625 0.8750001 0.625 0.8750001 0.625 0.8750001 0.625 0.8750001 0.625 0.8750001 0.625 0.8750001 0.625 0.8750001 0.625 0.8750001 0.625 0.8750001 0.625 0.8750001 0.625 0.8750001 0.625 0.8750001 0.625 0.8750001 0.625 0.8750001 0.625 0.8750001 0.625 0.8750001 0.625 0.8750001 0.625 0.8750001 0.625 0.8750001 0.625 0.8750001 0.625 0.8750001 0.625 0.8750001 0.625 0.8750001 0.625 0.8750001 0.625 0.8750001 0.625 0.8750001 0.625 0.8750001 0.625 0.8750001 0.625 0.8750001 0.625 0.8750001 0.625 0.8750001 0.625 0.8750001 0.625 0.8750001 0.625 0.8750001 0.625 0.8750001 0.625 0.8750001 0.625 0.8750001 0.625 0.8750001 0.625 0.8750001 0.625 0.8750001 0.625 0.8750001 0.625 0.8750001 0.625 0.8750001 0.625 0.8750001 0.625 0.8750001 0.625 0.8750001 0.625 0.8750001 0.625 0.8750001 0.625 0.8750001 0.625 0.8750001 0.3140383 0.8222208 0.3604764 0.6916247 0.3604764 0.8222208 0.1064242 0.8222208 0.08570021 0.8222208 0.08570021 0.6916247 0.2434052 0.6916247 0.2434052 0.5610284 0.2452241 0.5610284 0.2434052 0.8222208 0.2001385 0.8222208 0.2001385 0.6916247 0.1090575 0.2952906 0.1090575 0.1646944 0.1532337 0.1646944 0.1532337 0.6916247 0.1090575 0.6916247 0.1090575 0.5610284 0.2001385 0.8222208 0.2434052 0.8222208 0.2434052 0.952817 0.1550527 0.8222208 0.1983195 0.8222208 0.1983195 0.952817 0.2434052 0.6916247 0.2001385 0.6916247 0.2001385 0.5610284 0.2452241 0.1646944 0.2894003 0.1646944 0.2894003 0.2952906 0.3127576 0.6916247 0.2920336 0.6916247 0.2920336 0.5610284 0.2894003 0.6916247 0.2452241 0.6916247 0.2452241 0.5610284 0.08570021 0.1646944 0.1064242 0.1646944 0.1064242 0.2952906 0.3127576 0.1646944 0.2920336 0.1646944 0.2920336 0.03409826 0.1090575 0.4258868 0.1090575 0.2952906 0.1532337 0.2952906 0.1077049 0.6916247 0.1077049 0.5610284 0.1090575 0.5610284 0.1077049 0.1646944 0.1077049 0.03409826 0.1090575 0.03409826 0.3604764 0.4258868 0.3604764 0.5610284 0.3140383 0.5610284 0.1077049 0.5610284 0.1077049 0.4258868 0.1090575 0.4258868 0.1064242 0.952817 0.08570021 0.952817 0.08570021 0.8222208 0.2907529 0.8222208 0.2907529 0.952817 0.2894003 0.952817 0.3140383 0.4258868 0.3140383 0.2952906 0.3604764 0.2952906 0.1983195 0.6916247 0.1983195 0.5610284 0.2001385 0.5610284 0.1983195 0.5610284 0.1983195 0.6916247 0.1550527 0.6916247 0.3127576 0.8222208 0.2920336 0.8222208 0.2920336 0.6916247 0.2894003 0.5610284 0.2894003 0.4258868 0.2907529 0.4258868 0.3140383 0.2952906 0.3140383 0.1646944 0.3604764 0.1646944 0.03798121 0.952817 0.03798121 0.8222208 0.08441954 0.8222208 0.2907529 0.2952906 0.2907529 0.4258868 0.2894003 0.4258868 0.03798121 0.5610284 0.03798121 0.4258868 0.08441954 0.4258868 0.08441954 0.6916247 0.08441954 0.5610284 0.08570021 0.5610284 0.1077049 0.1646944 0.1077049 0.2952906 0.1064242 0.2952906 0.3140383 0.2952906 0.3127576 0.2952906 0.3127576 0.1646944 0.2907529 0.6916247 0.2907529 0.5610284 0.2920336 0.5610284 0.3140383 0.4258868 0.3127576 0.4258868 0.3127576 0.2952906 0.3127576 0.952817 0.3127576 0.8222208 0.3140383 0.8222208 0.3127576 0.6916247 0.3127576 0.5610284 0.3140383 0.5610284 0.08441954 0.8222208 0.08441954 0.6916247 0.08570021 0.6916247 0.08441954 0.952817 0.08441954 0.8222208 0.08570021 0.8222208 0.1064242 0.8222208 0.1077049 0.8222208 0.1077049 0.952817 0.2920336 0.03409826 0.2920336 0.1646944 0.2907529 0.1646944 0.3127576 0.8222208 0.3127576 0.6916247 0.3140383 0.6916247 0.2001385 0.4258868 0.1983195 0.4258868 0.1983195 0.2952906 0.2434052 0.8222208 0.2434052 0.6916247 0.2452241 0.6916247 0.2001385 0.1646944 0.2001385 0.2952906 0.1983195 0.2952906 0.1983195 0.952817 0.1983195 0.8222208 0.2001385 0.8222208 0.1550527 0.2952906 0.1532337 0.2952906 0.1532337 0.1646944 0.1550527 0.2952906 0.1550527 0.4258868 0.1532337 0.4258868 0.1550527 0.1646944 0.1532337 0.1646944 0.1532337 0.03409826 0.2434052 0.952817 0.2434052 0.8222208 0.2452241 0.8222208 0.1550527 0.1646944 0.1983195 0.1646944 0.1983195 0.2952906 0.2452241 0.8222208 0.2894003 0.8222208 0.2894003 0.952817 0.1090575 0.1646944 0.1090575 0.03409826 0.1532337 0.03409826 0.1532337 0.6916247 0.1532337 0.8222208 0.1090575 0.8222208 0.1983195 0.1646944 0.1550527 0.1646944 0.1550527 0.03409826 0.08570021 0.2952906 0.1064242 0.2952906 0.1064242 0.4258868 0.1064242 0.5610284 0.1064242 0.6916247 0.08570021 0.6916247 0.2920336 0.4258868 0.2920336 0.2952906 0.3127576 0.2952906 0.2452241 0.1646944 0.2452241 0.03409826 0.2894003 0.03409826 0.1550527 0.4258868 0.1550527 0.2952906 0.1983195 0.2952906 0.2434052 0.1646944 0.2001385 0.1646944 0.2001385 0.03409826 0.2001385 0.4258868 0.2001385 0.2952906 0.2434052 0.2952906 0.1983195 0.8222208 0.1983195 0.6916247 0.2001385 0.6916247 0.1983195 0.8222208 0.1550527 0.8222208 0.1550527 0.6916247 0.3140383 0.1646944 0.3140383 0.03409826 0.3604764 0.03409826 0.1077049 0.2952906 0.1077049 0.1646944 0.1090575 0.1646944 0.1077049 0.952817 0.1077049 0.8222208 0.1090575 0.8222208 0.08441954 0.5610284 0.08441954 0.6916247 0.03798121 0.6916247 0.1532337 0.6916247 0.1532337 0.5610284 0.1550527 0.5610284 0.03798121 0.1646944 0.08441954 0.1646944 0.08441954 0.2952906 0.1077049 0.4258868 0.1077049 0.2952906 0.1090575 0.2952906 0.2920336 0.1646944 0.3127576 0.1646944 0.3127576 0.2952906 0.1532337 0.8222208 0.1550527 0.8222208 0.1550527 0.952817 0.2894003 0.6916247 0.2894003 0.8222208 0.2452241 0.8222208 0.03798121 0.2952906 0.08441954 0.2952906 0.08441954 0.4258868 0.2907529 0.1646944 0.2907529 0.2952906 0.2894003 0.2952906 0.03798121 0.03409826 0.08441954 0.03409826 0.08441954 0.1646944 0.1077049 0.8222208 0.1077049 0.6916247 0.1090575 0.6916247 0.3140383 0.6916247 0.3140383 0.5610284 0.3604764 0.5610284 0.2001385 0.03409826 0.2001385 0.1646944 0.1983195 0.1646944 0.2920336 0.1646944 0.2920336 0.2952906 0.2907529 0.2952906 0.08570021 0.03409826 0.08570021 0.1646944 0.08441954 0.1646944 0.1064242 0.5610284 0.1077049 0.5610284 0.1077049 0.6916247 0.1077049 0.2952906 0.1077049 0.4258868 0.1064242 0.4258868 0.2920336 0.4258868 0.2907529 0.4258868 0.2907529 0.2952906 0.08570021 0.1646944 0.08570021 0.2952906 0.08441954 0.2952906 0.2907529 0.8222208 0.2920336 0.8222208 0.2920336 0.952817 0.3140383 0.1646944 0.3127576 0.1646944 0.3127576 0.03409826 0.2907529 0.8222208 0.2907529 0.6916247 0.2920336 0.6916247 0.1064242 0.6916247 0.1077049 0.6916247 0.1077049 0.8222208 0.08570021 0.2952906 0.08570021 0.4258868 0.08441954 0.4258868 0.2452241 0.1646944 0.2452241 0.2952906 0.2434052 0.2952906 0.2452241 0.4258868 0.2434052 0.4258868 0.2434052 0.2952906 0.1532337 0.8222208 0.1532337 0.6916247 0.1550527 0.6916247 0.2452241 0.4258868 0.2452241 0.2952906 0.2894003 0.2952906 0.1532337 0.8222208 0.1532337 0.952817 0.1090575 0.952817 0.2452241 0.03409826 0.2452241 0.1646944 0.2434052 0.1646944 0.08570021 0.1646944 0.08570021 0.03409826 0.1064242 0.03409826 0.2001385 0.1646944 0.2434052 0.1646944 0.2434052 0.2952906 0.3127576 0.8222208 0.3127576 0.952817 0.2920336 0.952817 0.2907529 0.03409826 0.2907529 0.1646944 0.2894003 0.1646944 0.2920336 0.5610284 0.2907529 0.5610284 0.2907529 0.4258868 0.1983195 0.5610284 0.1550527 0.5610284 0.1550527 0.4258868 0.1550527 0.5610284 0.1532337 0.5610284 0.1532337 0.4258868 0.2907529 0.6916247 0.2907529 0.8222208 0.2894003 0.8222208 0.1064242 0.5610284 0.08570021 0.5610284 0.08570021 0.4258868 0.3127576 0.5610284 0.2920336 0.5610284 0.2920336 0.4258868 0.1532337 0.5610284 0.1090575 0.5610284 0.1090575 0.4258868 0.1077049 0.03409826 0.1077049 0.1646944 0.1064242 0.1646944 0.2894003 0.5610284 0.2452241 0.5610284 0.2452241 0.4258868 0.2452241 0.5610284 0.2434052 0.5610284 0.2434052 0.4258868 0.2001385 0.5610284 0.1983195 0.5610284 0.1983195 0.4258868 0.2907529 0.5610284 0.2907529 0.6916247 0.2894003 0.6916247 0.3140383 0.5610284 0.3127576 0.5610284 0.3127576 0.4258868 0.2434052 0.5610284 0.2001385 0.5610284 0.2001385 0.4258868 0.1077049 0.5610284 0.1064242 0.5610284 0.1064242 0.4258868 0.08441954 0.6916247 0.08441954 0.8222208 0.03798121 0.8222208 0.3604764 0.952817 0.3140383 0.952817 0.3140383 0.8222208 0.08570021 0.5610284 0.08441954 0.5610284 0.08441954 0.4258868 0.3140383 0.8222208 0.3140383 0.6916247 0.3604764 0.6916247</float_array>
          <technique_common>
            <accessor source="#Freeway_S-Curve_mesh-mesh-map-0-array" count="2826" stride="2">
              <param name="S" type="float"/>
              <param name="T" type="float"/>
            </accessor>
          </technique_common>
        </source>
        <vertices id="Freeway_S-Curve_mesh-mesh-vertices">
          <input semantic="POSITION" source="#Freeway_S-Curve_mesh-mesh-positions"/>
        </vertices>
        <triangles material="Road-material" count="862">
          <input semantic="VERTEX" source="#Freeway_S-Curve_mesh-mesh-vertices" offset="0"/>
          <input semantic="NORMAL" source="#Freeway_S-Curve_mesh-mesh-normals" offset="1"/>
          <input semantic="TEXCOORD" source="#Freeway_S-Curve_mesh-mesh-map-0" offset="2" set="0"/>
          <p>3 0 0 0 0 1 1 0 2 7 1 3 2 1 4 3 1 5 5 2 6 6 2 7 7 2 8 1 3 9 4 3 10 5 3 11 2 4 12 4 4 13 0 4 14 3 5 15 10 5 16 7 5 17 11 6 18 12 6 19 8 6 20 7 7 21 11 7 22 5 7 23 3 8 24 8 8 25 9 8 26 1 9 27 11 9 28 8 9 29 14 10 30 12 10 31 15 10 32 9 11 33 14 11 34 10 11 35 10 12 36 15 12 37 11 12 38 8 13 39 13 13 40 9 13 41 19 4 42 17 4 43 18 4 44 23 14 45 21 14 46 20 14 47 18 15 48 23 15 49 19 15 50 16 16 51 21 16 52 17 16 53 19 17 54 20 17 55 16 17 56 17 18 57 22 18 58 18 18 59 27 19 60 25 19 61 26 19 62 30 20 63 28 20 64 31 20 65 33 21 66 30 21 67 31 21 68 34 22 69 29 22 70 35 22 71 33 23 72 28 23 73 34 23 74 32 24 75 29 24 76 30 24 77 25 25 78 32 25 79 26 25 80 24 26 81 33 26 82 34 26 83 25 27 84 34 27 85 35 27 86 26 28 87 33 28 88 27 28 89 39 29 90 37 29 91 38 29 92 42 30 93 40 30 94 43 30 95 47 10 96 41 10 97 42 10 98 44 31 99 42 31 100 43 31 101 45 32 102 41 32 103 46 32 104 37 33 105 45 33 106 46 33 107 38 34 108 44 34 109 39 34 110 37 35 111 47 35 112 38 35 113 36 36 114 44 36 115 45 36 116 55 37 117 52 37 118 53 37 119 59 38 120 54 38 121 55 38 122 57 39 123 58 39 124 59 39 125 53 40 126 56 40 127 57 40 128 54 41 129 56 41 130 52 41 131 55 42 132 62 42 133 59 42 134 60 43 135 67 43 136 64 43 137 59 44 138 63 44 139 57 44 140 55 45 141 60 45 142 61 45 143 57 46 144 60 46 145 53 46 146 67 10 147 65 10 148 64 10 149 62 47 150 65 47 151 66 47 152 62 48 153 67 48 154 63 48 155 60 49 156 65 49 157 61 49 158 68 4 159 70 4 160 71 4 161 74 50 162 72 50 163 75 50 164 70 51 165 75 51 166 71 51 167 68 52 168 73 52 169 69 52 170 71 53 171 72 53 172 68 53 173 69 54 174 74 54 175 70 54 176 76 55 177 78 55 178 79 55 179 83 56 180 81 56 181 80 56 182 85 57 183 82 57 184 83 57 185 86 58 186 81 58 187 87 58 188 85 59 189 80 59 190 86 59 191 87 60 192 82 60 193 84 60 194 77 61 195 84 61 196 78 61 197 76 62 198 85 62 199 86 62 200 77 63 201 86 63 202 87 63 203 78 64 204 85 64 205 79 64 206 88 65 207 90 65 208 91 65 209 95 66 210 93 66 211 92 66 212 99 67 213 93 67 214 94 67 215 96 68 216 94 68 217 95 68 218 97 69 219 93 69 220 98 69 221 89 70 222 97 70 223 98 70 224 90 71 225 96 71 226 91 71 227 89 10 228 99 10 229 90 10 230 88 72 231 96 72 232 97 72 233 107 73 234 104 73 235 105 73 236 111 74 237 106 74 238 107 74 239 109 75 240 110 75 241 111 75 242 105 76 243 108 76 244 109 76 245 106 77 246 108 77 247 104 77 248 107 78 249 114 78 250 111 78 251 115 79 252 116 79 253 112 79 254 111 80 255 115 80 256 109 80 257 107 81 258 112 81 259 113 81 260 109 82 261 112 82 262 105 82 263 118 10 264 116 10 265 119 10 266 113 83 267 118 83 268 114 83 269 115 84 270 118 84 271 119 84 272 112 85 273 117 85 274 113 85 275 120 4 276 122 4 277 123 4 278 126 10 279 124 10 280 127 10 281 122 86 282 127 86 283 123 86 284 120 87 285 125 87 286 121 87 287 123 88 288 124 88 289 120 88 290 121 89 291 126 89 292 122 89 293 131 90 294 129 90 295 130 90 296 135 91 297 133 91 298 132 91 299 137 92 300 134 92 301 135 92 302 138 93 303 133 93 304 139 93 305 138 94 306 135 94 307 132 94 308 139 95 309 134 95 310 136 95 311 129 96 312 136 96 313 130 96 314 128 97 315 137 97 316 138 97 317 129 98 318 138 98 319 139 98 320 130 99 321 137 99 322 131 99 323 143 100 324 141 100 325 142 100 326 147 101 327 145 101 328 144 101 329 151 102 330 145 102 331 146 102 332 148 103 333 146 103 334 147 103 335 149 104 336 145 104 337 150 104 338 141 105 339 149 105 340 150 105 341 142 106 342 148 106 343 143 106 344 141 10 345 151 10 346 142 10 347 140 107 348 148 107 349 149 107 350 159 108 351 156 108 352 157 108 353 163 109 354 158 109 355 159 109 356 163 110 357 160 110 358 162 110 359 157 111 360 160 111 361 161 111 362 158 112 363 160 112 364 156 112 365 163 113 366 165 113 367 166 113 368 167 114 369 168 114 370 164 114 371 161 115 372 166 115 373 167 115 374 157 116 375 165 116 376 159 116 377 161 117 378 164 117 379 157 117 380 170 118 381 168 118 382 171 118 383 165 119 384 170 119 385 166 119 386 166 120 387 171 120 388 167 120 389 164 121 390 169 121 391 165 121 392 172 4 393 174 4 394 175 4 395 178 122 396 176 122 397 179 122 398 174 123 399 179 123 400 175 123 401 172 124 402 177 124 403 173 124 404 175 125 405 176 125 406 172 125 407 173 88 408 178 88 409 174 88 410 183 126 411 181 126 412 182 126 413 186 127 414 184 127 415 187 127 416 189 128 417 186 128 418 187 128 419 190 129 420 185 129 421 191 129 422 189 130 423 184 130 424 190 130 425 188 131 426 185 131 427 186 131 428 182 132 429 191 132 430 188 132 431 180 133 432 189 133 433 190 133 434 181 134 435 190 134 436 191 134 437 182 135 438 189 135 439 183 135 440 192 136 441 194 136 442 195 136 443 199 137 444 197 137 445 196 137 446 202 138 447 198 138 448 203 138 449 200 139 450 198 139 451 199 139 452 201 140 453 197 140 454 202 140 455 193 141 456 201 141 457 202 141 458 194 142 459 200 142 460 195 142 461 193 143 462 203 143 463 194 143 464 195 144 465 201 144 466 192 144 467 211 145 468 208 145 469 209 145 470 215 146 471 210 146 472 211 146 473 215 147 474 212 147 475 214 147 476 209 148 477 212 148 478 213 148 479 210 149 480 212 149 481 208 149 482 211 150 483 218 150 484 215 150 485 216 151 486 223 151 487 220 151 488 215 152 489 219 152 490 213 152 491 209 153 492 217 153 493 211 153 494 209 154 495 219 154 496 216 154 497 223 155 498 221 155 499 220 155 500 217 156 501 222 156 502 218 156 503 219 157 504 222 157 505 223 157 506 216 158 507 221 158 508 217 158 509 224 4 510 226 4 511 227 4 512 230 10 513 228 10 514 231 10 515 226 159 516 231 159 517 227 159 518 224 160 519 229 160 520 225 160 521 227 161 522 228 161 523 224 161 524 225 162 525 230 162 526 226 162 527 232 163 528 234 163 529 235 163 530 238 164 531 236 164 532 239 164 533 241 165 534 238 165 535 239 165 536 242 166 537 237 166 538 243 166 539 242 167 540 239 167 541 236 167 542 243 168 543 238 168 544 240 168 545 233 169 546 240 169 547 234 169 548 232 170 549 241 170 550 242 170 551 233 171 552 242 171 553 243 171 554 234 172 555 241 172 556 235 172 557 247 173 558 245 173 559 246 173 560 251 174 561 249 174 562 248 174 563 254 10 564 250 10 565 255 10 566 252 175 567 250 175 568 251 175 569 253 176 570 249 176 571 254 176 572 245 177 573 253 177 574 254 177 575 246 178 576 252 178 577 247 178 578 245 179 579 255 179 580 246 179 581 244 180 582 252 180 583 253 180 584 263 181 585 260 181 586 261 181 587 267 182 588 262 182 589 263 182 590 267 183 591 264 183 592 266 183 593 261 184 594 264 184 595 265 184 596 262 185 597 264 185 598 260 185 599 263 186 600 270 186 601 267 186 602 271 187 603 272 187 604 268 187 605 265 188 606 270 188 607 271 188 608 263 189 609 268 189 610 269 189 611 265 190 612 268 190 613 261 190 614 275 191 615 273 191 616 272 191 617 270 192 618 273 192 619 274 192 620 270 193 621 275 193 622 271 193 623 268 194 624 273 194 625 269 194 626 279 195 627 277 195 628 278 195 629 283 196 630 281 196 631 280 196 632 278 197 633 283 197 634 279 197 635 276 198 636 281 198 637 277 198 638 279 199 639 280 199 640 276 199 641 277 200 642 282 200 643 278 200 644 287 201 645 285 201 646 286 201 647 291 202 648 289 202 649 288 202 650 293 203 651 290 203 652 291 203 653 294 204 654 289 204 655 295 204 656 293 205 657 288 205 658 294 205 659 295 206 660 290 206 661 292 206 662 285 207 663 292 207 664 286 207 665 287 208 666 294 208 667 284 208 668 285 209 669 294 209 670 295 209 671 286 210 672 293 210 673 287 210 674 299 211 675 297 211 676 298 211 677 303 212 678 301 212 679 300 212 680 306 10 681 302 10 682 307 10 683 304 213 684 302 213 685 303 213 686 305 214 687 301 214 688 306 214 689 297 215 690 305 215 691 306 215 692 298 216 693 304 216 694 299 216 695 298 10 696 306 10 697 307 10 698 299 217 699 305 217 700 296 217 701 315 218 702 312 218 703 313 218 704 319 219 705 314 219 706 315 219 707 317 220 708 318 220 709 319 220 710 313 221 711 316 221 712 317 221 713 312 222 714 318 222 715 316 222 716 319 223 717 321 223 718 322 223 719 320 224 720 327 224 721 324 224 722 319 225 723 323 225 724 317 225 725 315 226 726 320 226 727 321 226 728 313 227 729 323 227 730 320 227 731 327 10 732 325 10 733 324 10 734 322 228 735 325 228 736 326 228 737 322 229 738 327 229 739 323 229 740 320 230 741 325 230 742 321 230 743 331 231 744 329 231 745 330 231 746 335 232 747 333 232 748 332 232 749 330 233 750 335 233 751 331 233 752 328 234 753 333 234 754 329 234 755 331 235 756 332 235 757 328 235 758 329 236 759 334 236 760 330 236 761 336 237 762 338 237 763 339 237 764 343 238 765 341 238 766 340 238 767 345 239 768 342 239 769 343 239 770 346 240 771 341 240 772 347 240 773 345 241 774 340 241 775 346 241 776 344 242 777 341 242 778 342 242 779 337 243 780 344 243 781 338 243 782 336 244 783 345 244 784 346 244 785 337 245 786 346 245 787 347 245 788 338 246 789 345 246 790 339 246 791 351 247 792 349 247 793 350 247 794 355 248 795 353 248 796 352 248 797 358 249 798 354 249 799 359 249 800 356 250 801 354 250 802 355 250 803 357 251 804 353 251 805 358 251 806 349 252 807 357 252 808 358 252 809 350 253 810 356 253 811 351 253 812 350 10 813 358 10 814 359 10 815 351 254 816 357 254 817 348 254 818 367 255 819 364 255 820 365 255 821 371 256 822 366 256 823 367 256 824 371 257 825 368 257 826 370 257 827 365 258 828 368 258 829 369 258 830 366 259 831 368 259 832 364 259 833 371 260 834 373 260 835 374 260 836 372 261 837 379 261 838 376 261 839 369 262 840 374 262 841 375 262 842 367 263 843 372 263 844 373 263 845 365 264 846 375 264 847 372 264 848 378 10 849 376 10 850 379 10 851 373 265 852 378 265 853 374 265 854 375 266 855 378 266 856 379 266 857 372 267 858 377 267 859 373 267 860 380 268 861 382 268 862 383 268 863 386 269 864 384 269 865 387 269 866 382 270 867 387 270 868 383 270 869 380 271 870 385 271 871 381 271 872 383 272 873 384 272 874 380 272 875 381 273 876 386 273 877 382 273 878 388 274 879 390 274 880 391 274 881 395 275 882 393 275 883 392 275 884 397 276 885 394 276 886 395 276 887 398 277 888 393 277 889 399 277 890 398 278 891 395 278 892 392 278 893 396 279 894 393 279 895 394 279 896 390 280 897 399 280 898 396 280 899 391 281 900 398 281 901 388 281 902 389 282 903 398 282 904 399 282 905 390 283 906 397 283 907 391 283 908 400 284 909 402 284 910 403 284 911 407 285 912 405 285 913 404 285 914 410 10 915 406 10 916 411 10 917 408 286 918 406 286 919 407 286 920 409 287 921 405 287 922 410 287 923 401 288 924 409 288 925 410 288 926 402 289 927 408 289 928 403 289 929 402 10 930 410 10 931 411 10 932 403 290 933 409 290 934 400 290 935 525 291 936 530 291 937 523 291 938 539 292 939 536 292 940 538 292 941 541 293 942 546 293 943 539 293 944 422 294 945 469 294 946 467 294 947 555 295 948 496 295 949 553 295 950 548 296 951 542 296 952 551 296 953 556 297 954 550 297 955 559 297 956 539 298 957 544 298 958 537 298 959 486 299 960 426 299 961 484 299 962 507 300 963 512 300 964 505 300 965 493 301 966 536 301 967 492 301 968 438 302 969 443 302 970 436 302 971 461 303 972 455 303 973 464 303 974 421 304 975 467 304 976 465 304 977 522 305 978 496 305 979 497 305 980 446 306 981 424 306 982 423 306 983 429 307 984 504 307 985 458 307 986 520 308 987 421 308 988 496 308 989 526 309 990 532 309 991 525 309 992 517 310 993 495 310 994 494 310 995 458 311 996 430 311 997 429 311 998 547 312 999 544 312 1000 546 312 1001 545 313 1002 554 313 1003 552 313 1004 509 314 1005 514 314 1006 507 314 1007 492 315 1008 449 315 1009 513 315 1010 460 316 1011 431 316 1012 430 316 1013 503 317 1014 533 317 1015 534 317 1016 451 318 1017 425 318 1018 426 318 1019 500 319 1020 433 319 1021 529 319 1022 531 320 1023 528 320 1024 530 320 1025 446 321 1026 443 321 1027 445 321 1028 460 322 1029 461 322 1030 462 322 1031 515 323 1032 512 323 1033 514 323 1034 458 324 1035 459 324 1036 460 324 1037 510 325 1038 508 325 1039 511 325 1040 507 326 1041 504 326 1042 506 326 1043 533 327 1044 530 327 1045 532 327 1046 534 328 1047 532 328 1048 535 328 1049 525 329 1050 527 329 1051 526 329 1052 455 330 1053 453 330 1054 456 330 1055 509 331 1056 506 331 1057 508 331 1058 474 332 1059 475 332 1060 476 332 1061 541 333 1062 538 333 1063 540 333 1064 478 334 1065 475 334 1066 477 334 1067 550 335 1068 548 335 1069 551 335 1070 468 336 1071 469 336 1072 470 336 1073 468 337 1074 465 337 1075 467 337 1076 470 338 1077 472 338 1078 471 338 1079 542 339 1080 540 339 1081 543 339 1082 470 340 1083 475 340 1084 468 340 1085 540 341 1086 495 341 1087 543 341 1088 423 342 1089 472 342 1090 469 342 1091 555 343 1092 498 343 1093 497 343 1094 477 344 1095 471 344 1096 480 344 1097 436 345 1098 441 345 1099 434 345 1100 521 346 1101 530 346 1102 528 346 1103 450 347 1104 459 347 1105 457 347 1106 486 348 1107 428 348 1108 427 348 1109 466 349 1110 475 349 1111 473 349 1112 485 350 1113 479 350 1114 488 350 1115 474 351 1116 483 351 1117 481 351 1118 549 352 1119 546 352 1120 548 352 1121 549 353 1122 554 353 1123 547 353 1124 462 354 1125 432 354 1126 431 354 1127 444 355 1128 423 355 1129 422 355 1130 527 356 1131 498 356 1132 499 356 1133 529 357 1134 501 357 1135 500 357 1136 555 358 1137 552 358 1138 554 358 1139 420 359 1140 435 359 1141 419 359 1142 442 360 1143 422 360 1144 421 360 1145 454 361 1146 459 361 1147 452 361 1148 557 362 1149 559 362 1150 558 362 1151 493 363 1152 540 363 1153 538 363 1154 419 364 1155 433 364 1156 418 364 1157 453 365 1158 426 365 1159 427 365 1160 416 366 1161 437 366 1162 420 366 1163 524 367 1164 497 367 1165 498 367 1166 506 368 1167 489 368 1168 490 368 1169 479 369 1170 477 369 1171 480 369 1172 454 370 1173 451 370 1174 453 370 1175 439 371 1176 437 371 1177 440 371 1178 521 372 1179 522 372 1180 523 372 1181 444 373 1182 441 373 1183 443 373 1184 450 374 1185 451 374 1186 452 374 1187 438 375 1188 435 375 1189 437 375 1190 517 376 1191 519 376 1192 518 376 1193 462 377 1194 464 377 1195 463 377 1196 517 378 1197 514 378 1198 516 378 1199 523 379 1200 524 379 1201 525 379 1202 436 380 1203 433 380 1204 435 380 1205 486 381 1206 483 381 1207 485 381 1208 482 382 1209 483 382 1210 484 382 1211 557 383 1212 554 383 1213 556 383 1214 482 384 1215 426 384 1216 425 384 1217 557 385 1218 499 385 1219 498 385 1220 487 386 1221 485 386 1222 488 386 1223 438 387 1224 448 387 1225 445 387 1226 478 388 1227 483 388 1228 476 388 1229 509 389 1230 519 389 1231 516 389 1232 456 390 1233 427 390 1234 428 390 1235 512 391 1236 449 391 1237 450 391 1238 545 392 1239 466 392 1240 473 392 1241 552 393 1242 465 393 1243 466 393 1244 515 394 1245 494 394 1246 493 394 1247 521 395 1248 434 395 1249 441 395 1250 505 396 1251 450 396 1252 457 396 1253 553 397 1254 421 397 1255 465 397 1256 447 398 1257 445 398 1258 448 398 1259 492 399 1260 482 399 1261 425 399 1262 536 400 1263 481 400 1264 482 400 1265 544 401 1266 473 401 1267 474 401 1268 513 402 1269 493 402 1270 492 402 1271 504 403 1272 457 403 1273 458 403 1274 537 404 1275 474 404 1276 481 404 1277 520 405 1278 441 405 1279 442 405 1280 531 406 1281 502 406 1282 501 406 1283 417 407 1284 508 407 1285 491 407 1286 528 408 1287 433 408 1288 434 408 1289 3 409 1290 2 409 1291 0 409 1292 7 410 1293 6 410 1294 2 410 1295 5 2 1296 4 2 1297 6 2 1298 1 411 1299 0 411 1300 4 411 1301 2 4 1302 6 4 1303 4 4 1304 3 412 1305 9 412 1306 10 412 1307 11 413 1308 15 413 1309 12 413 1310 7 414 1311 10 414 1312 11 414 1313 3 415 1314 1 415 1315 8 415 1316 1 416 1317 5 416 1318 11 416 1319 14 10 1320 13 10 1321 12 10 1322 9 417 1323 13 417 1324 14 417 1325 10 418 1326 14 418 1327 15 418 1328 8 419 1329 12 419 1330 13 419 1331 19 4 1332 16 4 1333 17 4 1334 23 420 1335 22 420 1336 21 420 1337 18 421 1338 22 421 1339 23 421 1340 16 422 1341 20 422 1342 21 422 1343 19 423 1344 23 423 1345 20 423 1346 17 424 1347 21 424 1348 22 424 1349 27 425 1350 24 425 1351 25 425 1352 30 426 1353 29 426 1354 28 426 1355 33 427 1356 32 427 1357 30 427 1358 34 428 1359 28 428 1360 29 428 1361 33 429 1362 31 429 1363 28 429 1364 32 430 1365 35 430 1366 29 430 1367 25 431 1368 35 431 1369 32 431 1370 24 432 1371 27 432 1372 33 432 1373 25 433 1374 24 433 1375 34 433 1376 26 434 1377 32 434 1378 33 434 1379 39 435 1380 36 435 1381 37 435 1382 42 436 1383 41 436 1384 40 436 1385 47 437 1386 46 437 1387 41 437 1388 44 438 1389 47 438 1390 42 438 1391 45 439 1392 40 439 1393 41 439 1394 37 440 1395 36 440 1396 45 440 1397 38 441 1398 47 441 1399 44 441 1400 37 10 1401 46 10 1402 47 10 1403 36 442 1404 39 442 1405 44 442 1406 55 37 1407 54 37 1408 52 37 1409 59 443 1410 58 443 1411 54 443 1412 57 444 1413 56 444 1414 58 444 1415 53 40 1416 52 40 1417 56 40 1418 54 445 1419 58 445 1420 56 445 1421 55 446 1422 61 446 1423 62 446 1424 60 447 1425 63 447 1426 67 447 1427 59 448 1428 62 448 1429 63 448 1430 55 449 1431 53 449 1432 60 449 1433 57 450 1434 63 450 1435 60 450 1436 67 10 1437 66 10 1438 65 10 1439 62 451 1440 61 451 1441 65 451 1442 62 452 1443 66 452 1444 67 452 1445 60 453 1446 64 453 1447 65 453 1448 68 4 1449 69 4 1450 70 4 1451 74 454 1452 73 454 1453 72 454 1454 70 455 1455 74 455 1456 75 455 1457 68 456 1458 72 456 1459 73 456 1460 71 457 1461 75 457 1462 72 457 1463 69 458 1464 73 458 1465 74 458 1466 76 459 1467 77 459 1468 78 459 1469 83 460 1470 82 460 1471 81 460 1472 85 461 1473 84 461 1474 82 461 1475 86 462 1476 80 462 1477 81 462 1478 85 463 1479 83 463 1480 80 463 1481 87 464 1482 81 464 1483 82 464 1484 77 465 1485 87 465 1486 84 465 1487 76 466 1488 79 466 1489 85 466 1490 77 467 1491 76 467 1492 86 467 1493 78 468 1494 84 468 1495 85 468 1496 88 469 1497 89 469 1498 90 469 1499 95 470 1500 94 470 1501 93 470 1502 99 10 1503 98 10 1504 93 10 1505 96 471 1506 99 471 1507 94 471 1508 97 472 1509 92 472 1510 93 472 1511 89 473 1512 88 473 1513 97 473 1514 90 474 1515 99 474 1516 96 474 1517 89 10 1518 98 10 1519 99 10 1520 88 475 1521 91 475 1522 96 475 1523 107 476 1524 106 476 1525 104 476 1526 111 74 1527 110 74 1528 106 74 1529 109 477 1530 108 477 1531 110 477 1532 105 76 1533 104 76 1534 108 76 1535 106 478 1536 110 478 1537 108 478 1538 107 479 1539 113 479 1540 114 479 1541 115 480 1542 119 480 1543 116 480 1544 111 481 1545 114 481 1546 115 481 1547 107 482 1548 105 482 1549 112 482 1550 109 483 1551 115 483 1552 112 483 1553 118 10 1554 117 10 1555 116 10 1556 113 484 1557 117 484 1558 118 484 1559 115 485 1560 114 485 1561 118 485 1562 112 486 1563 116 486 1564 117 486 1565 120 4 1566 121 4 1567 122 4 1568 126 10 1569 125 10 1570 124 10 1571 122 487 1572 126 487 1573 127 487 1574 120 488 1575 124 488 1576 125 488 1577 123 88 1578 127 88 1579 124 88 1580 121 489 1581 125 489 1582 126 489 1583 131 490 1584 128 490 1585 129 490 1586 135 491 1587 134 491 1588 133 491 1589 137 492 1590 136 492 1591 134 492 1592 138 493 1593 132 493 1594 133 493 1595 138 494 1596 137 494 1597 135 494 1598 139 495 1599 133 495 1600 134 495 1601 129 496 1602 139 496 1603 136 496 1604 128 497 1605 131 497 1606 137 497 1607 129 498 1608 128 498 1609 138 498 1610 130 499 1611 136 499 1612 137 499 1613 143 500 1614 140 500 1615 141 500 1616 147 501 1617 146 501 1618 145 501 1619 151 10 1620 150 10 1621 145 10 1622 148 502 1623 151 502 1624 146 502 1625 149 503 1626 144 503 1627 145 503 1628 141 504 1629 140 504 1630 149 504 1631 142 505 1632 151 505 1633 148 505 1634 141 10 1635 150 10 1636 151 10 1637 140 506 1638 143 506 1639 148 506 1640 159 507 1641 158 507 1642 156 507 1643 163 508 1644 162 508 1645 158 508 1646 163 509 1647 161 509 1648 160 509 1649 157 111 1650 156 111 1651 160 111 1652 158 510 1653 162 510 1654 160 510 1655 163 511 1656 159 511 1657 165 511 1658 167 512 1659 171 512 1660 168 512 1661 161 513 1662 163 513 1663 166 513 1664 157 514 1665 164 514 1666 165 514 1667 161 515 1668 167 515 1669 164 515 1670 170 10 1671 169 10 1672 168 10 1673 165 516 1674 169 516 1675 170 516 1676 166 517 1677 170 517 1678 171 517 1679 164 518 1680 168 518 1681 169 518 1682 172 4 1683 173 4 1684 174 4 1685 178 519 1686 177 519 1687 176 519 1688 174 123 1689 178 123 1690 179 123 1691 172 124 1692 176 124 1693 177 124 1694 175 520 1695 179 520 1696 176 520 1697 173 521 1698 177 521 1699 178 521 1700 183 522 1701 180 522 1702 181 522 1703 186 523 1704 185 523 1705 184 523 1706 189 524 1707 188 524 1708 186 524 1709 190 525 1710 184 525 1711 185 525 1712 189 526 1713 187 526 1714 184 526 1715 188 527 1716 191 527 1717 185 527 1718 182 528 1719 181 528 1720 191 528 1721 180 529 1722 183 529 1723 189 529 1724 181 530 1725 180 530 1726 190 530 1727 182 531 1728 188 531 1729 189 531 1730 192 532 1731 193 532 1732 194 532 1733 199 533 1734 198 533 1735 197 533 1736 202 534 1737 197 534 1738 198 534 1739 200 535 1740 203 535 1741 198 535 1742 201 536 1743 196 536 1744 197 536 1745 193 537 1746 192 537 1747 201 537 1748 194 538 1749 203 538 1750 200 538 1751 193 539 1752 202 539 1753 203 539 1754 195 540 1755 200 540 1756 201 540 1757 211 541 1758 210 541 1759 208 541 1760 215 542 1761 214 542 1762 210 542 1763 215 543 1764 213 543 1765 212 543 1766 209 148 1767 208 148 1768 212 148 1769 210 544 1770 214 544 1771 212 544 1772 211 545 1773 217 545 1774 218 545 1775 216 546 1776 219 546 1777 223 546 1778 215 547 1779 218 547 1780 219 547 1781 209 548 1782 216 548 1783 217 548 1784 209 549 1785 213 549 1786 219 549 1787 223 550 1788 222 550 1789 221 550 1790 217 551 1791 221 551 1792 222 551 1793 219 552 1794 218 552 1795 222 552 1796 216 553 1797 220 553 1798 221 553 1799 224 554 1800 225 554 1801 226 554 1802 230 555 1803 229 555 1804 228 555 1805 226 556 1806 230 556 1807 231 556 1808 224 160 1809 228 160 1810 229 160 1811 227 557 1812 231 557 1813 228 557 1814 225 558 1815 229 558 1816 230 558 1817 232 559 1818 233 559 1819 234 559 1820 238 560 1821 237 560 1822 236 560 1823 241 561 1824 240 561 1825 238 561 1826 242 562 1827 236 562 1828 237 562 1829 242 563 1830 241 563 1831 239 563 1832 243 564 1833 237 564 1834 238 564 1835 233 565 1836 243 565 1837 240 565 1838 232 566 1839 235 566 1840 241 566 1841 233 567 1842 232 567 1843 242 567 1844 234 568 1845 240 568 1846 241 568 1847 247 569 1848 244 569 1849 245 569 1850 251 570 1851 250 570 1852 249 570 1853 254 571 1854 249 571 1855 250 571 1856 252 572 1857 255 572 1858 250 572 1859 253 573 1860 248 573 1861 249 573 1862 245 574 1863 244 574 1864 253 574 1865 246 575 1866 255 575 1867 252 575 1868 245 576 1869 254 576 1870 255 576 1871 244 577 1872 247 577 1873 252 577 1874 263 578 1875 262 578 1876 260 578 1877 267 579 1878 266 579 1879 262 579 1880 267 580 1881 265 580 1882 264 580 1883 261 581 1884 260 581 1885 264 581 1886 262 582 1887 266 582 1888 264 582 1889 263 583 1890 269 583 1891 270 583 1892 271 584 1893 275 584 1894 272 584 1895 265 585 1896 267 585 1897 270 585 1898 263 586 1899 261 586 1900 268 586 1901 265 587 1902 271 587 1903 268 587 1904 275 10 1905 274 10 1906 273 10 1907 270 588 1908 269 588 1909 273 588 1910 270 589 1911 274 589 1912 275 589 1913 268 590 1914 272 590 1915 273 590 1916 279 4 1917 276 4 1918 277 4 1919 283 591 1920 282 591 1921 281 591 1922 278 592 1923 282 592 1924 283 592 1925 276 593 1926 280 593 1927 281 593 1928 279 273 1929 283 273 1930 280 273 1931 277 594 1932 281 594 1933 282 594 1934 287 595 1935 284 595 1936 285 595 1937 291 596 1938 290 596 1939 289 596 1940 293 597 1941 292 597 1942 290 597 1943 294 598 1944 288 598 1945 289 598 1946 293 599 1947 291 599 1948 288 599 1949 295 600 1950 289 600 1951 290 600 1952 285 601 1953 295 601 1954 292 601 1955 287 602 1956 293 602 1957 294 602 1958 285 603 1959 284 603 1960 294 603 1961 286 604 1962 292 604 1963 293 604 1964 299 605 1965 296 605 1966 297 605 1967 303 606 1968 302 606 1969 301 606 1970 306 607 1971 301 607 1972 302 607 1973 304 608 1974 307 608 1975 302 608 1976 305 609 1977 300 609 1978 301 609 1979 297 610 1980 296 610 1981 305 610 1982 298 611 1983 307 611 1984 304 611 1985 298 10 1986 297 10 1987 306 10 1988 299 612 1989 304 612 1990 305 612 1991 315 613 1992 314 613 1993 312 613 1994 319 614 1995 318 614 1996 314 614 1997 317 615 1998 316 615 1999 318 615 2000 313 221 2001 312 221 2002 316 221 2003 312 616 2004 314 616 2005 318 616 2006 319 617 2007 315 617 2008 321 617 2009 320 618 2010 323 618 2011 327 618 2012 319 619 2013 322 619 2014 323 619 2015 315 620 2016 313 620 2017 320 620 2018 313 621 2019 317 621 2020 323 621 2021 327 622 2022 326 622 2023 325 622 2024 322 623 2025 321 623 2026 325 623 2027 322 624 2028 326 624 2029 327 624 2030 320 625 2031 324 625 2032 325 625 2033 331 626 2034 328 626 2035 329 626 2036 335 627 2037 334 627 2038 333 627 2039 330 628 2040 334 628 2041 335 628 2042 328 629 2043 332 629 2044 333 629 2045 331 630 2046 335 630 2047 332 630 2048 329 631 2049 333 631 2050 334 631 2051 336 632 2052 337 632 2053 338 632 2054 343 633 2055 342 633 2056 341 633 2057 345 634 2058 344 634 2059 342 634 2060 346 635 2061 340 635 2062 341 635 2063 345 636 2064 343 636 2065 340 636 2066 344 637 2067 347 637 2068 341 637 2069 337 638 2070 347 638 2071 344 638 2072 336 639 2073 339 639 2074 345 639 2075 337 640 2076 336 640 2077 346 640 2078 338 641 2079 344 641 2080 345 641 2081 351 642 2082 348 642 2083 349 642 2084 355 643 2085 354 643 2086 353 643 2087 358 644 2088 353 644 2089 354 644 2090 356 645 2091 359 645 2092 354 645 2093 357 646 2094 352 646 2095 353 646 2096 349 647 2097 348 647 2098 357 647 2099 350 648 2100 359 648 2101 356 648 2102 350 649 2103 349 649 2104 358 649 2105 351 650 2106 356 650 2107 357 650 2108 367 651 2109 366 651 2110 364 651 2111 371 652 2112 370 652 2113 366 652 2114 371 653 2115 369 653 2116 368 653 2117 365 258 2118 364 258 2119 368 258 2120 366 654 2121 370 654 2122 368 654 2123 371 655 2124 367 655 2125 373 655 2126 372 656 2127 375 656 2128 379 656 2129 369 657 2130 371 657 2131 374 657 2132 367 658 2133 365 658 2134 372 658 2135 365 659 2136 369 659 2137 375 659 2138 378 10 2139 377 10 2140 376 10 2141 373 660 2142 377 660 2143 378 660 2144 375 661 2145 374 661 2146 378 661 2147 372 662 2148 376 662 2149 377 662 2150 380 663 2151 381 663 2152 382 663 2153 386 664 2154 385 664 2155 384 664 2156 382 665 2157 386 665 2158 387 665 2159 380 666 2160 384 666 2161 385 666 2162 383 667 2163 387 667 2164 384 667 2165 381 668 2166 385 668 2167 386 668 2168 388 669 2169 389 669 2170 390 669 2171 395 670 2172 394 670 2173 393 670 2174 397 671 2175 396 671 2176 394 671 2177 398 672 2178 392 672 2179 393 672 2180 398 673 2181 397 673 2182 395 673 2183 396 674 2184 399 674 2185 393 674 2186 390 675 2187 389 675 2188 399 675 2189 391 676 2190 397 676 2191 398 676 2192 389 677 2193 388 677 2194 398 677 2195 390 678 2196 396 678 2197 397 678 2198 400 679 2199 401 679 2200 402 679 2201 407 680 2202 406 680 2203 405 680 2204 410 681 2205 405 681 2206 406 681 2207 408 682 2208 411 682 2209 406 682 2210 409 683 2211 404 683 2212 405 683 2213 401 684 2214 400 684 2215 409 684 2216 402 685 2217 411 685 2218 408 685 2219 402 10 2220 401 10 2221 410 10 2222 403 686 2223 408 686 2224 409 686 2225 508 766 2466 490 766 2467 491 766 2468 525 767 2469 532 767 2470 530 767 2471 539 768 2472 537 768 2473 536 768 2474 541 769 2475 548 769 2476 546 769 2477 422 770 2478 423 770 2479 469 770 2480 555 771 2481 497 771 2482 496 771 2483 548 772 2484 541 772 2485 542 772 2486 556 773 2487 549 773 2488 550 773 2489 539 774 2490 546 774 2491 544 774 2492 486 775 2493 427 775 2494 426 775 2495 507 776 2496 514 776 2497 512 776 2498 493 777 2499 538 777 2500 536 777 2501 438 778 2502 445 778 2503 443 778 2504 461 779 2505 454 779 2506 455 779 2507 421 780 2508 422 780 2509 467 780 2510 522 781 2511 520 781 2512 496 781 2513 446 782 2514 447 782 2515 424 782 2516 429 783 2517 489 783 2518 504 783 2519 520 784 2520 442 784 2521 421 784 2522 526 785 2523 535 785 2524 532 785 2525 517 786 2526 518 786 2527 495 786 2528 458 787 2529 460 787 2530 430 787 2531 547 788 2532 545 788 2533 544 788 2534 545 789 2535 547 789 2536 554 789 2537 509 790 2538 516 790 2539 514 790 2540 492 791 2541 425 791 2542 449 791 2543 460 792 2544 462 792 2545 431 792 2546 503 793 2547 502 793 2548 533 793 2549 451 794 2550 449 794 2551 425 794 2552 500 795 2553 418 795 2554 433 795 2555 531 796 2556 529 796 2557 528 796 2558 446 797 2559 444 797 2560 443 797 2561 460 798 2562 459 798 2563 461 798 2564 515 799 2565 513 799 2566 512 799 2567 458 800 2568 457 800 2569 459 800 2570 510 801 2571 509 801 2572 508 801 2573 507 802 2574 505 802 2575 504 802 2576 533 803 2577 531 803 2578 530 803 2579 534 804 2580 533 804 2581 532 804 2582 525 805 2583 524 805 2584 527 805 2585 455 806 2586 454 806 2587 453 806 2588 509 807 2589 507 807 2590 506 807 2591 474 808 2592 473 808 2593 475 808 2594 541 809 2595 539 809 2596 538 809 2597 478 810 2598 476 810 2599 475 810 2600 550 811 2601 549 811 2602 548 811 2603 468 812 2604 467 812 2605 469 812 2606 468 813 2607 466 813 2608 465 813 2609 470 814 2610 469 814 2611 472 814 2612 542 815 2613 541 815 2614 540 815 2615 470 816 2616 477 816 2617 475 816 2618 540 817 2619 494 817 2620 495 817 2621 423 818 2622 424 818 2623 472 818 2624 555 819 2625 557 819 2626 498 819 2627 477 820 2628 470 820 2629 471 820 2630 436 821 2631 443 821 2632 441 821 2633 521 822 2634 523 822 2635 530 822 2636 450 823 2637 452 823 2638 459 823 2639 486 824 2640 487 824 2641 428 824 2642 466 825 2643 468 825 2644 475 825 2645 485 826 2646 478 826 2647 479 826 2648 474 827 2649 476 827 2650 483 827 2651 549 828 2652 547 828 2653 546 828 2654 549 829 2655 556 829 2656 554 829 2657 462 830 2658 463 830 2659 432 830 2660 444 831 2661 446 831 2662 423 831 2663 527 832 2664 524 832 2665 498 832 2666 529 833 2667 531 833 2668 501 833 2669 555 834 2670 553 834 2671 552 834 2672 420 835 2673 437 835 2674 435 835 2675 442 836 2676 444 836 2677 422 836 2678 454 837 2679 461 837 2680 459 837 2681 557 838 2682 556 838 2683 559 838 2684 493 839 2685 494 839 2686 540 839 2687 419 840 2688 435 840 2689 433 840 2690 453 841 2691 451 841 2692 426 841 2693 416 842 2694 440 842 2695 437 842 2696 524 843 2697 522 843 2698 497 843 2699 506 844 2700 504 844 2701 489 844 2702 479 845 2703 478 845 2704 477 845 2705 454 846 2706 452 846 2707 451 846 2708 439 847 2709 438 847 2710 437 847 2711 521 848 2712 520 848 2713 522 848 2714 444 849 2715 442 849 2716 441 849 2717 450 850 2718 449 850 2719 451 850 2720 438 851 2721 436 851 2722 435 851 2723 517 852 2724 516 852 2725 519 852 2726 462 853 2727 461 853 2728 464 853 2729 517 854 2730 515 854 2731 514 854 2732 523 855 2733 522 855 2734 524 855 2735 436 856 2736 434 856 2737 433 856 2738 486 857 2739 484 857 2740 483 857 2741 482 858 2742 481 858 2743 483 858 2744 557 859 2745 555 859 2746 554 859 2747 482 860 2748 484 860 2749 426 860 2750 557 861 2751 558 861 2752 499 861 2753 487 862 2754 486 862 2755 485 862 2756 438 863 2757 439 863 2758 448 863 2759 478 864 2760 485 864 2761 483 864 2762 509 865 2763 510 865 2764 519 865 2765 456 866 2766 453 866 2767 427 866 2768 512 867 2769 513 867 2770 449 867 2771 545 868 2772 552 868 2773 466 868 2774 552 869 2775 553 869 2776 465 869 2777 515 870 2778 517 870 2779 494 870 2780 521 871 2781 528 871 2782 434 871 2783 505 872 2784 512 872 2785 450 872 2786 553 873 2787 496 873 2788 421 873 2789 447 874 2790 446 874 2791 445 874 2792 492 875 2793 536 875 2794 482 875 2795 536 876 2796 537 876 2797 481 876 2798 544 877 2799 545 877 2800 473 877 2801 513 878 2802 515 878 2803 493 878 2804 504 879 2805 505 879 2806 457 879 2807 537 880 2808 544 880 2809 474 880 2810 520 881 2811 521 881 2812 441 881 2813 531 882 2814 533 882 2815 502 882 2816 417 883 2817 511 883 2818 508 883 2819 528 884 2820 529 884 2821 433 884 2822 508 885 2823 506 885 2824 490 885 2825</p>
        </triangles>
        <triangles material="Lamppost_Emitter-material" count="80">
          <input semantic="VERTEX" source="#Freeway_S-Curve_mesh-mesh-vertices" offset="0"/>
          <input semantic="NORMAL" source="#Freeway_S-Curve_mesh-mesh-normals" offset="1"/>
          <input semantic="TEXCOORD" source="#Freeway_S-Curve_mesh-mesh-map-0" offset="2" set="0"/>
          <p>43 687 2226 49 687 2227 48 687 2228 51 688 2229 48 688 2230 49 688 2231 43 689 2232 50 689 2233 44 689 2234 45 690 2235 50 690 2236 51 690 2237 40 691 2238 51 691 2239 49 691 2240 95 692 2241 101 692 2242 100 692 2243 102 693 2244 101 693 2245 103 693 2246 95 694 2247 102 694 2248 96 694 2249 96 695 2250 103 695 2251 97 695 2252 97 696 2253 101 696 2254 92 696 2255 147 697 2256 153 697 2257 152 697 2258 155 698 2259 152 698 2260 153 698 2261 148 699 2262 152 699 2263 154 699 2264 148 700 2265 155 700 2266 149 700 2267 144 701 2268 155 701 2269 153 701 2270 199 702 2271 205 702 2272 204 702 2273 207 703 2274 204 703 2275 205 703 2276 199 704 2277 206 704 2278 200 704 2279 201 705 2280 206 705 2281 207 705 2282 196 706 2283 207 706 2284 205 706 2285 251 707 2286 257 707 2287 256 707 2288 259 708 2289 256 708 2290 257 708 2291 251 709 2292 258 709 2293 252 709 2294 252 710 2295 259 710 2296 253 710 2297 248 711 2298 259 711 2299 257 711 2300 303 712 2301 309 712 2302 308 712 2303 310 713 2304 309 713 2305 311 713 2306 303 714 2307 310 714 2308 304 714 2309 304 715 2310 311 715 2311 305 715 2312 300 716 2313 311 716 2314 309 716 2315 355 717 2316 361 717 2317 360 717 2318 362 718 2319 361 718 2320 363 718 2321 355 719 2322 362 719 2323 356 719 2324 356 720 2325 363 720 2326 357 720 2327 352 721 2328 363 721 2329 361 721 2330 407 722 2331 413 722 2332 412 722 2333 414 723 2334 413 723 2335 415 723 2336 407 724 2337 414 724 2338 408 724 2339 409 725 2340 414 725 2341 415 725 2342 409 726 2343 413 726 2344 404 726 2345 43 727 2346 40 727 2347 49 727 2348 51 728 2349 50 728 2350 48 728 2351 43 729 2352 48 729 2353 50 729 2354 45 730 2355 44 730 2356 50 730 2357 40 731 2358 45 731 2359 51 731 2360 95 732 2361 92 732 2362 101 732 2363 102 733 2364 100 733 2365 101 733 2366 95 734 2367 100 734 2368 102 734 2369 96 735 2370 102 735 2371 103 735 2372 97 736 2373 103 736 2374 101 736 2375 147 737 2376 144 737 2377 153 737 2378 155 738 2379 154 738 2380 152 738 2381 148 739 2382 147 739 2383 152 739 2384 148 740 2385 154 740 2386 155 740 2387 144 741 2388 149 741 2389 155 741 2390 199 742 2391 196 742 2392 205 742 2393 207 743 2394 206 743 2395 204 743 2396 199 744 2397 204 744 2398 206 744 2399 201 745 2400 200 745 2401 206 745 2402 196 746 2403 201 746 2404 207 746 2405 251 747 2406 248 747 2407 257 747 2408 259 748 2409 258 748 2410 256 748 2411 251 749 2412 256 749 2413 258 749 2414 252 750 2415 258 750 2416 259 750 2417 248 751 2418 253 751 2419 259 751 2420 303 752 2421 300 752 2422 309 752 2423 310 753 2424 308 753 2425 309 753 2426 303 754 2427 308 754 2428 310 754 2429 304 755 2430 310 755 2431 311 755 2432 300 756 2433 305 756 2434 311 756 2435 355 757 2436 352 757 2437 361 757 2438 362 758 2439 360 758 2440 361 758 2441 355 759 2442 360 759 2443 362 759 2444 356 760 2445 362 760 2446 363 760 2447 352 761 2448 357 761 2449 363 761 2450 407 762 2451 404 762 2452 413 762 2453 414 723 2454 412 723 2455 413 723 2456 407 763 2457 412 763 2458 414 763 2459 409 764 2460 408 764 2461 414 764 2462 409 765 2463 415 765 2464 413 765 2465</p>
        </triangles>
      </mesh>
    </geometry>
  </library_geometries>
  <library_visual_scenes>
    <visual_scene id="Scene" name="Scene">
      <node id="Freeway_S-Curve_mesh" name="Freeway_S-Curve_mesh" type="NODE">
        <matrix sid="transform">0.9999999 5.91064e-8 5.87144e-8 0 5.87144e-8 7.54979e-8 -1 0 -5.91064e-8 1 7.54979e-8 0 0 0 0 1</matrix>
        <instance_geometry url="#Freeway_S-Curve_mesh-mesh" name="Freeway_S-Curve_mesh">
          <bind_material>
            <technique_common>
              <instance_material symbol="Road-material" target="#Road-material">
                <bind_vertex_input semantic="Freeway_S-Curve_mesh-mesh-map-0" input_semantic="TEXCOORD" input_set="0"/>
              </instance_material>
              <instance_material symbol="Lamppost_Emitter-material" target="#Lamppost_Emitter-material">
                <bind_vertex_input semantic="Freeway_S-Curve_mesh-mesh-map-0" input_semantic="TEXCOORD" input_set="0"/>
              </instance_material>
            </technique_common>
          </bind_material>
        </instance_geometry>
      </node>
    </visual_scene>
  </library_visual_scenes>
  <scene>
    <instance_visual_scene url="#Scene"/>
  </scene>
</COLLADA>