<?xml version="1.0" encoding="utf-8"?>
<COLLADA xmlns="http://www.collada.org/2005/11/COLLADASchema" version="1.4.1" xmlns:xsi="http://www.w3.org/2001/XMLSchema-instance">
  <asset>
    <contributor>
      <author>Blender User</author>
      <authoring_tool>Blender 3.6.20 commit date:2025-01-20, commit time:15:08, hash:46254438b9dd</authoring_tool>
    </contributor>
    <created>2026-06-01T14:05:59</created>
    <modified>2026-06-01T14:05:59</modified>
    <unit name="meter" meter="1"/>
    <up_axis>Z_UP</up_axis>
  </asset>
  <library_effects>
    <effect id="Road-effect">
      <profile_COMMON>
        <technique sid="common">
          <lambert>
            <emission>
              <color sid="emission">0 0 0 1</color>
            </emission>
            <diffuse>
              <color sid="diffuse">0.64 0.64 0.64 1</color>
            </diffuse>
            <index_of_refraction>
              <float sid="ior">1</float>
            </index_of_refraction>
          </lambert>
        </technique>
      </profile_COMMON>
    </effect>
    <effect id="Lamppost_Emitter-effect">
      <profile_COMMON>
        <technique sid="common">
          <lambert>
            <emission>
              <color sid="emission">0 0 0 1</color>
            </emission>
            <diffuse>
              <color sid="diffuse">0.64 0.64 0.64 1</color>
            </diffuse>
            <index_of_refraction>
              <float sid="ior">1</float>
            </index_of_refraction>
          </lambert>
        </technique>
      </profile_COMMON>
    </effect>
  </library_effects>
  <library_images/>
  <library_materials>
    <material id="Road-material" name="Road">
      <instance_effect url="#Road-effect"/>
    </material>
    <material id="Lamppost_Emitter-material" name="Lamppost_Emitter">
      <instance_effect url="#Lamppost_Emitter-effect"/>
    </material>
  </library_materials>
  <library_geometries>
    <geometry id="Freeway_Join_Freeway_2_mesh-mesh" name="Freeway Join Freeway 2_mesh">
      <mesh>
        <source id="Freeway_Join_Freeway_2_mesh-mesh-positions">
          <float_array id="Freeway_Join_Freeway_2_mesh-mesh-positions-array" count="4458">29.37689 -0.06093984 -25.77776 29.37689 1.769973 -25.77776 29.69402 -0.06093984 -25.59467 29.69402 1.769973 -25.59467 29.1938 -0.06093984 -25.46063 29.1938 1.769973 -25.46063 29.51093 -0.06093984 -25.27754 29.51093 1.769973 -25.27754 29.397 1.941364 -25.70273 29.61898 1.941364 -25.57456 29.49082 1.941364 -25.35257 29.26883 1.941364 -25.48074 29.41193 7.938276 -25.64698 29.56324 7.938276 -25.55962 29.47588 7.938276 -25.40832 29.32458 7.938276 -25.49567 29.39963 7.803655 -25.69291 29.60917 7.803655 -25.57193 29.48819 7.803655 -25.36239 29.27865 7.803655 -25.48337 29.39963 8.217937 -25.69291 29.60917 8.217937 -25.57193 29.48819 8.217937 -25.36239 29.27865 8.217937 -25.48337 29.47145 7.838041 -25.59297 29.52569 7.964014 -25.56165 29.45535 7.964014 -25.43982 29.40111 7.838041 -25.47113 28.41762 8.469206 -26.2014 28.42049 8.60985 -26.19974 28.35015 8.60985 -26.07791 28.34728 8.469206 -26.07957 28.89697 8.606537 -25.7622 28.87058 8.469192 -25.77744 28.94093 8.469192 -25.89927 28.96731 8.606537 -25.88404 28.50017 8.43146 -26.2941 28.508 8.827423 -26.28958 28.31611 8.827423 -25.95721 28.30827 8.43146 -25.96173 27.78241 8.667778 -26.7085 27.89451 8.827423 -26.64378 27.70262 8.827423 -26.3114 27.59051 8.667778 -26.37613 28.20932 8.464039 -26.01886 28.40121 8.464039 -26.35123 28.40905 8.827423 -26.34671 28.21715 8.827423 -26.01434 27.83175 8.498346 -26.38255 27.89747 8.498346 -26.49637 28.04366 8.428575 -26.2602 28.10938 8.428575 -26.37402 35.44391 -0.06094038 -35.78657 35.44391 1.769973 -35.78657 35.70284 -0.06094038 -35.52764 35.70284 1.769973 -35.52764 35.18498 -0.06094038 -35.52764 35.18498 1.769973 -35.52764 35.44391 -0.06094026 -35.26871 35.44391 1.769973 -35.26871 35.44391 1.941363 -35.70889 35.62516 1.941363 -35.52764 35.44391 1.941363 -35.34639 35.26266 1.941363 -35.52764 35.44391 7.938275 -35.65118 35.56745 7.938275 -35.52764 35.44391 7.938275 -35.4041 35.32036 7.938275 -35.52764 35.44391 7.803654 -35.69873 35.615 7.803654 -35.52764 35.44391 7.803654 -35.35655 35.27282 7.803654 -35.52764 35.44391 8.217936 -35.69873 35.615 8.217936 -35.52764 35.44391 8.217936 -35.35655 35.27282 8.217936 -35.52764 35.48742 7.83804 -35.58361 35.53171 7.964013 -35.53932 35.43223 7.964013 -35.43984 35.38794 7.83804 -35.48413 34.62697 8.469205 -36.44406 34.62931 8.609849 -36.44171 34.52984 8.609849 -36.34223 34.52749 8.469205 -36.34458 34.97631 8.606536 -35.89576 34.95477 8.469191 -35.9173 35.05424 8.469191 -36.01678 35.07579 8.606536 -35.99524 34.7307 8.431458 -36.51223 34.73709 8.827422 -36.50584 34.46571 8.827422 -36.23445 34.45932 8.431458 -36.24085 34.14465 8.667778 -37.09828 34.23618 8.827422 -37.00675 33.9648 8.827422 -36.73537 33.87327 8.667778 -36.8269 34.37852 8.464038 -36.32165 34.6499 8.464038 -36.59303 34.65629 8.827422 -36.58663 34.38491 8.827422 -36.31525 34.10795 8.498345 -36.77067 34.20088 8.498345 -36.8636 34.28097 8.428574 -36.59764 34.3739 8.428574 -36.69058 44.48888 -0.06093972 -44.78264 44.48888 1.769973 -44.78264 44.69891 -0.06093972 -44.48268 44.69891 1.769973 -44.48268 44.18892 -0.06093972 -44.5726 44.18892 1.769973 -44.5726 44.39895 -0.06093972 -44.27264 44.39895 1.769973 -44.27264 44.47539 1.941364 -44.70614 44.62241 1.941364 -44.49617 44.41244 1.941364 -44.34914 44.26542 1.941364 -44.55912 44.46537 7.938276 -44.64931 44.56558 7.938276 -44.50619 44.42246 7.938276 -44.40597 44.32225 7.938276 -44.54909 44.47362 7.803655 -44.69613 44.6124 7.803655 -44.49793 44.41421 7.803655 -44.35915 44.27543 7.803655 -44.55735 44.47362 8.217937 -44.69613 44.6124 8.217937 -44.49793 44.41421 8.217937 -44.35915 44.27543 8.217937 -44.55735 44.49649 7.838041 -44.5752 44.53241 7.964014 -44.52389 44.41717 7.964014 -44.4432 44.38124 7.838041 -44.49451 43.79852 8.469206 -45.57199 43.80043 8.60985 -45.56928 43.68518 8.60985 -45.48859 43.68328 8.469206 -45.4913 44.04735 8.606537 -44.97137 44.02987 8.469192 -44.99632 44.14511 8.469192 -45.07701 44.16259 8.606537 -45.05206 43.91251 8.43146 -45.62112 43.9177 8.827423 -45.61371 43.60332 8.827423 -45.39358 43.59813 8.43146 -45.40099 43.43714 8.667778 -46.30004 43.51138 8.827423 -46.194 43.197 8.827423 -45.97386 43.12275 8.667778 -46.0799 43.53259 8.464039 -45.49459 43.84698 8.464039 -45.71472 43.85216 8.827423 -45.70731 43.53778 8.827423 -45.48718 43.3441 8.498346 -45.98377 43.45176 8.498346 -46.05916 43.48445 8.428575 -45.78333 43.59211 8.428575 -45.85871 54.55335 -0.06093806 -49.76231 54.55335 1.769975 -49.76231 54.67859 -0.06093806 -49.41821 54.67859 1.769975 -49.41821 54.20925 -0.06093806 -49.63707 54.20925 1.769975 -49.63707 54.33449 -0.06093806 -49.29297 54.33449 1.769975 -49.29297 54.52052 1.941365 -49.69191 54.60819 1.941365 -49.45104 54.36732 1.941365 -49.36337 54.27965 1.941365 -49.60424 54.49613 7.938277 -49.63961 54.55589 7.938277 -49.47543 54.39171 7.938277 -49.41567 54.33195 7.938277 -49.57985 54.51622 7.803656 -49.6827 54.59897 7.803656 -49.45534 54.37162 7.803656 -49.37258 54.28886 7.803656 -49.59994 54.51622 8.21794 -49.6827 54.59897 8.21794 -49.45534 54.37162 8.21794 -49.37258 54.28886 8.21794 -49.59994 54.50701 7.838042 -49.55997 54.52843 7.964015 -49.50112 54.39623 7.964015 -49.453 54.37481 7.838042 -49.51186 54.09082 8.469208 -50.70345 54.09195 8.609852 -50.70033 53.95975 8.609852 -50.65222 53.95862 8.469208 -50.65533 54.1757 8.606539 -50.05888 54.16529 8.469195 -50.08751 54.29748 8.469195 -50.13563 54.30791 8.606539 -50.107 54.21364 8.431462 -50.7214 54.21673 8.827425 -50.7129 53.85608 8.827425 -50.58164 53.85299 8.431462 -50.59014 53.93017 8.667779 -51.50022 53.97444 8.827425 -51.37857 53.6138 8.827425 -51.24731 53.56953 8.667779 -51.36895 53.81391 8.464041 -50.69751 54.17456 8.464041 -50.82877 54.17765 8.827425 -50.82027 53.817 8.827425 -50.68901 53.75845 8.498348 -51.21881 53.88196 8.498348 -51.26376 53.84214 8.428578 -50.98887 53.96564 8.428578 -51.03382 65.62701 -0.06094008 -51.71073 65.62701 1.769973 -51.71073 65.62701 -0.06094002 -51.34455 65.62701 1.769973 -51.34455 65.26083 -0.06094008 -51.71073 65.26083 1.769973 -51.71073 65.26083 -0.06094002 -51.34455 65.26083 1.769973 -51.34455 65.57209 1.941363 -51.6558 65.57209 1.941363 -51.39948 65.31575 1.941363 -51.39948 65.31575 1.941363 -51.6558 65.53128 7.938275 -51.615 65.53128 7.938275 -51.44028 65.35656 7.938275 -51.44028 65.35656 7.938275 -51.615 65.5649 7.803654 -51.64862 65.5649 7.803654 -51.40666 65.32294 7.803654 -51.40666 65.32294 7.803654 -51.64862 65.5649 8.217937 -51.64862 65.5649 8.217937 -51.40666 65.32294 8.217937 -51.40666 65.32294 8.217937 -51.64862 65.51426 7.83804 -51.53645 65.51426 7.964013 -51.47381 65.37358 7.964013 -51.47381 65.37358 7.83804 -51.53645 65.51426 8.469206 -52.75331 65.51426 8.60985 -52.74999 65.37358 8.60985 -52.74999 65.37358 8.469206 -52.75331 65.37358 8.606537 -52.11858 65.37358 8.469192 -52.14905 65.51426 8.469192 -52.14905 65.51426 8.606537 -52.11858 65.63581 8.43146 -52.72817 65.63581 8.827423 -52.71913 65.25202 8.827423 -52.71913 65.25202 8.43146 -52.72817 65.63581 8.667778 -53.55697 65.63581 8.827423 -53.42752 65.25202 8.827423 -53.42752 65.25202 8.667778 -53.55697 65.25202 8.464039 -52.84243 65.63581 8.464039 -52.84243 65.63581 8.827423 -52.83339 65.25202 8.827423 -52.83339 65.37821 8.498346 -53.35126 65.50963 8.498346 -53.35126 65.37821 8.428575 -53.10657 65.50963 8.428575 -53.10657 23.26334 -0.06093817 -8.708209 23.26334 1.769975 -8.708209 23.62953 -0.06093817 -8.708209 23.62953 1.769975 -8.708209 23.26334 -0.06093817 -8.342025 23.26334 1.769975 -8.342025 23.62953 -0.06093817 -8.342025 23.62953 1.769975 -8.342025 23.31827 1.941365 -8.653282 23.5746 1.941365 -8.653282 23.5746 1.941365 -8.396952 23.31827 1.941365 -8.396952 23.35908 7.938277 -8.612476 23.53379 7.938277 -8.612476 23.53379 7.938277 -8.437759 23.35908 7.938277 -8.437759 23.32546 7.803656 -8.646095 23.56741 7.803656 -8.646095 23.56741 7.803656 -8.404139 23.32546 7.803656 -8.404139 23.32546 8.21794 -8.646095 23.56741 8.21794 -8.646095 23.56741 8.21794 -8.404139 23.32546 8.21794 -8.404139 23.43763 7.838042 -8.595458 23.50026 7.964015 -8.595458 23.50026 7.964015 -8.454774 23.43763 7.838042 -8.454774 22.22077 8.469208 -8.595458 22.22408 8.609852 -8.595458 22.22408 8.609852 -8.454774 22.22077 8.469208 -8.454774 22.85549 8.606539 -8.454774 22.82503 8.469195 -8.454774 22.82503 8.469195 -8.595458 22.85549 8.606539 -8.595458 22.24591 8.431462 -8.717014 22.25495 8.827425 -8.717014 22.25495 8.827425 -8.33322 22.24591 8.431462 -8.33322 21.41711 8.667779 -8.717013 21.54656 8.827425 -8.717013 21.54656 8.827425 -8.333219 21.41711 8.667779 -8.333219 22.13164 8.464041 -8.33322 22.13164 8.464041 -8.717014 22.14069 8.827425 -8.717014 22.14069 8.827425 -8.33322 21.62281 8.498348 -8.459402 21.62281 8.498348 -8.59083 21.86751 8.428578 -8.459402 21.86751 8.428578 -8.59083 23.26334 -0.06093972 -43.7082 23.26334 1.769973 -43.7082 23.62953 -0.06093972 -43.7082 23.62953 1.769973 -43.7082 23.26334 -0.06093966 -43.34202 23.26334 1.769973 -43.34202 23.62953 -0.06093966 -43.34202 23.62953 1.769973 -43.34202 23.31827 1.941364 -43.65327 23.5746 1.941364 -43.65327 23.5746 1.941364 -43.39694 23.31827 1.941364 -43.39694 23.35908 7.938276 -43.61246 23.53379 7.938276 -43.61246 23.53379 7.938276 -43.43775 23.35908 7.938276 -43.43775 23.32546 7.803655 -43.64608 23.56741 7.803655 -43.64608 23.56741 7.803655 -43.40413 23.32546 7.803655 -43.40413 23.32546 8.217937 -43.64608 23.56741 8.217937 -43.64608 23.56741 8.217937 -43.40413 23.32546 8.217937 -43.40413 23.43763 7.838041 -43.59545 23.50026 7.964014 -43.59545 23.50026 7.964014 -43.45476 23.43763 7.838041 -43.45476 22.22077 8.469206 -43.59545 22.22408 8.60985 -43.59545 22.22408 8.60985 -43.45476 22.22077 8.469206 -43.45476 22.85549 8.606537 -43.45476 22.82503 8.469192 -43.45476 22.82503 8.469192 -43.59545 22.85549 8.606537 -43.59545 22.24591 8.43146 -43.717 22.25495 8.827423 -43.717 22.25495 8.827423 -43.33321 22.24591 8.43146 -43.33321 21.41711 8.667778 -43.717 21.54656 8.827423 -43.717 21.54656 8.827423 -43.33321 21.41711 8.667778 -43.33321 22.13164 8.464039 -43.33321 22.13164 8.464039 -43.717 22.14069 8.827423 -43.717 22.14069 8.827423 -43.33321 21.62281 8.498346 -43.45939 21.62281 8.498346 -43.59082 21.86751 8.428575 -43.45939 21.86751 8.428575 -43.59082 23.26334 -0.06094062 -63.7082 23.26334 1.769972 -63.7082 23.62953 -0.06094062 -63.7082 23.62953 1.769972 -63.7082 23.26334 -0.06094062 -63.34202 23.26334 1.769972 -63.34202 23.62953 -0.06094062 -63.34202 23.62953 1.769972 -63.34202 23.31827 1.941363 -63.65327 23.5746 1.941363 -63.65327 23.5746 1.941363 -63.39694 23.31827 1.941363 -63.39694 23.35908 7.938275 -63.61246 23.53379 7.938275 -63.61246 23.53379 7.938275 -63.43775 23.35908 7.938275 -63.43775 23.32546 7.803654 -63.64608 23.56741 7.803654 -63.64608 23.56741 7.803654 -63.40413 23.32546 7.803654 -63.40413 23.32546 8.217936 -63.64608 23.56741 8.217936 -63.64608 23.56741 8.217936 -63.40413 23.32546 8.217936 -63.40413 23.43763 7.83804 -63.59545 23.50026 7.964013 -63.59545 23.50026 7.964013 -63.45476 23.43763 7.83804 -63.45476 22.22077 8.469205 -63.59545 22.22408 8.609849 -63.59545 22.22408 8.609849 -63.45476 22.22077 8.469205 -63.45476 22.85549 8.606536 -63.45476 22.82503 8.469191 -63.45476 22.82503 8.469191 -63.59545 22.85549 8.606536 -63.59545 22.24591 8.431458 -63.717 22.25495 8.827422 -63.717 22.25495 8.827422 -63.33321 22.24591 8.431458 -63.33321 21.41711 8.667778 -63.717 21.54656 8.827422 -63.717 21.54656 8.827422 -63.33321 21.41711 8.667778 -63.33321 22.13164 8.464038 -63.33321 22.13164 8.464038 -63.717 22.14069 8.827422 -63.717 22.14069 8.827422 -63.33321 21.62281 8.498345 -63.45939 21.62281 8.498345 -63.59082 21.86751 8.428574 -63.45939 21.86751 8.428574 -63.59082 23.26334 -0.06094145 -83.7082 23.26334 1.769971 -83.7082 23.62953 -0.06094145 -83.7082 23.62953 1.769971 -83.7082 23.26334 -0.06094145 -83.34202 23.26334 1.769971 -83.34202 23.62953 -0.06094145 -83.34202 23.62953 1.769971 -83.34202 23.31827 1.941362 -83.65328 23.5746 1.941362 -83.65328 23.5746 1.941362 -83.39694 23.31827 1.941362 -83.39694 23.35908 7.938274 -83.61247 23.53379 7.938274 -83.61247 23.53379 7.938274 -83.43775 23.35908 7.938274 -83.43775 23.32546 7.803653 -83.64609 23.56741 7.803653 -83.64609 23.56741 7.803653 -83.40413 23.32546 7.803653 -83.40413 23.32546 8.217935 -83.64609 23.56741 8.217935 -83.64609 23.56741 8.217935 -83.40413 23.32546 8.217935 -83.40413 23.43763 7.838039 -83.59545 23.50026 7.964012 -83.59545 23.50026 7.964012 -83.45477 23.43763 7.838039 -83.45477 22.22077 8.469204 -83.59545 22.22408 8.609848 -83.59545 22.22408 8.609848 -83.45477 22.22077 8.469204 -83.45477 22.85549 8.606535 -83.45477 22.82503 8.46919 -83.45477 22.82503 8.46919 -83.59545 22.85549 8.606535 -83.59545 22.24591 8.431457 -83.71701 22.25495 8.827421 -83.71701 22.25495 8.827421 -83.33322 22.24591 8.431457 -83.33322 21.41711 8.667777 -83.71701 21.54656 8.827421 -83.71701 21.54656 8.827421 -83.33322 21.41711 8.667777 -83.33322 22.13164 8.464037 -83.33322 22.13164 8.464037 -83.71701 22.14069 8.827421 -83.71701 22.14069 8.827421 -83.33322 21.62281 8.498343 -83.4594 21.62281 8.498343 -83.59082 21.86751 8.428573 -83.4594 21.86751 8.428573 -83.59082 23.26334 -0.060943 -118.7082 23.26334 1.76997 -118.7082 23.62953 -0.060943 -118.7082 23.62953 1.76997 -118.7082 23.26334 -0.06094294 -118.342 23.26334 1.76997 -118.342 23.62953 -0.06094294 -118.342 23.62953 1.76997 -118.342 23.31827 1.94136 -118.6533 23.5746 1.94136 -118.6533 23.5746 1.941361 -118.3969 23.31827 1.941361 -118.3969 23.35908 7.938272 -118.6125 23.53379 7.938272 -118.6125 23.53379 7.938272 -118.4378 23.35908 7.938272 -118.4378 23.32546 7.803651 -118.6461 23.56741 7.803651 -118.6461 23.56741 7.803651 -118.4041 23.32546 7.803651 -118.4041 23.32546 8.217934 -118.6461 23.56741 8.217934 -118.6461 23.56741 8.217934 -118.4041 23.32546 8.217934 -118.4041 23.43763 7.838037 -118.5955 23.50026 7.96401 -118.5955 23.50026 7.96401 -118.4548 23.43763 7.838037 -118.4548 22.22077 8.469203 -118.5955 22.22408 8.609848 -118.5955 22.22408 8.609848 -118.4548 22.22077 8.469203 -118.4548 22.85549 8.606534 -118.4548 22.82503 8.469189 -118.4548 22.82503 8.469189 -118.5955 22.85549 8.606534 -118.5955 22.24591 8.431456 -118.717 22.25495 8.82742 -118.717 22.25495 8.82742 -118.3332 22.24591 8.431456 -118.3332 21.41711 8.667776 -118.717 21.54656 8.82742 -118.717 21.54656 8.82742 -118.3332 21.41711 8.667776 -118.3332 22.13164 8.464036 -118.3332 22.13164 8.464036 -118.717 22.14069 8.82742 -118.717 22.14069 8.82742 -118.3332 21.62281 8.498342 -118.4594 21.62281 8.498342 -118.5908 21.86751 8.428572 -118.4594 21.86751 8.428572 -118.5908 29.19884 -0.06094223 -99.59467 29.19884 1.769971 -99.59467 29.51596 -0.06094223 -99.77776 29.51596 1.769971 -99.77776 29.38193 -0.06094217 -99.27754 29.38193 1.769971 -99.27754 29.69905 -0.06094223 -99.46063 29.69905 1.769971 -99.46063 29.27387 1.941361 -99.57456 29.49586 1.941361 -99.70272 29.62402 1.941361 -99.48074 29.40203 1.941361 -99.35258 29.32961 7.938273 -99.55963 29.48092 7.938273 -99.64698 29.56828 7.938273 -99.49568 29.41697 7.938273 -99.40832 29.28369 7.803652 -99.57193 29.49323 7.803652 -99.69291 29.6142 7.803652 -99.48337 29.40466 7.803652 -99.36239 29.28369 8.217934 -99.57193 29.49323 8.217934 -99.69291 29.6142 8.217934 -99.48337 29.40466 8.217934 -99.36239 29.40615 7.838038 -99.58416 29.46039 7.964011 -99.61548 29.53073 7.964011 -99.49365 29.47649 7.838038 -99.46233 28.35232 8.469203 -98.97573 28.35519 8.609848 -98.9774 28.42553 8.609848 -98.85556 28.42266 8.469203 -98.8539 28.97235 8.606534 -99.17126 28.94596 8.469189 -99.15603 28.87562 8.469189 -99.27787 28.902 8.606534 -99.2931 28.31331 8.431456 -99.09358 28.32114 8.82742 -99.09809 28.51304 8.82742 -98.76572 28.5052 8.431456 -98.7612 27.59555 8.667776 -98.67918 27.70765 8.82742 -98.7439 27.89955 8.82742 -98.41152 27.78744 8.667776 -98.3468 28.40625 8.464036 -98.70407 28.21435 8.464036 -99.03644 28.22219 8.82742 -99.04096 28.41408 8.82742 -98.70859 27.9025 8.498342 -98.55893 27.83679 8.498342 -98.67276 28.11441 8.428572 -98.68128 28.0487 8.428572 -98.7951 35.191 -0.06094169 -89.50508 35.191 1.769971 -89.50508 35.42638 -0.06094169 -89.78559 35.42638 1.769971 -89.78559 35.47151 -0.06094169 -89.26971 35.47151 1.769971 -89.26971 35.70689 -0.06094169 -89.55022 35.70689 1.769971 -89.55022 35.26838 1.941362 -89.51185 35.43315 1.941362 -89.70822 35.6295 1.941362 -89.54345 35.46474 1.941362 -89.34709 35.32587 7.938274 -89.51689 35.43817 7.938274 -89.65072 35.57202 7.938274 -89.53842 35.45971 7.938274 -89.40458 35.27851 7.803653 -89.51274 35.43403 7.803653 -89.69808 35.61938 7.803653 -89.54256 35.46385 7.803653 -89.35722 35.27851 8.217935 -89.51274 35.43403 8.217935 -89.69808 35.61938 8.217935 -89.54256 35.46385 8.217935 -89.35722 35.3894 7.838039 -89.56612 35.42966 7.964012 -89.6141 35.53743 7.964012 -89.52367 35.49717 7.838039 -89.47569 34.60721 8.469204 -88.63395 34.60935 8.609848 -88.63649 34.71712 8.609848 -88.54606 34.71498 8.469204 -88.54352 35.12298 8.606535 -89.02975 35.1034 8.46919 -89.00641 34.99562 8.46919 -89.09684 35.01521 8.606535 -89.12018 34.53026 8.431457 -88.73134 34.53607 8.827421 -88.73827 34.83007 8.827421 -88.49157 34.82426 8.431457 -88.48464 33.99752 8.667777 -88.09645 34.08073 8.827421 -88.19561 34.37473 8.827421 -87.94891 34.29152 8.667777 -87.84975 34.75082 8.464037 -88.39711 34.45681 8.464037 -88.64381 34.46262 8.827421 -88.65074 34.75663 8.827421 -88.40404 34.32709 8.498343 -88.08843 34.2264 8.498343 -88.17292 34.48437 8.428573 -88.27588 34.38369 8.428573 -88.36036 44.19884 -0.06094133 -81.46063 44.19884 1.769971 -81.46063 44.38193 -0.06094139 -81.77776 44.38193 1.769971 -81.77776 44.51596 -0.06094133 -81.27754 44.51596 1.769971 -81.27754 44.69905 -0.06094133 -81.59467 44.69905 1.769971 -81.59467 44.27387 1.941362 -81.48074 44.40203 1.941362 -81.70272 44.62402 1.941362 -81.57456 44.49586 1.941362 -81.35258 44.32961 7.938274 -81.49568 44.41697 7.938274 -81.64698 44.56828 7.938274 -81.55963 44.48092 7.938274 -81.40832 44.28369 7.803653 -81.48337 44.40466 7.803653 -81.69291 44.6142 7.803653 -81.57193 44.49322 7.803653 -81.36239 44.28369 8.217935 -81.48337 44.40466 8.217935 -81.69291 44.6142 8.217935 -81.57193 44.49322 8.217935 -81.36239 44.38362 7.838039 -81.55519 44.41494 7.964012 -81.60944 44.53677 7.964012 -81.5391 44.50546 7.838039 -81.48485 43.77519 8.469204 -80.50136 43.77685 8.609848 -80.50424 43.89868 8.609848 -80.43389 43.89703 8.469204 -80.43103 44.21439 8.606535 -80.98071 44.19916 8.46919 -80.95433 44.07732 8.46919 -81.02467 44.09255 8.606535 -81.05105 43.68249 8.431457 -80.58391 43.68701 8.827421 -80.59175 44.01939 8.827421 -80.39984 44.01486 8.431457 -80.39202 43.26809 8.667777 -79.86615 43.33282 8.827421 -79.97826 43.66519 8.827421 -79.78636 43.60047 8.667777 -79.67426 43.95774 8.464037 -80.29306 43.62536 8.464037 -80.48496 43.62988 8.827421 -80.49279 43.96226 8.827421 -80.30089 43.59404 8.498343 -79.91549 43.48022 8.498343 -79.9812 43.71639 8.428573 -80.12741 43.60257 8.428573 -80.19312 54.22471 -0.06094211 -75.39819 54.22471 1.769971 -75.39819 54.31948 -0.06094211 -75.75189 54.31948 1.769971 -75.75189 54.57841 -0.06094211 -75.30341 54.57841 1.769971 -75.30341 54.67319 -0.06094211 -75.65711 54.67319 1.769971 -75.65711 54.29198 1.941361 -75.43703 54.35832 1.941361 -75.68462 54.60591 1.941361 -75.61827 54.53957 1.941361 -75.37068 54.34196 7.938273 -75.46588 54.38718 7.938273 -75.63465 54.55594 7.938273 -75.58943 54.51072 7.938273 -75.42066 54.30078 7.803652 -75.44211 54.3634 7.803652 -75.67581 54.59711 7.803652 -75.61319 54.53449 7.803652 -75.37949 54.30078 8.217935 -75.44211 54.3634 8.217935 -75.67581 54.59711 8.217935 -75.61319 54.53449 8.217935 -75.37949 54.37872 7.838038 -75.53735 54.39493 7.964011 -75.59785 54.53082 7.964011 -75.56143 54.51461 7.838038 -75.50094 54.06378 8.469204 -74.36196 54.06464 8.609848 -74.36516 54.20053 8.609848 -74.32875 54.19967 8.469204 -74.32554 54.36394 8.606535 -74.93864 54.35606 8.46919 -74.90921 54.22017 8.46919 -74.94562 54.22806 8.606535 -74.97505 53.95287 8.431457 -74.4177 53.95521 8.827421 -74.42643 54.32593 8.827421 -74.3271 54.32358 8.431457 -74.31836 53.73836 8.667777 -73.61714 53.77186 8.827421 -73.74217 54.14258 8.827421 -73.64284 54.10908 8.667777 -73.51781 54.29401 8.464037 -74.208 53.9233 8.464037 -74.30733 53.92564 8.827421 -74.31607 54.29635 8.827421 -74.21673 54.04043 8.498343 -73.74916 53.91349 8.498343 -73.78318 54.10377 8.428573 -73.98551 53.97681 8.428573 -74.01953 65.26586 -0.06094104 -73.34456 65.26586 1.769972 -73.34456 65.26586 -0.0609411 -73.71074 65.26586 1.769972 -73.71074 65.63204 -0.06094104 -73.34456 65.63204 1.769972 -73.34456 65.63204 -0.0609411 -73.71074 65.63204 1.769972 -73.71074 65.32079 1.941362 -73.39949 65.32079 1.941362 -73.65582 65.57712 1.941362 -73.65582 65.57712 1.941362 -73.39949 65.3616 7.938274 -73.44029 65.3616 7.938274 -73.61501 65.53631 7.938274 -73.61501 65.53631 7.938274 -73.44029 65.32798 7.803653 -73.40667 65.32798 7.803653 -73.64863 65.56993 7.803653 -73.64863 65.56993 7.803653 -73.40667 65.32798 8.217936 -73.40667 65.32798 8.217936 -73.64863 65.56993 8.217936 -73.64863 65.56993 8.217936 -73.40667 65.37861 7.838039 -73.51885 65.37861 7.964012 -73.58148 65.5193 7.964012 -73.58148 65.5193 7.838039 -73.51885 65.37861 8.469205 -72.30198 65.37861 8.609849 -72.3053 65.5193 8.609849 -72.3053 65.5193 8.469205 -72.30198 65.5193 8.606536 -72.93671 65.5193 8.469191 -72.90625 65.37861 8.469191 -72.90625 65.37861 8.606536 -72.93671 65.25706 8.431458 -72.32712 65.25706 8.827422 -72.33617 65.64085 8.827422 -72.33617 65.64085 8.431458 -72.32712 65.25706 8.667778 -71.49832 65.25706 8.827422 -71.62777 65.64085 8.827422 -71.62777 65.64085 8.667778 -71.49832 65.64085 8.464038 -72.21286 65.25706 8.464038 -72.21286 65.25706 8.827422 -72.2219 65.64085 8.827422 -72.2219 65.51467 8.498345 -71.70403 65.38324 8.498345 -71.70403 65.51467 8.428574 -71.94873 65.38324 8.428574 -71.94873 1.629525 -0.0609399 -48.34709 1.629525 1.769973 -48.34709 1.263342 -0.0609399 -48.34709 1.263342 1.769973 -48.34709 1.629524 -0.0609399 -48.71327 1.629524 1.769973 -48.71327 1.263342 -0.0609399 -48.71327 1.263342 1.769973 -48.71327 1.574597 1.941364 -48.40202 1.318269 1.941364 -48.40202 1.318269 1.941364 -48.65834 1.574597 1.941364 -48.65834 1.533792 7.938276 -48.44282 1.359075 7.938276 -48.44282 1.359075 7.938276 -48.61754 1.533791 7.938276 -48.61754 1.56741 7.803655 -48.40921 1.325456 7.803655 -48.40921 1.325456 7.803655 -48.65116 1.56741 7.803655 -48.65116 1.56741 8.217937 -48.40921 1.325456 8.217937 -48.40921 1.325456 8.217937 -48.65116 1.56741 8.217937 -48.65116 1.45524 7.838041 -48.45984 1.392607 7.964014 -48.45984 1.392607 7.964014 -48.60052 1.45524 7.838041 -48.60052 2.672099 8.469206 -48.45984 2.668783 8.60985 -48.45984 2.668783 8.60985 -48.60052 2.672099 8.469206 -48.60052 2.037374 8.606537 -48.60052 2.06784 8.469192 -48.60052 2.06784 8.469192 -48.45984 2.037374 8.606537 -48.45984 2.646963 8.43146 -48.33829 2.637918 8.827423 -48.33829 2.637918 8.827423 -48.72208 2.646963 8.43146 -48.72208 3.475759 8.667778 -48.33829 3.346312 8.827423 -48.33829 3.346312 8.827423 -48.72208 3.475759 8.667778 -48.72208 2.761225 8.464039 -48.72208 2.761225 8.464039 -48.33829 2.75218 8.827423 -48.33829 2.75218 8.827423 -48.72208 3.270054 8.498346 -48.5959 3.270054 8.498346 -48.46446 3.025361 8.428575 -48.5959 3.025361 8.428575 -48.46446 1.629525 -0.06093817 -8.347091 1.629525 1.769975 -8.347091 1.263342 -0.06093817 -8.347091 1.263342 1.769975 -8.347091 1.629524 -0.06093817 -8.713274 1.629524 1.769975 -8.713274 1.263342 -0.06093817 -8.713274 1.263342 1.769975 -8.713274 1.574597 1.941365 -8.402018 1.318269 1.941365 -8.402018 1.318269 1.941365 -8.658348 1.574597 1.941365 -8.658348 1.533792 7.938277 -8.442825 1.359075 7.938277 -8.442825 1.359075 7.938277 -8.617542 1.533792 7.938277 -8.617542 1.56741 7.803656 -8.409206 1.325456 7.803656 -8.409206 1.325456 7.803656 -8.651161 1.56741 7.803656 -8.651161 1.56741 8.21794 -8.409206 1.325456 8.21794 -8.409206 1.325456 8.21794 -8.651161 1.56741 8.21794 -8.651161 1.45524 7.838042 -8.45984 1.392607 7.964015 -8.45984 1.392607 7.964015 -8.600524 1.45524 7.838042 -8.600524 2.672099 8.469208 -8.45984 2.668784 8.609852 -8.45984 2.668784 8.609852 -8.600524 2.672099 8.469208 -8.600524 2.037374 8.606539 -8.600524 2.067841 8.469195 -8.600524 2.067841 8.469195 -8.45984 2.037374 8.606539 -8.45984 2.646963 8.431462 -8.338287 2.637918 8.827425 -8.338287 2.637917 8.827425 -8.72208 2.646963 8.431462 -8.72208 3.47576 8.667779 -8.338288 3.346312 8.827425 -8.338288 3.346312 8.827425 -8.722081 3.475759 8.667779 -8.722081 2.761225 8.464041 -8.72208 2.761225 8.464041 -8.338287 2.75218 8.827425 -8.338287 2.75218 8.827425 -8.72208 3.270054 8.498348 -8.595898 3.270054 8.498348 -8.464468 3.025361 8.428578 -8.595897 3.025361 8.428578 -8.464468 1.629524 -0.06093907 -28.34709 1.629524 1.769974 -28.34709 1.263342 -0.06093907 -28.34709 1.263342 1.769974 -28.34709 1.629524 -0.06093913 -28.71327 1.629524 1.769974 -28.71327 1.263342 -0.06093913 -28.71327 1.263342 1.769974 -28.71327 1.574597 1.941365 -28.40202 1.318269 1.941365 -28.40202 1.318269 1.941364 -28.65835 1.574597 1.941364 -28.65835 1.533792 7.938276 -28.44282 1.359075 7.938276 -28.44282 1.359075 7.938276 -28.61754 1.533792 7.938276 -28.61754 1.56741 7.803655 -28.40921 1.325456 7.803655 -28.40921 1.325456 7.803655 -28.65116 1.56741 7.803655 -28.65116 1.56741 8.217939 -28.40921 1.325456 8.217939 -28.40921 1.325456 8.217939 -28.65116 1.56741 8.217939 -28.65116 1.45524 7.838041 -28.45984 1.392607 7.964014 -28.45984 1.392607 7.964014 -28.60052 1.45524 7.838041 -28.60052 2.672099 8.469207 -28.45984 2.668784 8.609851 -28.45984 2.668784 8.609851 -28.60052 2.672099 8.469207 -28.60052 2.037374 8.606538 -28.60052 2.067841 8.469193 -28.60052 2.06784 8.469193 -28.45984 2.037374 8.606538 -28.45984 2.646963 8.43146 -28.33829 2.637918 8.827424 -28.33829 2.637918 8.827424 -28.72208 2.646963 8.43146 -28.72208 3.475759 8.667778 -28.33829 3.346312 8.827424 -28.33829 3.346312 8.827424 -28.72208 3.475759 8.667778 -28.72208 2.761225 8.46404 -28.72208 2.761225 8.46404 -28.33829 2.75218 8.827424 -28.33829 2.75218 8.827424 -28.72208 3.270054 8.498347 -28.5959 3.270054 8.498347 -28.46447 3.025361 8.428576 -28.5959 3.025361 8.428576 -28.46447 1.629525 -0.06094121 -78.34708 1.629525 1.769972 -78.34708 1.263342 -0.06094121 -78.34708 1.263342 1.769972 -78.34708 1.629524 -0.06094121 -78.71326 1.629524 1.769972 -78.71326 1.263342 -0.06094121 -78.71326 1.263342 1.769972 -78.71326 1.574597 1.941362 -78.402 1.318269 1.941362 -78.402 1.318269 1.941362 -78.65834 1.574597 1.941362 -78.65834 1.533792 7.938274 -78.44281 1.359075 7.938274 -78.44281 1.359075 7.938274 -78.61753 1.533791 7.938274 -78.61753 1.56741 7.803653 -78.40919 1.325456 7.803653 -78.40919 1.325456 7.803653 -78.65115 1.56741 7.803653 -78.65115 1.56741 8.217935 -78.40919 1.325456 8.217935 -78.40919 1.325456 8.217935 -78.65115 1.56741 8.217935 -78.65115 1.45524 7.838039 -78.45983 1.392607 7.964012 -78.45983 1.392607 7.964012 -78.60051 1.45524 7.838039 -78.60051 2.672099 8.469204 -78.45983 2.668784 8.609848 -78.45983 2.668784 8.609848 -78.60051 2.672099 8.469204 -78.60051 2.037374 8.606535 -78.60051 2.06784 8.46919 -78.60051 2.06784 8.46919 -78.45983 2.037374 8.606535 -78.45983 2.646963 8.431457 -78.33827 2.637917 8.827421 -78.33827 2.637917 8.827421 -78.72206 2.646963 8.431457 -78.72206 3.475759 8.667777 -78.33827 3.346312 8.827421 -78.33827 3.346312 8.827421 -78.72206 3.475759 8.667777 -78.72206 2.761225 8.464037 -78.72206 2.761225 8.464037 -78.33827 2.75218 8.827421 -78.33827 2.75218 8.827421 -78.72206 3.270053 8.498343 -78.59588 3.270053 8.498343 -78.46446 3.025361 8.428573 -78.59588 3.025361 8.428573 -78.46446 1.629524 -0.06094062 -63.34709 1.629524 1.769972 -63.34709 1.263342 -0.06094062 -63.34709 1.263342 1.769972 -63.34709 1.629524 -0.06094062 -63.71327 1.629524 1.769972 -63.71327 1.263342 -0.06094062 -63.71327 1.263342 1.769972 -63.71327 1.574597 1.941363 -63.40202 1.318269 1.941363 -63.40202 1.318269 1.941363 -63.65834 1.574597 1.941363 -63.65834 1.533792 7.938275 -63.44282 1.359075 7.938275 -63.44282 1.359075 7.938275 -63.61754 1.533791 7.938275 -63.61754 1.56741 7.803654 -63.40921 1.325456 7.803654 -63.40921 1.325456 7.803654 -63.65116 1.56741 7.803654 -63.65116 1.56741 8.217936 -63.40921 1.325456 8.217936 -63.40921 1.325456 8.217936 -63.65116 1.56741 8.217936 -63.65116 1.45524 7.83804 -63.45984 1.392607 7.964013 -63.45984 1.392607 7.964013 -63.60052 1.45524 7.83804 -63.60052 2.672099 8.469205 -63.45984 2.668784 8.609849 -63.45984 2.668784 8.609849 -63.60052 2.672099 8.469205 -63.60052 2.037374 8.606536 -63.60052 2.067841 8.469191 -63.60052 2.06784 8.469191 -63.45984 2.037374 8.606536 -63.45984 2.646963 8.431458 -63.33829 2.637918 8.827422 -63.33829 2.637918 8.827422 -63.72208 2.646963 8.431458 -63.72208 3.475759 8.667778 -63.33829 3.346312 8.827422 -63.33829 3.346312 8.827422 -63.72208 3.475759 8.667778 -63.72208 2.761225 8.464038 -63.72208 2.761225 8.464038 -63.33829 2.75218 8.827422 -63.33829 2.75218 8.827422 -63.72208 3.270054 8.498345 -63.5959 3.270054 8.498345 -63.46446 3.025361 8.428574 -63.5959 3.025361 8.428574 -63.46446 1.629525 -0.06094217 -98.34708 1.629525 1.769971 -98.34708 1.263342 -0.06094217 -98.34708 1.263342 1.769971 -98.34708 1.629524 -0.06094217 -98.71326 1.629524 1.769971 -98.71326 1.263342 -0.06094217 -98.71326 1.263342 1.769971 -98.71326 1.574597 1.941361 -98.40201 1.318269 1.941361 -98.40201 1.318269 1.941361 -98.65834 1.574597 1.941361 -98.65834 1.533792 7.938273 -98.44281 1.359075 7.938273 -98.44281 1.359075 7.938273 -98.61753 1.533792 7.938273 -98.61753 1.56741 7.803652 -98.40919 1.325456 7.803652 -98.40919 1.325456 7.803652 -98.65115 1.56741 7.803652 -98.65115 1.56741 8.217934 -98.40919 1.325456 8.217934 -98.40919 1.325456 8.217934 -98.65115 1.56741 8.217934 -98.65115 1.45524 7.838038 -98.45983 1.392607 7.964011 -98.45983 1.392607 7.964011 -98.60051 1.45524 7.838038 -98.60051 2.6721 8.469203 -98.45983 2.668784 8.609848 -98.45983 2.668784 8.609848 -98.60051 2.6721 8.469203 -98.60051 2.037374 8.606534 -98.60051 2.067841 8.469189 -98.60051 2.067841 8.469189 -98.45983 2.037374 8.606534 -98.45983 2.646963 8.431456 -98.33827 2.637918 8.82742 -98.33827 2.637918 8.82742 -98.72206 2.646963 8.431456 -98.72206 3.47576 8.667776 -98.33827 3.346312 8.82742 -98.33827 3.346312 8.82742 -98.72206 3.475759 8.667776 -98.72206 2.761225 8.464036 -98.72206 2.761225 8.464036 -98.33827 2.75218 8.82742 -98.33827 2.75218 8.82742 -98.72206 3.270054 8.498342 -98.59588 3.270054 8.498342 -98.46446 3.025361 8.428572 -98.59588 3.025361 8.428572 -98.46446 1.629524 -0.06094294 -118.3471 1.629524 1.76997 -118.3471 1.263342 -0.06094294 -118.3471 1.263342 1.76997 -118.3471 1.629524 -0.060943 -118.7133 1.629524 1.76997 -118.7133 1.263342 -0.060943 -118.7133 1.263342 1.76997 -118.7133 1.574597 1.941361 -118.402 1.318269 1.941361 -118.402 1.318269 1.94136 -118.6583 1.574597 1.94136 -118.6583 1.533792 7.938272 -118.4428 1.359075 7.938272 -118.4428 1.359075 7.938272 -118.6175 1.533792 7.938272 -118.6175 1.56741 7.803651 -118.4092 1.325456 7.803651 -118.4092 1.325456 7.803651 -118.6511 1.56741 7.803651 -118.6511 1.56741 8.217934 -118.4092 1.325456 8.217934 -118.4092 1.325456 8.217934 -118.6511 1.56741 8.217934 -118.6511 1.45524 7.838037 -118.4598 1.392607 7.96401 -118.4598 1.392607 7.96401 -118.6005 1.45524 7.838037 -118.6005 2.672099 8.469203 -118.4598 2.668784 8.609848 -118.4598 2.668784 8.609848 -118.6005 2.672099 8.469203 -118.6005 2.037374 8.606534 -118.6005 2.06784 8.469189 -118.6005 2.06784 8.469189 -118.4598 2.037374 8.606534 -118.4598 2.646963 8.431456 -118.3383 2.637918 8.82742 -118.3383 2.637918 8.82742 -118.7221 2.646963 8.431456 -118.7221 3.47576 8.667776 -118.3383 3.346312 8.82742 -118.3383 3.346312 8.82742 -118.7221 3.47576 8.667776 -118.7221 2.761225 8.464036 -118.7221 2.761225 8.464036 -118.3383 2.75218 8.82742 -118.3383 2.75218 8.82742 -118.7221 3.270054 8.498342 -118.5959 3.270054 8.498342 -118.4645 3.025361 8.428572 -118.5959 3.025361 8.428572 -118.4645 25.00134 0.1499982 -40.56556 17.6 -2.62268e-6 -60.00001 17.4 -2.62268e-6 -60.00001 7.600003 -2.62268e-6 -60 7.400003 -2.62268e-6 -60 65 -5.000002 -50.00002 70 -5.000002 -50.00002 65 -2.29485e-6 -52.50001 70 -2.29485e-6 -52.50001 65 0.2499977 -52.40001 65 0.1499977 -52.50001 70 0.1499977 -52.50001 70 0.2499977 -52.40001 65 0.1499978 -50.00002 65 0.2499978 -50.10001 70 0.1499978 -50.00002 70 0.2499978 -50.10002 65 -5.000003 -75.00001 70 -5.000003 -75.00001 70 -3.16908e-6 -72.50001 70 0.2499968 -72.60001 70 0.1499968 -72.50001 65 0.2499967 -74.90002 65 0.1499965 -75.00001 70 0.1499965 -75.00001 70 0.2499967 -74.90002 65 -2.50903e-6 -57.40001 70 -2.51778e-6 -57.60002 70 -2.50903e-6 -57.40001 70 -2.73633e-6 -62.60001 70 -2.72759e-6 -62.40002 65 -2.94615e-6 -67.40001 70 -2.95489e-6 -67.60001 70 -2.94615e-6 -67.40002 25.09289 -5.000005 -120 27.0273 -5.000005 -110 25.7829 -5.000005 -115 22.59288 -5.24537e-6 -120 23.2829 -5.02681e-6 -115 22.69288 0.2499947 -120 22.59288 0.1499947 -120 24.5273 0.1499952 -110 24.6273 0.2499952 -110 23.2829 0.1499949 -115 23.3829 0.2499949 -115 25.09289 0.1499946 -120 24.99289 0.2499947 -120 25.7829 0.1499948 -115 25.6829 0.2499949 -115 30.61318 -5.000004 -100 28.68457 -5.000005 -105 23.21513 -4.37114e-6 -100 24.5273 -4.80825e-6 -110 26.18457 0.1499954 -105 26.28457 0.2499954 -105 30.51318 0.2499956 -100 30.61318 0.1499955 -100 27.0273 0.149995 -110 26.9273 0.2499952 -110 28.68457 0.1499952 -105 28.58457 0.2499954 -105 26.18457 -4.5897e-6 -105 49.69267 -5.000003 -63.04483 36.54753 -5.000003 -71.71575 25.00134 -5.000004 -84.43766 65 -2.73196e-6 -62.50001 50.64937 -2.85674e-6 -65.35454 38.10282 -3.21207e-6 -73.48352 26.73474 -3.74385e-6 -85.64939 22.50027 -4.05199e-6 -92.69862 65 -3.16908e-6 -72.50001 54.22826 -3.26058e-6 -74.59333 43.71202 -3.52115e-6 -80.55458 34.5206 -3.91113e-6 -89.47622 28.11318 -4.37114e-6 -100 54.91583 -5.000003 -76.90303 45.04344 -5.000004 -82.32234 36.47082 -5.000004 -90.43292 49.69267 0.1499972 -63.04483 49.73169 0.2499971 -63.13903 36.54753 0.1499968 -71.71575 36.61245 0.2499969 -71.78784 24.90151 0.2499963 -84.67725 50.61035 0.2499971 -65.26034 50.64937 0.1499971 -65.35454 65 0.1499972 -62.50001 38.04069 0.2499968 -73.41142 38.10274 0.1499968 -73.48352 26.65465 0.2499963 -85.61037 26.73485 0.1499962 -85.64939 22.5003 0.1499959 -92.69862 22.59829 0.249996 -92.36847 54.22826 0.1499966 -74.59333 54.25799 0.2499967 -74.68753 65 0.1499968 -72.50001 65 0.2499968 -72.60198 43.71202 0.1499965 -80.55458 43.76652 0.2499964 -80.62667 34.52029 0.1499961 -89.47622 34.5987 0.2499961 -89.51524 28.21513 0.2499956 -100 28.11318 0.1499956 -100 54.88938 0.2499966 -76.80883 54.91583 0.1499965 -76.90303 44.98926 0.2499964 -82.25025 45.04344 0.1499962 -82.32234 36.39012 0.249996 -90.39392 36.47082 0.1499959 -90.43292 65 -2.95498e-6 -67.60197 52.52366 -3.05454e-6 -69.87973 52.60086 -3.06278e-6 -70.06813 40.93758 -3.36346e-6 -76.94695 41.05109 -3.36976e-6 -77.09114 30.56388 -3.82579e-6 -87.52378 30.72253 -3.8292e-6 -87.60182 23.01122 -4.37114e-6 -100 25 -5.000005 -125 22.5 -5.46392e-6 -125 22.5 0.1499945 -125 22.60001 0.2499945 -125 24.9 0.2499945 -125 25 0.1499944 -125 52.94425 0.2499973 -62.50001 52.43167 0.1499972 -62.50001 52.43167 -5.000003 -62.50001 17.6 -5.24537e-6 -120 7.82841e-6 0.1499945 -125 12.40001 -5.46392e-6 -125 17.60001 -5.46392e-6 -125 17.40001 -5.46392e-6 -125 17.4 -5.24537e-6 -120 7.600005 -5.46392e-6 -125 7.40001 -5.46392e-6 -125 7.400002 -5.02681e-6 -115 7.400002 -5.24537e-6 -120 7.600001 -5.24537e-6 -120 17.60001 -4.5897e-6 -105 17.6 -5.02681e-6 -115 17.6 -4.80825e-6 -110 2.500008 0.1499945 -125 17.4 -5.02681e-6 -115 17.4 -4.80825e-6 -110 7.600002 -5.02681e-6 -115 7.400004 -4.5897e-6 -105 7.600004 -4.5897e-6 -105 7.400003 -4.80825e-6 -110 7.600003 -4.80825e-6 -110 17.40001 -4.5897e-6 -105 17.40001 -4.37114e-6 -100 17.60001 -4.37114e-6 -100 7.600005 -4.15258e-6 -95.00001 7.400004 -4.37114e-6 -100 7.600004 -4.37114e-6 -100 22.50001 -3.71547e-6 -85.00001 22.50001 0.1499962 -85.00001 22.60001 0.2499963 -85.00001 7.82841e-6 -5.000005 -125 2.500008 -5.46392e-6 -125 2.40001 0.2499945 -125 0.1000053 0.2499945 -125 17.6 -3.27835e-6 -75.00001 17.4 -2.84124e-6 -65.00001 17.60001 -2.84124e-6 -65.00001 17.40001 -3.0598e-6 -70.00001 17.6 -3.0598e-6 -70.00001 7.4 -2.84124e-6 -65.00001 7.600005 -2.84124e-6 -65.00001 7.4 -3.0598e-6 -70.00001 7.600004 -3.0598e-6 -70.00001 25.00134 0.1499963 -84.43446 17.60001 -3.71547e-6 -85.00001 17.40001 -3.71547e-6 -85.00001 17.40001 -3.27835e-6 -75.00001 17.40001 -3.49691e-6 -80.00001 17.60001 -3.49691e-6 -80.00001 12.6 -5.46392e-6 -125 7.400007 -3.71547e-6 -85.00001 7.400003 -3.27835e-6 -75.00001 7.600003 -3.27835e-6 -75.00001 7.400008 -3.49691e-6 -80.00001 7.600008 -3.49691e-6 -80.00001 22.50001 -3.93403e-6 -90.00001 22.50001 0.1499961 -90.00001 22.60001 0.249996 -90.00001 17.60001 -4.15258e-6 -95.00001 17.40001 -4.15258e-6 -95.00001 17.60001 -3.93403e-6 -90.00001 7.400005 -4.15258e-6 -95.00001 7.600007 -3.71547e-6 -85.00001 7.400006 -3.93403e-6 -90.00001 7.600006 -3.93403e-6 -90.00001 17.40001 -3.93403e-6 -90.00001 7.400006 -4.05205e-6 -92.70001 7.600006 -4.05205e-6 -92.70001 25.09288 -5 -5.000014 27.02729 -5 -15.00001 25.78289 -5 -10.00001 22.59288 -2.18558e-7 -5.000013 23.2829 -4.37114e-7 -10.00001 22.69288 0.2499998 -5.000013 22.59288 0.1499997 -5.000013 24.52729 0.1499993 -15.00001 24.62729 0.2499993 -15.00001 23.2829 0.1499994 -10.00001 23.3829 0.2499995 -10.00001 25.09288 0.1499997 -5.000014 24.99289 0.2499998 -5.000014 25.78289 0.1499994 -10.00001 25.68289 0.2499995 -10.00001 30.61317 -5.000001 -25.00002 28.68456 -5.000001 -20.00002 24.52729 -6.55671e-7 -15.00001 26.18456 0.1499991 -20.00002 26.28456 0.2499991 -20.00002 30.51317 0.2499989 -25.00002 30.61317 0.1499989 -25.00002 27.02729 0.1499993 -15.00001 26.92729 0.2499993 -15.00001 28.68456 0.1499991 -20.00002 28.58456 0.2499991 -20.00002 26.18456 -8.74229e-7 -20.00002 49.69266 -5.000003 -61.95519 36.54752 -5.000002 -53.28429 50.64937 -2.60719e-6 -59.64549 38.10281 -2.25186e-6 -51.51652 26.73473 -1.72007e-6 -39.35064 22.50027 -1.41194e-6 -32.30141 54.22825 -2.20335e-6 -50.4067 43.712 -1.94277e-6 -44.44545 34.52059 -1.5528e-6 -35.52381 28.11317 -1.09279e-6 -25.00002 54.91582 -5.000002 -48.097 45.04344 -5.000002 -42.67768 36.47081 -5.000001 -34.5671 49.69266 0.1499972 -61.95519 49.73168 0.2499973 -61.861 36.54752 0.1499977 -53.28429 36.61244 0.2499976 -53.21219 50.61035 0.2499974 -59.73969 50.64937 0.1499974 -59.64549 38.04068 0.2499977 -51.58861 38.10273 0.1499977 -51.51652 26.65464 0.2499982 -39.38966 26.73484 0.1499983 -39.35064 22.50029 0.1499986 -32.30141 22.59828 0.2499986 -32.63155 54.22825 0.1499978 -50.4067 54.25798 0.2499977 -50.3125 43.712 0.149998 -44.44545 43.76651 0.249998 -44.37335 34.52028 0.1499984 -35.52381 34.59869 0.2499984 -35.48479 28.21513 0.2499989 -25.00002 28.11317 0.1499989 -25.00002 54.88938 0.2499979 -48.1912 54.91582 0.1499978 -48.097 44.98926 0.2499981 -42.74978 45.04344 0.1499981 -42.67768 36.39011 0.2499985 -34.60612 36.47081 0.1499984 -34.5671 65 -2.51786e-6 -57.60198 52.52365 -2.40938e-6 -55.1203 52.60086 -2.40115e-6 -54.9319 40.93757 -2.10047e-6 -48.05308 41.05108 -2.09416e-6 -47.90889 30.56388 -1.63814e-6 -37.47624 30.72253 -1.63473e-6 -37.39821 23.21513 -1.09279e-6 -25.00002 23.01121 -1.09279e-6 -25.00002 25 -5 -1.40468e-5 22.5 0 -1.38878e-5 22.5 0.15 -1.38944e-5 22.6 0.25 -1.39139e-5 24.9 0.25 -1.42611e-5 25 0.15 -1.42719e-5 64.48744 0.2499973 -62.50002 12.40001 0 -1.23628e-5 17.6 0 -1.31479e-5 17.40001 0 -1.31177e-5 17.6 -4.37114e-7 -10.00001 17.4 -2.18558e-7 -5.000013 17.6 -2.18558e-7 -5.000013 7.6 0 -2.11747e-5 7.400005 0 -2.11445e-5 7.399999 -4.37115e-7 -10.00002 7.4 -2.18558e-7 -5.00002 7.599999 -2.18558e-7 -5.00002 17.6 -8.74228e-7 -20.00002 2.400005 0.25 -2.13542e-5 2.500003 0.15 -2.13649e-5 0.1000003 0.25 -2.10069e-5 17.4 -4.37114e-7 -10.00001 17.4 -6.55671e-7 -15.00001 17.6 -6.55671e-7 -15.00001 12.6 0 -1.2393e-5 7.599999 -4.37115e-7 -10.00002 7.399998 -8.74228e-7 -20.00002 7.599997 -8.74228e-7 -20.00002 7.399998 -6.55672e-7 -15.00002 7.599998 -6.55672e-7 -15.00002 17.6 -1.09279e-6 -25.00002 2.86102e-6 -5 -2.07623e-5 2.500003 0 -2.13583e-5 2.86102e-6 0.15 -2.09874e-5 17.4 -8.74228e-7 -20.00002 17.4 -1.09279e-6 -25.00002 7.600001 -1.31134e-6 -30.00001 7.399997 -1.09279e-6 -25.00002 7.599997 -1.09279e-6 -25.00002 25.00134 -5.000002 -40.56236 22.5 0.1499982 -40.00001 24.9015 0.2499982 -40.32278 17.6 -2.18557e-6 -50.00001 17.4 -2.40413e-6 -55.00001 17.6 -2.40413e-6 -55.00001 7.399992 -2.40413e-6 -55.00001 7.599997 -2.40413e-6 -55.00001 22.5 -1.74846e-6 -40.00001 22.6 0.2499982 -40.00001 17.6 -1.74846e-6 -40.00001 17.4 -1.74846e-6 -40.00001 17.4 -2.18557e-6 -50.00001 17.4 -1.96701e-6 -45.00001 17.6 -1.96701e-6 -45.00001 7.399999 -1.74846e-6 -40.00001 7.399998 -2.18557e-6 -50.00001 7.599997 -2.18557e-6 -50.00001 7.399999 -1.96701e-6 -45.00001 7.599998 -1.96701e-6 -45.00001 17.6 -1.31134e-6 -30.00001 22.5 -1.5299e-6 -35.00001 22.5 0.1499984 -35.00001 22.6 0.2499985 -35.00001 17.4 -1.31134e-6 -30.00001 7.400001 -1.31134e-6 -30.00001 7.599999 -1.74846e-6 -40.00001 7.4 -1.5299e-6 -35.00001 7.6 -1.5299e-6 -35.00001 17.4 -1.5299e-6 -35.00001 17.6 -1.5299e-6 -35.00001 7.400001 -1.41188e-6 -32.30001 7.6 -1.41188e-6 -32.30001</float_array>
          <technique_common>
            <accessor source="#Freeway_Join_Freeway_2_mesh-mesh-positions-array" count="1486" stride="3">
              <param name="X" type="float"/>
              <param name="Y" type="float"/>
              <param name="Z" type="float"/>
            </accessor>
          </technique_common>
        </source>
        <source id="Freeway_Join_Freeway_2_mesh-mesh-normals">
          <float_array id="Freeway_Join_Freeway_2_mesh-mesh-normals-array" count="5619">0.4999889 0 -0.8660318 0.8660303 0 0.4999915 -0.4999804 0 0.8660367 -0.8660303 0 -0.4999915 0 -1 0 0.8247258 0.3051661 0.4761314 -0.8659977 0.00680387 -0.5000019 -0.4761478 0.305215 0.8246982 0.4761398 0.3052167 -0.8247023 -0.8246972 0.3052099 -0.4761528 0 1 -3.90552e-6 0.8660202 0.006805479 0.4999628 -0.50001 0.006804108 0.865993 0.5000325 0.006804645 -0.8659799 0 -1 4.07249e-6 0 1 0 -0.5000162 0 0.8660161 0.500005 0 -0.8660226 -0.8660213 0 -0.500007 0.866025 0 0.5000008 0.7754631 -0.4451835 0.4477375 -0.8657785 0.02355408 -0.4998729 -0.5000092 -5.34782e-6 0.8660201 0.4999822 0 -0.8660356 -2.05016e-5 -1 -1.12183e-5 0.0045439 0.9999863 0.002630174 0.6112954 0.708337 0.3529545 -0.6214634 -0.6964681 -0.3587695 0.5000166 1.21271e-5 -0.8660159 -0.4999712 1.63443e-5 0.8660421 0.8657912 -0.02283984 0.499884 -0.672682 0.6298006 -0.3883944 -0.499994 -1.69757e-6 0.8660289 0.5000062 -2.6503e-5 -0.8660219 0.4999938 -2.29692e-5 -0.866029 -0.4999808 1.04717e-5 0.8660366 -0.2374579 -0.961674 -0.1371011 0.7071042 0 -0.7071094 0.7071123 0 0.7071014 -0.7071043 0 0.7071094 -0.7071155 0 -0.707098 0.6733639 0.3052009 0.6733747 -0.7070963 0.006803572 -0.7070845 -0.6733686 0.305211 0.6733654 0.6733826 0.3051819 -0.6733646 -0.6733609 0.3051955 -0.6733803 0.7070789 0.006804823 0.7071019 -0.7070686 0.006801605 0.7071123 0.7070889 0.006805062 -0.707092 -0.7071068 0 0.7071068 0.7070984 0 -0.7071151 -0.7071259 0 -0.7070878 0.7070984 0 0.7071151 0.6331759 -0.4452131 0.6331458 -0.7069139 0.02358472 -0.7069063 -0.7071108 -8.41612e-6 0.7071028 0.707096 -4.39374e-5 -0.7071176 -1.67397e-5 -1 -1.54251e-5 0.003709912 0.9999862 0.003709256 0.4991105 0.7083467 0.4991329 -0.5074164 -0.6964991 -0.5073634 0.7070698 -4.51995e-5 -0.7071439 -0.7071313 -4.90292e-5 0.7070823 0.7069428 -0.02283656 0.706902 -0.5492327 0.6298258 -0.5492387 -0.7071017 1.3581e-5 0.7071118 0.707119 1.76689e-5 -0.7070947 0.7070449 3.23008e-5 -0.7071687 -0.7070963 -3.14128e-5 0.7071173 -0.1938869 -0.9616756 -0.1938764 0.8191625 0 -0.5735616 0.5735726 0 0.8191547 -0.8191625 0 0.5735616 -0.5735878 0 -0.8191441 0.5462138 0.305195 0.7800683 -0.5735533 0.006804287 -0.81914 -0.7800894 0.3051975 0.5461822 0.780074 0.3051878 -0.5462097 -0.5462095 0.3051885 -0.780074 0 1 -7.8103e-6 0.5735896 0.006802499 0.8191146 -0.8191634 0.006803095 0.57352 0.8191302 0.006804168 -0.5735673 -0.8191468 0 0.573584 0.8191651 0 -0.5735579 -0.5735775 0 -0.8191514 0.5735963 0 0.8191382 0.513519 -0.4452458 0.733522 -0.5734082 0.02353864 -0.8189317 -0.8191456 2.70021e-5 0.5735859 0.8191501 -8.78746e-5 -0.5735794 -1.35784e-5 -1 -2.24376e-5 0.003009319 0.9999862 0.004296958 0.4048554 0.7083519 0.5782124 -0.4115329 -0.6964926 -0.5878255 0.8191181 -8.1582e-5 -0.573625 -0.8191525 3.26863e-5 0.5735759 0.573418 -0.02283734 0.8189446 -0.4455316 0.6297966 -0.6362844 -0.8191449 6.79039e-6 0.5735867 0.8191595 0 -0.5735659 0.8191425 4.88077e-5 -0.5735902 -0.8191416 -2.0942e-5 0.5735913 0 1 2.7184e-6 -0.1572726 -0.9616739 -0.224608 0.9396948 0 -0.3420143 0.3420013 0 0.9396995 -0.9396948 0 0.3420143 -0.3420214 0 -0.9396922 0 -1 0 0.3256781 0.3051803 0.8948736 -0.3420165 0.00680375 -0.9396693 -0.8948659 0.3051791 0.3257005 0.8948719 0.3051594 -0.3257027 -0.3257025 0.3051905 -0.8948613 0.3420165 0.006804347 0.9396693 -0.9396697 0.006803393 0.3420156 0.9396744 0.006803929 -0.3420028 0 -1 -4.07266e-6 0 1 2.03636e-6 -0.9396794 0 0.3420566 0.9396947 0 -0.3420146 -0.3420196 0 -0.9396929 0.3420341 0 0.9396875 0.3062222 -0.4451907 0.8414471 -0.3420017 0.02358698 -0.9394034 -0.939691 -2.38463e-5 0.3420248 0.9396898 -8.78755e-5 -0.342028 -7.55738e-6 -1 -2.24352e-5 0.001794517 0.9999862 0.004930436 0.2414258 0.7083225 0.6633196 -0.2453634 -0.6965065 -0.6742965 0.9396743 -2.86639e-5 -0.3420707 -0.9396939 -3.26884e-5 0.3420168 0.3419461 -0.0228365 0.939442 -0.2656659 0.6298291 -0.7298883 0 1 -2.09126e-6 -0.9396978 -2.03712e-5 0.3420062 0.9396865 1.76693e-5 -0.3420371 0.9396986 4.30665e-6 -0.342004 -0.9396935 -2.09414e-5 0.3420178 0 1 -1.3592e-6 -0.09377813 -0.9616742 -0.2576598 1 0 0 0 0 1 -1 0 0 0 0 -1 0 -1 1.38914e-7 0 0.3052135 0.952284 0 0.006802856 -0.9999769 -0.9522829 0.3052167 0 0.9523172 0.3051096 0 0 0.3052006 -0.9522881 0 0.006803154 0.9999769 -0.9999769 0.006804108 0 0.9999769 0.006805717 0 0 -0.4452369 0.8954129 0 0.02359199 -0.9997218 -1 1.40268e-6 0 0 -1 -2.24396e-5 0 0.9999862 0.005247175 0 0.7083429 0.7058685 0 -0.6964588 -0.7175968 1 -2.64602e-5 0 0 -0.02282613 0.9997395 0 0.6298329 -0.7767307 -1 -4.07415e-5 0 1 -2.29695e-5 0 0 -0.961673 -0.274199 0.9522934 0.3051842 0 -0.9999769 0.006804585 0 0 0.3051865 0.9522927 0 0.3051898 -0.9522916 -0.9522843 0.3052126 0 0.9999769 0.006805062 0 0 0.006804347 0.9999769 0 0.006804347 -0.9999769 0.8954392 -0.4451838 0 -0.9997235 0.02351438 0 0 0 -1 -2.20954e-5 -1 0 0.005246937 0.9999863 0 0.7058732 0.7083382 0 -0.7175714 -0.696485 0 8.172e-6 0 1 0.9997395 -0.02282434 0 -0.7767343 0.6298285 0 1.69759e-6 -8.79023e-7 1 -4.41727e-6 0 -1 2.61762e-6 0 1 -0.2741873 -0.9616764 0 0 -1 1.66692e-7 0.9522827 0.3052175 0 -0.9999769 0.006805002 0 0 0.305155 0.9523027 0 0.3051944 -0.9522901 -0.9522829 0.305217 0 0.9999769 0.006805598 0 0 0.006804823 0.9999769 0 0.006805598 -0.9999768 0.8954464 -0.4451695 0 -0.9997236 0.02351379 0 -1.12215e-5 0 1 -1.71628e-6 0 -1 -2.36738e-5 -1 0 0.005246877 0.9999862 0 0.7058601 0.7083512 0 -0.7175784 -0.6964777 0 -8.81983e-6 0 -1 0.9997395 -0.02282398 0 -0.7767212 0.6298446 0 -4.71173e-5 0 1 -0.2741715 -0.9616809 0 0.9522906 0.3051927 0 -0.9999769 0.006805181 0 0 0.3051556 0.9523026 0 0.3052147 -0.9522836 -0.9522847 0.3052114 0 0.9999769 0.006804943 0 0 0.006804823 0.9999769 0 0.006805002 -0.9999769 0.8954368 -0.4451887 0 -1.27006e-5 0 -1 -3.528e-5 0 -1 -0.776726 0.6298387 0 -2.09411e-5 0 1 -0.2741811 -0.9616782 0 0.9522885 0.3051995 0 -0.9999769 0.006804645 0 0 0.3051326 0.95231 0 0.3051719 -0.9522973 -0.9522852 0.3052095 0 0.9999769 0.0068053 0 0 0.006804823 0.9999769 0 0.006805002 -0.9999769 0.8954274 -0.4452079 0 8.92465e-6 0 -1 -2.36746e-5 -1 0 0.005247056 0.9999862 0 0.7058695 0.708342 0 -0.7175582 -0.6964986 0 3.52794e-5 0 -1 0.9997395 -0.02282512 0 -0.7767283 0.6298359 0 5.23522e-5 0 1 -0.2741922 -0.9616749 0 0 -1 1.66682e-7 0.9522858 0.305208 -9.68693e-7 -0.9999769 0.006805479 0 0 0.3050177 0.9523468 2.17703e-4 0.3053048 -0.9522547 -1.11201e-4 0.3053631 -0.952236 0 0.3053811 -0.9522302 -0.9522838 0.3052142 0 0.9999769 0.006804108 0 0 0.006820201 0.9999768 0 0.006803691 -0.9999769 0.8954463 -0.4451696 0 -0.9997237 0.02350926 0 1.44169e-5 0 -1 -2.36747e-5 -1 0 0.005248486 0.9999862 0 0.7058902 0.7083213 0 -0.7175814 -0.6964747 0 -7.05595e-5 0 -1 0.9997393 -0.0228365 0 -4.18822e-5 0 1 -0.2742019 -0.9616723 0 -0.5000173 0 -0.8660156 0.8660274 0 -0.4999966 0.5000173 0 0.8660156 -0.8660274 0 0.4999966 0 -1 2.50036e-7 0.8247308 0.3051603 -0.4761263 -0.8659912 0.006804645 0.5000132 0.4761351 0.305261 0.8246886 -0.4761425 0.3052151 -0.8247013 -0.8247361 0.3051416 0.4761293 0.8660021 0.006803989 -0.4999942 0.4999653 0.00680381 0.8660188 -0.5000249 0.006803214 -0.8659844 0.5000467 0 0.8659985 -0.4999896 0 -0.8660314 -0.8660367 0 0.4999805 0.8660367 0 -0.4999805 0.7754732 -0.445196 -0.4477076 -0.8657945 0.02356261 0.4998448 0.5000135 3.09472e-5 0.8660177 -0.5000088 0 -0.8660205 -2.05025e-5 -1 1.12181e-5 0.004544913 0.9999863 -0.002630054 0.6113294 0.7083223 -0.3529249 -0.6214494 -0.6964716 0.358787 -0.4999578 8.82009e-6 -0.8660499 0.5000448 0 0.8659996 0.8657807 -0.0228253 -0.4999029 -0.6726865 0.6298109 0.3883698 0.4999966 -3.90442e-5 0.8660274 -0.4999664 2.65037e-5 -0.8660448 -0.5000004 2.15339e-5 -0.8660253 0.4999987 -2.09432e-5 0.8660262 -0.2374642 -0.9616726 0.1371013 -0.7660545 0 -0.6427757 0.6427756 0 -0.7660546 0.7660494 0 0.6427819 -0.6427807 0 0.7660503 0.612129 0.3051962 -0.7294884 -0.6428326 0.006806433 0.7659766 0.729536 0.3051276 0.6121066 -0.7295175 0.3051198 -0.6121324 -0.6121414 0.3051622 0.7294923 0.642732 0.00680387 -0.766061 0.7660595 0.006805241 0.6427338 -0.7660703 0.006804347 -0.6427208 0.7660121 0 0.6428262 -0.766004 0 -0.6428357 -0.6427952 0 0.7660381 0.6427718 0 -0.7660578 0.5755889 -0.445231 -0.6859059 -0.6426643 0.0235908 0.7657848 0.7660302 -3.48921e-5 0.6428048 -0.7660348 4.39374e-5 -0.6427992 -1.52197e-5 -1 2.10342e-5 0.00337243 0.9999864 -0.004015207 0.453746 0.7083303 -0.5407243 -0.4612874 -0.696455 0.5496949 -0.7660225 4.51997e-5 -0.6428139 0.7660528 3.2687e-5 0.6427778 0.6426347 -0.02283823 -0.7658323 -0.4992915 0.6298148 0.5950138 0.7660272 3.39521e-6 0.6428082 -0.7660452 0 -0.6427869 -0.766113 5.74125e-6 -0.6427061 0.7660189 3.14174e-5 0.6428182 -0.1762595 -0.9616739 0.2100381 -0.8660275 0 -0.4999964 0.5000064 0 -0.8660217 0.8660435 0 0.4999688 -0.5000129 0 0.8660181 0 -1 0 0.4761448 0.3052131 -0.8247007 -0.4999685 0.006804525 0.8660169 0.8246992 0.3052394 0.4761304 -0.824721 0.3051462 -0.4761525 -0.4761503 0.3052166 0.8246961 0.5000217 0.006801724 -0.8659862 0.8660088 0.006804764 0.4999826 -0.8660152 0.006806373 -0.4999714 0 -1 4.07259e-6 0.8660316 0 0.4999895 -0.8660331 0 -0.4999868 -0.5000072 0 0.8660213 0.4999866 0 -0.8660333 0.4477077 -0.4452263 -0.7754555 -0.4997082 0.02346748 0.8658758 0.8660247 5.47059e-5 0.5000015 -0.8660226 -4.39376e-5 -0.5000049 -1.18351e-5 -1 1.96329e-5 0.002623617 0.9999864 -0.004544079 0.3529574 0.7083279 -0.6113041 -0.3587708 -0.696498 0.6214291 -0.8660444 -6.61453e-6 -0.4999672 0.8660534 6.53724e-5 0.4999517 0.4998467 -0.02281153 -0.8658135 -0.3883702 0.6298261 0.672672 0 1 -2.09123e-6 0.8660287 5.4322e-5 0.4999942 -0.8660302 -1.7669e-5 -0.4999918 -0.8660512 0 -0.4999554 0.8661063 -4.18818e-5 0.4998599 0 1 1.08733e-5 -0.1370947 -0.9616714 0.2374728 -0.9659314 0 -0.2587988 0.2588131 0 -0.9659276 0.9659205 0 0.2588393 -0.2588633 0 0.965914 0 -1 0 0.2464614 0.3051826 -0.919848 -0.2588368 0.006804883 0.9658971 0.9198368 0.305199 0.2464832 -0.9198383 0.305207 -0.2464677 -0.2464953 0.305194 0.9198353 0.2588735 0.006801366 -0.9658874 0.9659086 0.006803512 0.2587943 -0.9659044 0.006805717 -0.2588095 0 -1 -3.05454e-6 0 1 4.07279e-6 0.9659294 0 0.2588061 -0.9659227 0 -0.2588306 -0.2588207 0 0.9659255 0.2588243 0 -0.9659245 0.2316809 -0.4451714 -0.8649546 -0.2587521 0.02353972 0.9656569 0.9659261 -4.31337e-5 0.258818 -0.965927 0 -0.2588151 -6.12707e-6 -1 1.96329e-5 0.001357734 0.9999863 -0.005064606 0.1827374 0.7083327 -0.6818151 -0.1857089 -0.6964837 0.6931253 -0.965934 1.76365e-5 -0.2587885 0.9659243 -6.538e-5 0.2588251 0.2587558 -0.02284282 -0.9656727 -0.2010366 0.6297811 0.7503066 0 1 -2.09114e-6 0.9659271 4.75331e-5 0.2588148 -0.9659237 -3.53372e-5 -0.258827 -0.9659405 -2.15325e-5 -0.2587644 0.9659222 -2.09466e-5 0.2588329 -0.0709781 -0.9616763 0.2648413 0 -1 1.3891e-7 0 0.3051742 -0.9522966 0 0.006802737 0.9999769 0.9523005 0.3051621 0 0 0.006805241 -0.9999769 0.9999769 0.006806492 0 -0.9999769 0.006803512 0 0 -0.4452515 -0.8954055 0 0.02358937 0.9997218 1 -7.0484e-5 0 -1 -8.78728e-5 0 0 -1 2.52401e-5 0 0.9999863 -0.005246698 0 0.7083225 -0.7058891 0 -0.6964712 0.7175847 -1 -1.32305e-5 0 1 6.53723e-5 0 0 -0.02284646 -0.9997391 0 0.6298243 0.7767378 1 -2.71614e-5 0 -1 1.7224e-5 0 0 -0.9616644 0.2742294 1 0 -2.6044e-6 0 -1 0 -0.9522935 0.3051837 0 0.9999769 0.006804049 0 0 0.3051927 -0.9522907 0 0.3052112 0.9522847 0.9522929 0.3051857 -2.48709e-6 -0.9999769 0.006804347 0 0 0.006803631 -0.9999769 0 0.006803035 0.9999769 -0.8954344 -0.4451935 0 0.9997223 0.0235691 0 3.43256e-7 0 1 2.36744e-5 -1 0 -0.005246996 0.9999862 0 -0.7058736 0.7083379 0 0.717565 -0.6964916 0 -2.64588e-5 0 1 -0.9997393 -0.0228365 0 0.776745 0.6298154 0 6.79034e-6 0 -1 1.04711e-5 0 -1 0.2741976 -0.9616734 0 1 0 -2.60436e-6 0 -1 0 -0.9522911 0.3051912 0 0.9999769 0.006804108 0 0 0.3051894 -0.9522917 0 0.3051891 0.9522919 0.9522908 0.3051919 -2.26102e-6 -0.9999769 0.006804227 0 0 0.006804287 -0.9999769 0 0.006804466 0.9999769 -0.895432 -0.4451984 0 0.9997224 0.02356255 0 3.43259e-7 0 1 2.20956e-5 -1 0 -0.005246996 0.9999862 0 -0.7058742 0.7083373 0 0.7175726 -0.6964837 0 4.40982e-6 0 1 8.17194e-6 0 -1 -0.9997392 -0.02283841 2.53996e-6 0.7767419 0.629819 -3.02248e-6 -1.69759e-6 -8.78992e-7 -1 2.20864e-6 0 1 2.61779e-6 0 -1 0.2742001 -0.9616727 0 0 -1 1.66694e-7 -0.952291 0.3051915 -9.69014e-7 0.9999769 0.006804227 0 0 0.3051555 -0.9523026 0 0.3052023 0.9522876 0.9522927 0.3051862 0 -0.9999769 0.006804406 0 0 0.006805241 -0.9999769 0 0.006803333 0.9999769 -0.895432 -0.4451983 0 0.9997224 0.02356308 0 5.14889e-7 0 1 2.36734e-5 -1 0 -0.005247116 0.9999863 0 -0.7058688 0.7083426 0 0.7175754 -0.6964809 0 -8.81966e-6 0 1 -0.9997392 -0.02283865 0 0.7767431 0.6298177 0 -1.57068e-5 0 -1 0.274209 -0.9616702 0 1 0 -2.6044e-6 0 -1 0 -0.9522914 0.3051904 0 0.9999769 0.006804525 0 0 0.3051369 -0.9523085 0 0.3051744 0.9522966 0.9522901 0.3051943 -2.26105e-6 -0.9999769 0.006804108 0 0 0.006804943 -0.9999769 0 0.006804943 0.9999769 -0.895444 -0.4451743 0 0.9997225 0.02356195 0 -1.02977e-5 0 1 2.3673e-5 -1 0 -0.005246698 0.9999862 0 -0.7058886 0.7083229 0 0.71758 -0.6964762 0 3.52781e-5 0 1 6.53755e-5 0 -1 -0.9997392 -0.02284026 0 0.7767357 0.6298268 0 1.0471e-5 0 -1 0.2742059 -0.961671 0 -0.9522938 0.3051831 0 0.9999769 0.006804168 0 0 0.305212 -0.9522845 0 0.3052118 0.9522846 0.9522915 0.30519 0 0 1 -7.81017e-6 -0.9999769 0.006804287 0 0 0.006803035 -0.9999769 0 0.006803035 0.9999769 -0.8954249 -0.4452127 0 0.9997224 0.02356421 0 -1.0641e-5 0 1 2.36744e-5 -1 0 -0.005246996 0.9999862 0 0.7767497 0.6298094 0 -1.35809e-5 0 -1 2.09424e-5 0 -1 0 -1 0 -0.9522936 0.3051834 0 0.9999769 0.006804049 0 0 0.3052135 0.952284 0.9522901 0.3051941 -2.26105e-6 -0.9999769 0.006803631 0 0 0.006804883 -0.9999769 0 0.006803631 0.9999769 0.9997223 0.02356797 0 -1.99091e-5 0 1 2.36731e-5 -1 0 -0.005248665 0.9999862 0 0.7175495 -0.6965076 0 3.52786e-5 0 1 6.53739e-5 0 -1 -0.9997392 -0.02283811 0 0.7767438 0.6298168 -3.02244e-6 9.42408e-5 0 -1 0 -1 1.38906e-7 -0.9522873 0.305203 0 0.9999769 0.00680387 0 0 0.305559 -0.9521731 0 0.3050963 0.9523216 0.9522884 0.3051999 -9.692e-7 -0.9999769 0.006804585 0 0 0.00680238 -0.9999769 0 0.006801128 0.9999769 -0.8954249 -0.445213 0 0.9997224 0.02356499 0 -4.48864e-5 0 -1 -3.98181e-5 0 1 2.3676e-5 -1 0 -0.005248129 0.9999862 0 -0.7058501 0.7083613 0 0.717602 -0.6964535 0 -3.52787e-5 0 1 -0.9997393 -0.02283537 0 0.7767379 0.6298241 0 2.71616e-5 0 -1 4.18848e-5 0 -1 0.2742087 -0.9616703 0 0 1 0 0 1 0 0 1 0 0 0.7070744 0.7071391 0 0.7070738 -0.7071399 0 1 0 0 0.7071015 -0.7071121 0 1 0 0 1 0 0.7037534 0.7037748 -0.09711951 0.6964063 0.6964036 -0.1733213 0.9703978 0 -0.2415125 -0.9906115 0 0.1367078 -0.9703978 0 0.2415124 0.9906116 0 -0.1367064 0 1 0 -0.6963947 0.696416 0.1733186 -0.7037745 0.7037531 0.09712362 0.682189 0.6821864 -0.2631348 0.9329988 0 -0.3598795 0.6884709 0.6884288 -0.2281966 0.9492173 0 -0.3146215 -0.6964972 0 0.7175595 0 1 0 0 1 0 0 1 0 -0.4931408 0 0.8699496 0 1 0 -0.9492173 0 0.3146216 0 1 0 0.8572283 -1.73186e-4 -0.5149365 0 1 0 -0.1907662 0 0.9816355 -0.8541383 -0.001783311 0.5200431 -0.5506264 0 0.8347518 0.4812009 0 -0.8766104 0.6872599 0 -0.7264117 0.5437523 0 -0.8392459 0.7306577 -5.62066e-4 -0.6827439 0 1 0 0 1 0 0.1950914 0 -0.9807851 -0.3972191 0.6922204 0.6025347 0.3956922 0.6858839 -0.6107298 0.5308776 0.6870936 -0.4960559 0.6499066 0.6520764 -0.3904071 -0.1360256 0.7004405 0.7006284 -0.3669291 0.6672524 0.6481801 -0.5181862 0.6677047 0.5344656 -0.6435752 0.6574769 0.3918356 0.358983 0.6659315 -0.6539622 0.5118618 0.6673042 -0.54102 0 1 0 0 1 0 0 1 0 0 1 0 -0.7070135 0.7070782 0.01313346 0.7070471 0.7070444 -0.01313549 -0.9998276 0 0.0185728 0 1 0 0.9998276 0 -0.01857471 0.852842 0 -0.5221691 0 1 0 -0.688461 0.68844 0.2281929 -0.1379529 0.7071015 0.6935247 -0.1950917 0 0.980785 0 1 0 0 1 0 0 1 0 0 1 0 0 1 0 0 1 0 0 1 0 0 1 0 0 1 0 0 1 0 0 1 0 0 1 0 0 1 0 0 1 0 0 1 0 0 1 0 0 1 0 0 1 0 0 1 0 0 1 0 0 1 0 -0.9329994 0 0.3598782 0 1 0 0 1 0 0 1 0 0 1 0 0 1 0 0 1 0 0 1 0 0 1 0 0 1 0 0 1 0 0 1 0 0 1 0 0 1 0 0 1 0 0 1 0 0 1 0 0 1 0 0 1 0 0 1 0 -1 0 0 1 0 0 -0.7071157 0.7070979 0 0 1 0 0 1 0 0 1 0 0 1 0 0 1 0 0 1 0 0.7071136 0.7071 0 0 1 0 0 1 0 0 1 0 0 1 0 0 1 0 0 1 0 0 1 0 0 1 0 0 1 0 0 1 0 0 1 0 0 1 0 0 1 0 0 1 0 0 1 0 0 1 0 0 1 0 0 1 0 0 1 0 0 1 0 0 1 0 0 1 0 0 1 0 0 1 0 0 1 0 0 1 0 0 1 0 0 1 0 -0.7141266 0.7000166 -7.6756e-5 0 1 0 -1 0 -9.61236e-5 0 1 0 0 1 0 0 1 0 0.703796 0.7037315 0.09712398 0.6964049 0.696405 0.1733213 0.9703978 0 0.2415125 -0.9906114 0 -0.1367084 -0.9703983 0 -0.2415103 0.9906117 0 0.1367061 0 1 0 -0.6963948 0.6964161 -0.1733171 -0.7037531 0.7037749 -0.09712105 0 1 0 0.6821683 0.6822101 0.2631273 0.9329993 0 0.3598784 0.6884717 0.6884282 0.2281959 0.9492173 0 0.3146212 -0.6964979 0 -0.7175588 0 1 0 0 1 0 0 1 0 -0.4931406 0 -0.8699496 0 1 0 -0.9492173 0 -0.3146213 0 1 0 0.8572286 -9.89632e-5 0.514936 0 1 0 0 1 0 -0.8541384 -0.001783311 -0.5200428 -0.5506255 0 -0.8347525 0.4812042 0 0.8766086 0.6872597 0 0.7264118 0.5437488 2.99395e-4 0.839248 0.7306577 -5.37628e-4 0.6827438 0 1 0 -0.397194 0.6922681 -0.6024963 0.3957155 0.6858384 0.6107658 0.5563181 0.6487632 0.5192461 0.6499116 0.6520706 0.3904088 -0.3669067 0.6673049 -0.6481385 -0.5369661 0.6368778 -0.5532217 -0.6441097 0.656767 -0.3921477 0.3589529 0.6660051 0.6539037 0.5269715 0.6423935 0.5564457 0 1 0 0 1 0 0 1 0 -0.7070569 0.7070347 -0.01313406 0.7070784 0.7070132 0.01313465 -0.9998276 0 -0.0185728 0 1 0 0.9998276 0 0.0185728 0.8528416 0 0.5221699 -0.6884416 0.6884615 -0.2281864 0 1 0 0 1 0 0 1 0 0 1 0 0 1 0 -0.9329993 0 -0.3598785 0 1 0 0 1 0 0 1 0 0 1 0 0 1 0 0 1 0 0 1 0 0 1 0 0 1 0 0 1 0 0 1 0 0 1 0 0 1 0 0 1 0 0 1 0 0 1 0 0 1 0 0 1 0 0 1 0 0 1 0 0 1 0 0 1 0 0 1 0 0 1 0 0 1 0 0 1 0 0 1 0 0 1 0 0 1 0 0 1 0 0 1 0 0 1 0 0 1 0 0 1 0 -0.7071164 0.7070969 -5.13669e-4 0 1 0 -1 0 9.96578e-5 0 1 0 0 1 0 0 1 0 0 1 0 0 1 0 0 1 0 0 1 0 0.1379601 0.707055 -0.6935707 -0.1907638 0 -0.981636 0.1950891 0 0.9807856 0 1 0 0.1379477 0.7071195 0.6935074 -0.1379573 0.7070577 -0.6935686 -0.1950868 0 -0.980786 0 1 0 0 1 0 0 1 0 0 1 0 0 1 0 0 1 0 0 1 0 0 1 0 0 1 0 0 1 0 0 1 0 0 1 0 0 1 0 -0.6821669 0.6822112 0.2631279 0 1 0 0 1 0 0.1854401 0 -0.9826556 0.1327927 0.6980027 -0.7036749 0 1 0 0.636479 0.6656056 -0.389697 0 1 0 -0.6759453 0.6891888 -0.2609921 0 1 0 0 1 0 0.18544 0 0.9826557 0.1327975 0.6979759 0.7037006 0 1 0 0.6489764 0.6489914 0.3970388 0 0.7071014 0.7071122 -0.1361474 0.70045 -0.7005953 0.707682 0.7065311 0 0 1 0 -1 0 -2.11928e-7 0 1 0 -0.7070976 0.707116 -1.80292e-7 0 1 0 -0.7404955 -4.17941e-4 0.6720612 -0.5518294 0.6664129 0.5013763 0 1 0 0 1 0 0 1 0 0 1 0 0 1 0 -0.7070952 0.7071183 0 0 1 0 -0.7404121 0 -0.6721533 0 1 0 -0.5518767 0.6663416 -0.5014191 0 1 0 0 1 0 0 1 0 0 1 0 -0.7071068 0.7071068 0 0 1 0 0 1 0 0 1 0 0 1 0 0 1 0 0 1 0 0 1 0 0 1 0 0 1 0 0 1 0 0 1 0 0 1 0 0 1 0 0 1 0 0 1 0 0 1 0 0 1 0 0 1 0 0 1 0 0 1 0 0 1 0 -0.5505819 -0.7718834 -0.3178923 -0.2374629 -0.9616724 -0.1371037 -0.5040025 -0.7347931 0.4539391 0.1152479 -0.9911057 0.06653857 0.1411085 -0.7348061 -0.6634367 -0.449576 -0.7718707 -0.4495522 -0.1939024 -0.9616693 -0.1938917 -0.604331 -0.7347816 0.3080261 0.09409713 -0.9911065 0.09409368 0.3080099 -0.7347933 -0.6043251 -0.3646752 -0.7718788 -0.5207833 -0.157266 -0.9616753 -0.2246066 -0.648621 -0.734799 0.1983968 0.07632571 -0.9911065 0.1090061 0.4082815 -0.7348158 -0.5416197 -0.2174319 -0.7718888 -0.5974205 -0.09377628 -0.9616742 -0.2576603 -0.677856 -0.7348108 0.02375704 0.04551118 -0.9911074 0.1250399 0.534596 -0.7347815 -0.4174967 0 -0.7718814 -0.6357667 0 -0.9616662 -0.2742229 -0.6450814 -0.7348266 -0.2095233 0 -0.9911075 0.1330643 0.6450464 -0.7348616 -0.2095081 -0.6357781 -0.7718719 0 -0.2741895 -0.9616757 0 -0.2095159 -0.7348091 0.6451036 0.1330695 -0.9911067 0 -0.2095195 -0.7348133 -0.6450978 -0.6357522 -0.7718933 0 -0.2741957 -0.9616739 0 -0.2095129 -0.7348012 0.6451137 0.1330766 -0.9911059 0 -0.2095001 -0.7348051 -0.6451134 -0.6357684 -0.77188 0 -0.27419 -0.9616755 0 -0.209514 -0.7348049 0.6451092 0.1330697 -0.9911068 0 -0.2095168 -0.7348067 -0.6451062 -0.635756 -0.7718902 0 -0.2742013 -0.9616723 0 -0.2095111 -0.7347891 0.645128 0.1330743 -0.9911062 0 -0.2095166 -0.7348173 -0.6450942 -0.6357579 -0.7718886 0 -0.2741636 -0.9616832 0 -0.2095375 -0.7348501 0.6450499 0.1330693 -0.9911068 0 -0.2095861 -0.7348449 -0.6450401 -0.5505624 -0.7719044 0.3178755 -0.2374969 -0.9616658 0.1370925 0.1411231 -0.7348017 0.6634387 0.1152424 -0.9911066 -0.06653517 -0.5040064 -0.7347999 -0.4539237 -0.4086833 -0.771864 0.4870358 -0.1762767 -0.9616649 0.2100647 0.3594858 -0.7348263 0.5751525 0.0855509 -0.9911052 -0.1019388 -0.628884 -0.7347648 -0.254216 -0.317874 -0.7718669 0.5506158 -0.1370884 -0.9616721 0.2374735 0.4538804 -0.7348354 0.5039938 0.06652945 -0.9911078 -0.1152353 -0.6634089 -0.7348313 -0.1411086 -0.1645517 -0.7718681 0.6141193 -0.07095164 -0.9616691 0.2648746 0.5688725 -0.7348273 0.3693412 0.03443849 -0.9911073 -0.1285318 -0.6772292 -0.7349169 0.03546756 0 -0.7718844 0.6357631 0 -0.9616807 0.2741722 0.6451211 -0.734794 0.2095153 0 -0.991106 -0.1330751 -0.6450927 -0.7348239 0.2094974 0.6357735 -0.7718757 0 0.2742051 -0.9616712 0 0.2095085 -0.7348058 -0.6451099 -0.1330755 -0.9911059 0 0.2094879 -0.7347894 0.6451352 0.6357682 -0.7718801 0 0.2742022 -0.9616721 0 0.209518 -0.734807 -0.6451054 -0.1330694 -0.9911068 0 0.2095134 -0.734815 0.6450977 0.6357837 -0.7718673 0 0.2742098 -0.9616699 0 0.2095141 -0.7348029 -0.6451114 -0.1330692 -0.9911068 0 0.2095174 -0.7348088 0.6451036 0.6357493 -0.7718958 0 0.2742089 -0.9616702 0 0.2095258 -0.7348049 -0.6451053 -0.1330736 -0.9911062 0 0.2095242 -0.7348242 0.6450837 0.2095077 -0.7348097 -0.6451056 -0.1330622 -0.9911078 0 0.2094972 -0.7347823 0.6451402 0.6356869 -0.771947 0 0.2742079 -0.9616705 0 0.2095268 -0.7348086 -0.6451007 0.2095654 -0.7348139 0.6450822 0.6357709 -0.7718779 0 0.2742407 -0.9616612 0 0.2095209 -0.7348681 -0.6450348 -0.1330664 -0.9911072 0 0.2095085 -0.7348613 0.6450466 0.4999974 0 -0.8660269 0.8660303 0 0.4999915 -0.4999974 0 0.8660269 -0.8660332 0 -0.4999866 0 -1 0 0.8246995 0.305236 0.4761321 -0.866022 0.006806492 -0.4999597 -0.4761359 0.3051747 0.82472 0.4761936 0.3051587 -0.8246926 -0.8247266 0.305152 -0.4761389 0 1 7.81067e-6 0.8659838 0.006803035 0.5000258 -0.4999768 0.006804943 0.866012 0.4999969 0.006806254 -0.8660004 0 1 4.07246e-6 -0.5000008 0 0.866025 0.5000039 0 -0.8660233 -0.8660161 0 -0.5000162 0.8660244 0 0.5000017 0.7754796 -0.44521 0.4476823 -0.8657825 0.02356362 -0.4998657 -0.5000035 -4.39366e-5 0.8660234 0.5000003 1.90239e-5 -0.8660253 -2.05013e-5 -1 -9.81652e-6 0.00454396 0.9999864 0.002620995 0.6113183 0.7083318 0.352925 -0.6214197 -0.6964806 -0.3588209 0.5000483 0 -0.8659976 -0.5000144 -4.96081e-6 0.8660171 0.8658026 -0.0228371 0.4998645 -0.6726587 0.629862 -0.3883353 0 1 1.04558e-6 -0.5000025 -8.83459e-6 0.866024 0.5000007 -1.69761e-6 -0.8660251 0.4999517 0 -0.8660533 -0.4999997 -7.1773e-7 0.8660257 -0.2374641 -0.9616731 -0.1370972 0.7071156 0 -0.707098 0.7071043 0 0.7071094 -0.7071123 0 0.7071014 -0.7071043 0 -0.7071094 0 -1 2.77823e-7 0.6733694 0.3051693 0.6733836 -0.7070686 0.006802499 -0.7071123 -0.6733566 0.3052142 0.673376 0.6733539 0.3051923 -0.6733887 -0.6733765 0.305208 -0.6733589 0.7071014 0.006804645 0.7070795 -0.7070864 0.006804287 0.7070944 0.7071014 0.006803691 -0.7070795 -0.7071056 0 0.707108 0.7071175 0 -0.7070961 -0.7071056 0 -0.707108 0.6331422 -0.4452233 0.6331723 -0.7069398 0.02361118 -0.7068796 -0.7071025 2.19688e-5 0.7071111 0.7071115 2.84049e-5 -0.7071021 -1.67419e-5 -1 -1.68282e-5 0.003710627 0.9999863 0.003713309 0.4991579 0.708322 0.4991207 -0.50741 -0.6964671 -0.5074138 0.7070925 1.63437e-5 -0.7071211 -0.7070737 2.97683e-5 0.7071399 0.7069241 -0.02282577 0.7069211 -0.5492445 0.6297971 -0.5492597 -0.7071123 -2.65035e-5 0.7071013 0.7071068 -3.39528e-6 -0.7071068 0.7071173 0 -0.7070963 -0.7071597 -2.15303e-5 0.7070538 0 1 -2.71825e-6 -0.193888 -0.9616708 -0.1938984 0.573588 0 0.8191441 -0.819155 0 0.5735723 -0.573588 0 -0.8191441 0 -1 0 0.5462435 0.3051935 0.7800481 -0.5735896 0.006806135 -0.8191146 -0.7800673 0.3052141 0.5462046 0.7800677 0.3052052 -0.5462089 -0.5462279 0.3051695 -0.7800685 0 1 7.81006e-6 0.573573 0.006804764 0.8191263 -0.819128 0.006803989 0.5735705 0.8191472 0.006804585 -0.5735431 -0.8191718 0 0.5735482 0.819139 0 -0.5735952 -0.5736019 0 -0.8191343 0.5735685 0 0.8191576 0.513595 -0.4452217 0.7334834 -0.5733488 0.02353966 -0.8189733 -0.8191471 8.78735e-5 0.5735835 0.8191537 -1.01345e-4 -0.573574 -1.35784e-5 -1 -2.10353e-5 0.003009378 0.9999862 0.0042997 0.404867 0.7083311 0.5782299 -0.4115692 -0.6964923 -0.5878003 0.819159 6.53758e-5 -0.5735666 -0.8191363 3.52783e-5 0.5735989 0.5734356 -0.02285194 0.8189319 -0.4455299 0.6298497 -0.636233 -0.8191538 1.7669e-5 0.5735741 0.8191552 5.43233e-5 -0.5735721 0.8191754 -2.09427e-5 -0.5735432 -0.8191586 -7.17774e-6 0.5735671 -0.1572804 -0.9616695 -0.2246213 0.9396948 0 -0.3420143 0.3420415 0 0.9396849 -0.9396948 0 0.3420143 0 -1 0 0.3257096 0.3051822 0.8948616 -0.3419958 0.006805419 -0.939677 -0.894846 0.3052415 0.325697 0.8948655 0.3051927 -0.3256891 -0.3257075 0.3052009 -0.8948559 0.3419958 0.006804525 0.939677 -0.939668 0.006805956 0.3420204 0.9396611 0.006804525 -0.3420391 -0.9396838 0 0.3420444 0.9396988 0 -0.3420035 -0.3420853 0 -0.939669 0.3421006 0 0.9396634 0.3062315 -0.4451561 0.8414621 -0.3418768 0.02351456 -0.9394506 -0.9396963 0 0.3420102 0.9397004 6.69784e-5 -0.3419991 -7.55852e-6 -1 -1.96338e-5 0.001794517 0.9999862 0.004933118 0.241442 0.7083292 0.6633065 -0.2455031 -0.6964489 -0.6743049 0.9396913 0 -0.342024 -0.9397054 -3.08699e-5 0.3419849 0.3419033 -0.02283352 0.9394577 -0.2656471 0.6298297 -0.7298947 0 1 1.04561e-6 -0.939695 1.76691e-5 0.3420138 0.9396965 6.7902e-6 -0.3420095 0.9396948 2.09412e-5 -0.3420144 -0.9396986 1.43555e-5 0.342004 -0.093782 -0.961672 -0.2576665 0 0.3052194 0.9522821 0 0.006803393 -0.9999769 -0.9523067 0.3051425 0 0.952307 0.3051418 0 0 0.3051939 -0.9522903 0 0.006802976 0.9999769 -0.9999768 0.006807565 0 0.9999769 0.006804287 0 0 0.02358925 -0.9997218 1 -3.64697e-5 0 0 -1 -2.52401e-5 0 0.9999862 0.00524491 0 0.7083411 0.7058704 0 -0.6964915 -0.7175651 -1 -1.54351e-5 0 0 -0.02282685 0.9997395 0 0.6298389 -0.7767259 -1 3.53382e-5 0 1 -1.35805e-5 0 1 2.0942e-5 0 -1 8.61356e-6 0 0.9522812 0.305222 0 -0.9999769 0.006805419 0 0 0.305192 0.9522908 0 0.3051873 -0.9522925 -0.9522882 0.3052002 0 0.9999769 0.006805419 0 0 0.006804525 0.9999769 0 0.006804347 -0.9999769 -0.999723 0.02353847 0 2.14537e-7 0 1 -2.20955e-5 -1 0 0.005246996 0.9999862 0 -0.717579 -0.6964771 0 -4.40999e-6 0 1 0.9997395 -0.02282422 0 -0.7767331 0.62983 0 0 0 1 1.69759e-6 8.79023e-7 -1 5.23525e-6 0 -1 -0.2741849 -0.961677 0 0 -1 1.66689e-7 0.9522945 0.3051809 0 -0.9999769 0.006804704 0 0 0.305153 0.9523034 0 0.3051905 -0.9522913 -0.9522887 0.3051987 0 0.9999769 0.006805241 0 0 0.006805121 0.9999769 0 0.006805598 -0.9999769 0.8954368 -0.4451888 0 -0.999723 0.02353787 0 7.20837e-6 0 1 0.005246937 0.9999863 0 0.7058864 0.7083252 0 -0.7175693 -0.6964872 0 0.9997395 -0.02282458 0 6.79032e-6 0 -1 1.04705e-5 0 -1 0.952292 0.3051884 0 0 0.3051526 0.9523035 0 0.3052089 -0.9522855 -0.9522906 0.3051927 0 0 0.006805121 0.9999769 0 0.006804883 -0.9999769 0.8954558 -0.4451503 0 -3.77585e-6 0 1 -0.7175842 -0.6964718 0 1.35808e-5 0 -1 0.9522957 0.3051767 0 0 0.3051389 0.9523078 0 0.3051717 -0.9522973 -0.9522885 0.3051995 0 0.9999769 0.006805181 0 0 0.006805121 0.9999769 0 0.006804883 -0.9999769 -3.43256e-6 0 1 -2.36717e-5 -1 0 0.005247116 0.9999863 0 0.7058658 0.7083457 0 -0.7175919 -0.6964638 0 -1.76397e-5 0 1 -0.7767401 0.6298213 0 1.04704e-5 0 -1 0 -1 1.66684e-7 0.9522954 0.3051782 0 -0.9999769 0.006804585 0 0 0.3050214 0.9523456 -1.04019e-5 0.3053755 -0.9522321 0 0.3053756 -0.952232 1.54251e-4 0.3053398 -0.9522435 -0.9522977 0.3051705 -9.68705e-7 0.9999769 0.006806373 0 0 0.006820261 0.9999768 0 0.006803631 -0.9999769 0.8954272 -0.4452081 0 8.92475e-6 0 1 -4.48867e-5 0 -1 0.005248486 0.9999862 0 0.7058883 0.7083232 0 -0.7175833 -0.6964727 0 0.9997396 -0.02282285 0 -1.25647e-4 0 -1 -0.2741908 -0.9616754 0 -0.499983 0 -0.8660352 0.5000039 0 0.8660232 -0.8660345 0 0.4999845 0.824715 0.3051729 -0.4761458 -0.8660219 0.006804823 0.4999598 0.4761209 0.3052036 0.8247179 -0.4761179 0.3052223 -0.8247128 -0.8247077 0.3051992 0.4761416 0.8660203 0.006803989 -0.4999628 0.5000188 0.00680387 0.8659878 -0.4999315 0.00680381 -0.8660383 0.4999896 0 0.8660314 -0.8660557 0 0.4999476 0.7755178 -0.4451663 -0.4476596 -0.8657884 0.02356773 0.4998552 0.4999766 -4.39374e-5 0.8660389 -0.5000143 -2.36707e-5 -0.8660172 -2.05035e-5 -1 1.26209e-5 0.00454539 0.9999862 -0.002623617 0.6112532 0.7083701 -0.352961 -0.6214706 -0.6964647 0.3587636 -0.4999887 -3.26875e-5 -0.866032 0.4999396 -3.14204e-5 0.8660603 0.865817 -0.02283161 -0.4998399 -0.6726883 0.6298202 0.3883517 0.5000271 0 0.8660098 -0.5000185 1.6976e-6 -0.8660147 -0.5001296 1.04698e-5 -0.8659505 0.4999634 -7.17744e-6 0.8660466 0 1 -2.7185e-6 -0.2374687 -0.9616706 0.1371074 -0.7660356 0 -0.6427981 0.6428022 0 -0.7660322 0.7660305 0 0.6428042 -0.6428074 0 0.766028 0.6121365 0.3051379 -0.7295066 -0.6427516 0.006805121 0.7660446 0.7294734 0.3052496 0.6121203 -0.7294876 0.3051632 -0.6121465 -0.6121279 0.3051957 0.7294896 0.6428202 0.00680685 -0.7659869 0.7660115 0.006801784 0.6427909 -0.7659956 0.006803572 -0.6428099 0.7660133 0 0.6428248 -0.7660367 0 -0.6427969 -0.6427964 0 0.7660371 0.6427283 0 -0.7660942 0.5755442 -0.4451986 -0.6859644 -0.6426053 0.02358692 0.7658344 0.7660542 0 0.642776 -0.7660477 9.99416e-6 -0.6427838 -1.52143e-5 -1 1.68275e-5 0.003372907 0.9999863 -0.004020392 0.4537375 0.7083393 -0.5407198 -0.4612464 -0.6964939 0.5496801 -0.7660217 -3.26885e-5 -0.6428148 0.7660373 0 0.6427962 0.6426332 -0.02282387 -0.765834 -0.4992951 0.6298193 0.595006 0 1 2.09119e-6 0.766051 0 0.6427798 -0.7660339 1.3581e-5 -0.6428003 -0.765981 -2.09442e-5 -0.6428633 0.7660695 -2.15336e-6 0.6427578 0 1 5.43673e-6 -0.1762629 -0.9616662 0.2100703 -0.8660353 0 -0.4999829 0.4999833 0 -0.8660352 0.8660321 0 0.4999886 -0.4999787 0 0.8660377 0 -1 2.22255e-7 0.4761157 0.3052309 -0.8247108 -0.4999752 0.006803572 0.8660131 0.8247268 0.3051588 0.4761343 -0.8247192 0.3051713 -0.4761396 -0.4761326 0.3052377 0.8246986 0.4999315 0.006804227 -0.8660383 0.8659912 0.006805598 0.5000132 -0.8660057 0.006803393 -0.4999879 0 -1 -4.07259e-6 0 1 -2.03629e-6 0.866013 0 0.5000215 -0.8660336 0 -0.4999859 -0.5000643 0 0.8659884 0.447659 -0.4452496 -0.7754704 -0.4998869 0.02359026 0.8657695 0.8660134 -4.39376e-5 0.5000208 -0.8660336 1.05199e-5 -0.4999858 -1.1834e-5 -1 1.68267e-5 0.002623438 0.9999863 -0.004546463 0.3529292 0.708331 -0.6113168 -0.3587694 -0.6964837 0.6214459 -0.8660122 6.53742e-5 -0.5000228 0.8660192 -8.82001e-6 0.5000108 0.4998782 -0.02287024 -0.8657937 -0.3883663 0.6298106 0.672689 0.86602 1.76692e-5 0.5000094 -0.8660227 1.35806e-5 -0.5000046 -0.86603 -2.09426e-5 -0.4999921 0.8660149 1.43555e-5 0.5000182 0 1 -8.15448e-6 -0.1371063 -0.9616683 0.2374787 -0.9659283 0 -0.2588102 0.2588555 0 -0.9659161 0.9659205 0 0.2588393 -0.2587783 0 0.9659368 0.2465013 0.3051601 -0.9198448 -0.258868 0.006803512 0.9658887 0.9198351 0.3052197 0.2464637 -0.9198533 0.3051634 -0.2464656 -0.2464662 0.3052176 0.9198352 0 1 1.95251e-6 0.2588035 0.006802082 -0.9659061 0.9659099 0.006803929 0.2587893 -0.9659022 0.006803572 -0.2588181 0 -1 4.07266e-6 0 1 -2.03636e-6 0.965927 0 0.2588151 -0.9659256 0 -0.2588199 -0.2588219 0 0.9659251 0.2588261 0 -0.965924 0.2317659 -0.4451978 -0.8649182 -0.2586703 0.02362388 0.9656768 0.9659281 8.78766e-5 0.2588104 -0.9659267 -1.71834e-5 -0.2588161 -6.13238e-6 -1 2.52416e-5 0.001357853 0.9999862 -0.005070447 0.1827755 0.7083445 -0.6817927 -0.1856511 -0.6964848 0.6931398 -0.9659243 0 -0.2588251 0.9659347 6.83552e-5 0.2587863 0.258786 -0.02281343 -0.9656653 -0.2010607 0.6297929 0.7502904 0 1 1.04555e-6 0.9659284 0 0.2588095 -0.9659236 2.03715e-5 -0.2588277 -0.9659228 0 -0.2588305 0.9659153 -2.29674e-5 0.2588586 0 1 4.07786e-6 -0.07096672 -0.961659 0.264907 0 -1 1.66696e-7 0 0.3051995 -0.9522885 0 0.00680238 0.9999769 0 0.3052276 0.9522795 0 0.006805062 -0.9999769 0.9999769 0.006804704 0 -0.9999769 0.006806492 0 0 -0.4452177 -0.8954225 0 0.02359086 0.9997217 -1 3.50667e-5 0 0 -1 2.24376e-5 0 0.9999862 -0.005247175 0 0.708354 -0.7058574 0 -0.696503 0.7175539 1 -4.41018e-6 0 0 -0.02284568 -0.9997391 0 0.6298183 0.7767425 -1 -2.09431e-5 0 1 1.14826e-5 0 0 -0.9616699 0.2742101 0.9999769 0.006804704 -6.13127e-6 0 0.3051922 -0.9522908 0 0.3052119 0.9522845 0.9522935 0.3051837 0 -0.9999769 0.006804347 0 0 0.006803631 -0.9999769 0 0.006803035 0.9999769 0.9997222 0.02357214 0 -6.52186e-6 0 -1 2.3673e-5 -1 0 -0.005246996 0.9999862 0 -0.7058585 0.7083528 0 0.7175801 -0.6964761 0 -8.81959e-6 0 -1 -0.9997393 -0.0228371 0 0.7767387 0.6298232 0 -1.35807e-5 0 1 2.61778e-5 0 1 0.2742025 -0.9616721 0 1 0 -2.60437e-6 -0.9522922 0.3051877 0 0.9999769 0.006804108 0 0 0.3051891 -0.9522919 0 0.3051891 0.9522919 0.9522911 0.3051915 0 -0.9999769 0.006804406 0 0 0.006804287 -0.9999769 0 0.006804466 0.9999769 -0.8954297 -0.4452032 0 0.9997223 0.02356553 0 -6.43611e-7 0 -1 2.8054e-6 0 1 2.20956e-5 -1 0 -0.005246937 0.9999862 0 -0.9997392 -0.02283686 0 0.7767434 0.6298172 0 -2.20864e-6 0 -1 0 8.78996e-7 1 1.30889e-6 0 1 0.2742013 -0.9616724 0 0 -1 1.66694e-7 0.9999769 0.006804287 0 0 0.3051554 -0.9523026 0 0.3052022 0.9522876 0.9522907 0.3051927 -9.69013e-7 -0.9999769 0.006804406 0 0 0.006805241 -0.9999769 0 0.006803333 0.9999769 -0.8954273 -0.445208 0 4.46237e-6 0 -1 2.36741e-5 -1 0 -0.005246937 0.9999863 0 0.7175744 -0.6964819 9.04044e-6 -1.76391e-5 0 -1 -0.9997392 -0.02283555 0 0.7767464 0.6298136 0 0.2742077 -0.9616705 0 1 0 -2.6044e-6 -0.9522908 0.3051921 0 0.9999769 0.00680387 -6.159e-6 0 0.305136 -0.9523088 0 0.3051752 0.9522963 -0.9999769 0.006804704 0 0 0.006804943 -0.9999769 0 0.006804943 0.9999769 3.43256e-6 0 -1 2.36758e-5 -1 0 -0.005246698 0.9999862 0 -6.53755e-5 0 1 -3.52781e-5 0 -1 -0.9997393 -0.02283751 0 0.7767468 0.6298131 0 1.0471e-5 0 1 0.2742046 -0.9616714 0 -0.9522913 0.305191 0 0.9999769 0.00680387 -6.13056e-6 0 0.305212 -0.9522845 0 0.3052123 0.9522844 0.9522947 0.3051801 0 -0.9999769 0.006803929 0 0 0.006803035 -0.9999769 0 0.006803035 0.9999769 4.46232e-6 0 -1 2.36731e-5 -1 0 -0.005246996 0.9999862 0 0.7175791 -0.6964771 1.33319e-6 0.274217 -0.9616679 0 -0.9522911 0.3051915 0 0.9999769 0.006803691 0 0 0.3051364 -0.9523087 0 0.3052138 0.9522839 0.9522933 0.3051846 0 -0.9999769 0.006804645 0 0 0.006804943 -0.9999769 0 0.006803631 0.9999769 0.9997222 0.0235725 0 1.7163e-5 0 -1 2.24432e-5 0 1 2.36758e-5 -1 0 -0.005248665 0.9999862 0 0.7175793 -0.6964769 0 -3.52786e-5 0 -1 -0.9997394 -0.02283495 0 0.7767372 0.6298249 0 1.35808e-5 0 1 -7.32984e-5 0 1 0 -1 1.66687e-7 -0.9522887 0.3051987 -9.69201e-7 0.9999769 0.006804466 0 0 0.3055596 -0.952173 0 0.3050968 0.9523214 0.9522879 0.3052013 0 -0.9999769 0.006804049 0 0 0.00680238 -0.9999769 0 0.006801128 0.9999769 -0.8954439 -0.4451745 0 0.9997225 0.02356046 0 1.57899e-5 0 -1 2.36732e-5 -1 0 -0.005248785 0.9999862 0 -0.7058502 0.7083612 0 0.7176021 -0.6964533 0 -7.05575e-5 0 -1 -3.14136e-5 0 1 0.2742004 -0.9616726 0 0 1 0 0 1 0 1.34871e-6 0.7071014 0.7071122 0 0.7070737 -0.7071399 0 1 0 0 0.7071012 -0.7071124 0 1 0 0 1 0 0.7037639 0.7037642 -0.09712105 0.6964052 0.6964048 -0.1733213 0.9703978 0 -0.2415121 -0.9906114 0 0.1367081 -0.9703975 0 0.2415136 0.9906116 0 -0.136707 -0.6964156 0.6963939 0.1733237 -0.7037531 0.7037749 0.097121 0 1 0 0.6821882 0.6821871 -0.2631351 0.9329998 0 -0.3598771 0.6884506 0.6884511 -0.2281904 0.9492168 0 -0.3146229 -0.6964854 -0.001429438 0.7175696 0 1 0 0 1 0 0 1 0 -0.4931408 0 0.8699496 0 1 0 -0.9492175 0 0.3146209 0 1 0 0.8572234 -6.43258e-4 -0.5149444 0 1 0 -0.1907652 0 0.9816357 -0.8541504 0 0.520026 -0.550627 0 0.8347515 0.4812039 0 -0.8766089 0.54375 2.99395e-4 -0.8392473 0.7306634 4.15443e-4 -0.6827378 0 1 0 0 1 0 0.1950909 0 -0.9807852 -0.389114 0.7075392 0.5898973 0.3842073 0.7080627 -0.5924795 0.5563089 0.6487784 -0.5192371 0.6409607 0.6641992 -0.3847191 -0.1348285 0.7074394 0.6937946 -0.3546646 0.6948086 0.625663 -0.5369663 0.6368778 0.5532215 -0.6441407 0.656725 0.3921672 0.348692 0.6898813 -0.6344113 0.5270256 0.6423006 -0.5565016 0 1 0 0 1 0 0 1 0 0 1 0 -0.7070456 0.7070461 0.01313245 0.707046 0.7070456 -0.01313549 -0.9998276 0 0.01857292 0 1 0 0.9998275 0 -0.01857471 0.852842 0 -0.5221692 0 1 0 -0.6884409 0.6884623 0.2281863 -0.1379453 0.707122 0.6935052 0 1 0 0 1 0 0 1 0 0 1 0 0 1 0 0 1 0 0 1 0 0 1 0 -0.9329992 0 0.3598786 0 1 0 0 1 0 0 1 0 0 1 0 0 1 0 0 1 0 0 1 0 -1 0 0 1 0 0 -0.707116 0.7070977 0 0 1 0 0 1 0 0.707112 0.7071017 0 0 1 0 0 1 0 0 1 0 0 1 0 0 1 0 0 1 0 0 1 0 0 1 0 -0.7070925 0.707121 5.13627e-4 0 1 0 -1 2.07324e-4 -1.07432e-4 0 1 0 0 1 0 0.7037745 0.7037534 0.09712201 0.6964256 0.6963831 0.1733263 0.9703977 0 0.2415127 -0.9906114 0 -0.1367083 -0.9703983 0 -0.2415105 0.9906117 0 0.1367061 -0.6964052 0.6964052 -0.1733197 -0.7037748 0.7037529 -0.09712374 0 1 0 0.6821877 0.6821877 0.2631348 0.9329993 0 0.3598783 0.6884517 0.6884503 0.2281897 0.9492173 0 0.3146214 -0.6964852 -0.001429438 -0.7175698 0 1 0 0 1 0 0 1 0 0 1 0 -0.4931406 0 -0.8699496 0 1 0 -0.9492172 0 -0.3146215 0 1 0 0.8572237 -6.43258e-4 0.5149439 0 1 0 0 1 0 -0.8541508 0 -0.5200256 -0.550626 0 -0.8347521 0.4812037 0 0.8766088 0.6872596 0 0.726412 0.5437519 0 0.8392461 0.7306634 3.91006e-4 0.6827378 0 1 0 -0.3891437 0.7074834 -0.5899444 0.384212 0.7080526 0.5924886 0.5309072 0.6870506 0.4960837 0.6409833 0.6641701 0.3847318 -0.3546553 0.694828 -0.6256467 -0.5181441 0.6677715 -0.5344232 -0.6435596 0.6574981 -0.3918256 0.3487171 0.6898277 0.6344558 0.5118224 0.6673666 0.5409803 0 1 0 0 1 0 0 1 0 -0.7070451 0.7070465 -0.01313412 0.7070562 0.7070354 0.01313561 -0.9998276 0 -0.0185728 0 1 0 0.9998276 7.47932e-7 0.0185728 0.8528416 0 0.5221696 -0.6884419 0.6884612 -0.2281863 0 1 0 0 1 0 -0.9329993 0 -0.3598784 0 1 0 0 1 0 0 1 0 0 1 0 0 1 0 0 1 0 0 1 0 0 1 0 0 1 0 0 1 0 0 1 0 0 1 0 -0.7141152 0.7000282 7.66658e-5 -1 1.50782e-4 1.07432e-4 0 1 0 0 1 0 0 1 0 0 1 0 0 1 0 0.1379481 0.707112 -0.693515 -0.1907646 0 -0.9816358 0.1950913 0 0.9807852 0 1 0 0.1379451 0.7071297 0.6934976 -0.1379466 0.7071007 -0.6935268 -0.1950909 0 -0.9807853 0 1 0 0 1 0 0 1 0 0 1 0 0 1 0 -0.6759847 0.6891451 0.2610055 0 1 0 0 1 0 0.1854413 0 -0.9826554 0.1323288 0.7008562 -0.7009207 0 1 0 0.6489754 0.648992 -0.3970395 0 1 0 -0.6821877 0.6821877 -0.2631348 0 1 0 0 1 0 0.1854399 0 0.9826557 0.1323284 0.7008568 0.7009202 0 1 0 0.6364564 0.6656351 0.3896835 -2.77784e-4 0.7139591 0.7001874 -0.1361363 0.700515 -0.7005324 0.7077023 0.7065107 1.52749e-7 0 1 0 1 -3.08103e-7 0 0 1 0 -0.7071068 0.7071068 -1.80287e-7 -0.7404116 0 0.6721539 -0.5327258 0.6944926 0.4836151 0 1 0 -0.7071176 0.707096 0 0 1 0 0 1 0 -0.7404965 -4.18027e-4 -0.6720601 0 1 0 -0.5327081 0.6945183 -0.4835974 0 1 0 -0.7071072 0.7071064 0 0 1 0 0 1 0 0 1 0 -0.5505874 -0.771876 -0.3179008 -0.237466 -0.9616701 -0.1371156 -0.5039991 -0.7348144 0.4539083 0.1152342 -0.9911076 0.06653505 0.1411083 -0.7348098 -0.6634328 -0.4495547 -0.7718814 -0.4495553 -0.1939054 -0.9616703 -0.193884 -0.6043161 -0.7348158 0.3079738 0.0940963 -0.9911072 0.09408819 0.3080033 -0.7348058 -0.6043133 -0.3646611 -0.7718769 -0.5207959 -0.1572725 -0.9616721 -0.2246159 -0.6486107 -0.7348107 0.198387 0.07632535 -0.9911066 0.1090051 0.4082387 -0.7348327 -0.5416291 -0.2174605 -0.7718814 -0.5974197 -0.09379446 -0.9616714 -0.2576639 -0.6778839 -0.7347847 0.02376914 0.04551005 -0.991105 0.125059 0.5345357 -0.7348007 -0.41754 0 -0.7719243 -0.6357144 0 -0.9616729 -0.2741994 -0.6450879 -0.7348181 -0.209533 0 -0.9911064 0.1330724 0.6451272 -0.7347854 -0.2095264 -0.6357736 -0.7718756 0 -0.2742004 -0.9616726 0 -0.2095167 -0.7348137 0.6450982 0.133071 -0.9911066 0 -0.2095194 -0.7348119 -0.6450993 -0.6357805 -0.77187 0 -0.2742032 -0.9616718 0 -0.2095253 -0.7347912 0.645121 0.1330674 -0.9911071 0 -0.2095279 -0.7348089 -0.6451001 -0.6357684 -0.77188 0 -0.2741975 -0.9616734 0 -0.2095237 -0.7347858 0.6451277 0.1330777 -0.9911057 0 -0.2095365 -0.7348215 -0.6450828 -0.6357864 -0.7718652 0 -0.2095288 -0.7347807 0.6451318 0.1330813 -0.9911052 0 -0.2095382 -0.7348237 -0.6450799 -0.6357769 -0.7718729 0 -0.2742201 -0.961667 0 -0.2094629 -0.734845 0.64508 0.1330645 -0.9911074 0 -0.2095309 -0.7348697 -0.6450297 -0.5505938 -0.7719041 0.317822 -0.2374871 -0.9616689 0.1370869 0.1410804 -0.7348167 0.6634311 0.115249 -0.9911061 -0.06653088 -0.503975 -0.7348321 -0.4539066 -0.4086998 -0.771866 0.487019 -0.1762423 -0.961677 0.210038 0.3595475 -0.7347571 0.5752022 0.08553153 -0.9911066 -0.1019414 -0.628856 -0.7348079 -0.2541607 -0.3178787 -0.7718713 0.550607 -0.1370924 -0.9616716 0.2374733 0.4538835 -0.7348288 0.5040004 0.06653618 -0.9911062 -0.1152449 -0.6634375 -0.7348064 -0.1411035 -0.1646291 -0.7718792 0.6140847 -0.07098907 -0.961668 0.2648685 0.5688968 -0.7348071 0.3693438 0.0344429 -0.9911059 -0.1285409 -0.6773806 -0.7347805 0.03540128 0 -0.7718795 0.6357689 0 -0.9616654 0.2742258 0.6451374 -0.7347839 0.2095006 0 -0.9911067 -0.13307 -0.6451193 -0.7347919 0.2095283 0.6357724 -0.7718766 0 0.2742042 -0.9616716 0 0.2095427 -0.7348096 -0.6450943 -0.1330703 -0.9911066 0 0.2095225 -0.7347745 0.6451409 0.6357699 -0.7718787 0 0.2742061 -0.961671 0 0.2095217 -0.734811 -0.6450996 -0.1330674 -0.9911071 0 0.2095179 -0.7348034 0.6451095 0.6357713 -0.7718775 0 0.2742027 -0.961672 0 0.2095137 -0.7348045 -0.6451097 -0.1330783 -0.9911056 0 0.2095124 -0.734808 0.6451061 0.6357772 -0.7718727 0 0.2742093 -0.9616701 0 0.2094876 -0.734811 -0.6451107 -0.1330636 -0.9911076 0 0.2095301 -0.7348235 0.6450827 0.2095304 -0.734806 -0.6451025 0.2095217 -0.7347785 0.6451366 0.6357792 -0.7718711 -2.33098e-6 0.2742074 -0.9616706 0 0.2095288 -0.7348006 -0.6451091 0.2095162 -0.73483 0.6450798 0.6357729 -0.7718762 0 0.274187 -0.9616765 0 0.2095519 -0.7348544 -0.6450405 -0.1330674 -0.991107 0 0.2095358 -0.7348657 0.6450327</float_array>
          <technique_common>
            <accessor source="#Freeway_Join_Freeway_2_mesh-mesh-normals-array" count="1873" stride="3">
              <param name="X" type="float"/>
              <param name="Y" type="float"/>
              <param name="Z" type="float"/>
            </accessor>
          </technique_common>
        </source>
        <source id="Freeway_Join_Freeway_2_mesh-mesh-map-0">
          <float_array id="Freeway_Join_Freeway_2_mesh-mesh-map-0-array" count="15246">0.8371056 0.905263 0.8371056 0.905263 0.8371056 0.905263 0.8371056 0.905263 0.8371056 0.905263 0.8371056 0.905263 0.8371056 0.905263 0.8371056 0.905263 0.8371056 0.905263 0.8371056 0.905263 0.8371056 0.905263 0.8371056 0.905263 0.8371056 0.905263 0.8371056 0.905263 0.8371056 0.905263 0.8371056 0.905263 0.8371056 0.905263 0.8371056 0.905263 0.8371056 0.905263 0.8371056 0.905263 0.8371056 0.905263 0.8371056 0.905263 0.8371056 0.905263 0.8371056 0.905263 0.8371056 0.905263 0.8371056 0.905263 0.8371056 0.905263 0.8371056 0.905263 0.8371056 0.905263 0.8371056 0.905263 0.8371056 0.905263 0.8371056 0.905263 0.8371056 0.905263 0.8371056 0.905263 0.8371056 0.905263 0.8371056 0.905263 0.8371056 0.905263 0.8371056 0.905263 0.8371056 0.905263 0.8371056 0.905263 0.8371056 0.905263 0.8371056 0.905263 0.8371056 0.9060567 0.8371056 0.9060567 0.8371056 0.9060567 0.8371056 0.9060567 0.8371056 0.9060567 0.8371056 0.9060567 0.8371056 0.9060567 0.8371056 0.9060567 0.8371056 0.9060567 0.8371056 0.9060567 0.8371056 0.9060567 0.8371056 0.9060567 0.8371056 0.9060567 0.8371056 0.9060567 0.8371056 0.9060567 0.8371056 0.9060567 0.8371056 0.9060567 0.8371056 0.9060567 0.8371056 0.9068502 0.8371056 0.9068502 0.8371056 0.9068502 0.8371056 0.9068502 0.8371056 0.9068502 0.8371056 0.9068502 0.8371056 0.9068502 0.8371056 0.9068502 0.8371056 0.9068502 0.8371056 0.9068502 0.8371056 0.9068502 0.8371056 0.9068502 0.8371056 0.9068502 0.8371056 0.9068502 0.8371056 0.9068502 0.8371056 0.9068502 0.8371056 0.9068502 0.8371056 0.9068502 0.8371056 0.9068502 0.8371056 0.9068502 0.8371056 0.9068502 0.8371056 0.9068502 0.8371056 0.9068502 0.8371056 0.9068502 0.8371056 0.9068502 0.8371056 0.9068502 0.8371056 0.9068502 0.8371056 0.9068502 0.8371056 0.9068502 0.8371056 0.9068502 0.8488572 0.8238469 0.8553082 0.8182235 0.8571658 0.8251963 0.8655652 0.794127 0.8486856 0.8032308 0.8434677 0.7944986 0.8496006 0.8151978 0.8591297 0.8042387 0.8565964 0.8165147 0.866801 0.8305702 0.8591297 0.8042387 0.8655652 0.794127 0.8371056 0.8305702 0.8486856 0.8032308 0.8496006 0.8151978 0.8507823 0.8177206 0.8371056 0.8305702 0.8496006 0.8151978 0.8553082 0.8182235 0.866801 0.8305702 0.8571658 0.8251963 0.8553082 0.8182235 0.8496006 0.8151978 0.8565964 0.8165147 0.8571658 0.8251963 0.8371056 0.8305702 0.8488572 0.8238469 0.8371056 0.9076437 0.8371056 0.9076437 0.8371056 0.9076437 0.8371056 0.9076437 0.8371056 0.9076437 0.8371056 0.9076437 0.8371056 0.9076437 0.8371056 0.9076437 0.8371056 0.9076437 0.8371056 0.9076437 0.8371056 0.9076437 0.8371056 0.9076437 0.8371056 0.9076437 0.8371056 0.9076437 0.8371056 0.9076437 0.8371056 0.9076437 0.8371056 0.9076437 0.8371056 0.9076437 0.8371056 0.9076437 0.8371056 0.9076437 0.8371056 0.9076437 0.8371056 0.9076437 0.8371056 0.9076437 0.8371056 0.9076437 0.8371056 0.9076437 0.8371056 0.9076437 0.8371056 0.9076437 0.8371056 0.9076437 0.8371056 0.9076437 0.8371056 0.9076437 0.8371056 0.9076437 0.8371056 0.9076437 0.8371056 0.9076437 0.8371056 0.9076437 0.8371056 0.9076437 0.8371056 0.9076437 0.8371056 0.9076437 0.8371056 0.9076437 0.8371056 0.9076437 0.8371056 0.9076437 0.8371056 0.9076437 0.8371056 0.9076437 0.8371056 0.9084373 0.8371056 0.9084373 0.8371056 0.9084373 0.8371056 0.9084373 0.8371056 0.9084373 0.8371056 0.9084373 0.8371056 0.9084373 0.8371056 0.9084373 0.8371056 0.9084373 0.8371056 0.9084373 0.8371056 0.9084373 0.8371056 0.9084373 0.8371056 0.9084373 0.8371056 0.9084373 0.8371056 0.9084373 0.8371056 0.9084373 0.8371056 0.9084373 0.8371056 0.9084373 0.8371056 0.9092308 0.8371056 0.9092308 0.8371056 0.9092308 0.8371056 0.9092308 0.8371056 0.9092308 0.8371056 0.9092308 0.8371056 0.9092308 0.8371056 0.9092308 0.8371056 0.9092308 0.8371056 0.9092308 0.8371056 0.9092308 0.8371056 0.9092308 0.8371056 0.9092308 0.8371056 0.9092308 0.8371056 0.9092308 0.8371056 0.9092308 0.8371056 0.9092308 0.8371056 0.9092308 0.8371056 0.9092308 0.8371056 0.9092308 0.8371056 0.9092308 0.8371056 0.9092308 0.8371056 0.9092308 0.8371056 0.9092308 0.8371056 0.9092308 0.8371056 0.9092308 0.8371056 0.9092308 0.8371056 0.9092308 0.8371056 0.9092308 0.8371056 0.9092308 0.8557841 0.6741357 0.8493109 0.6684948 0.8539539 0.6677173 0.8561392 0.6537454 0.8395096 0.6441274 0.8615049 0.6451947 0.8478329 0.6662384 0.8561392 0.6537454 0.8549922 0.6658886 0.8670257 0.6808464 0.8561392 0.6537454 0.8615049 0.6451947 0.8371056 0.6808464 0.8456732 0.65443 0.8478329 0.6662384 0.8493109 0.6684948 0.8371056 0.6808464 0.8478329 0.6662384 0.8539539 0.6677173 0.8670257 0.6808464 0.8557841 0.6741357 0.8539539 0.6677173 0.8478329 0.6662384 0.8549922 0.6658886 0.8472616 0.6754742 0.8670257 0.6808464 0.8371056 0.6808464 0.8371056 0.9100244 0.8371056 0.9100244 0.8371056 0.9100244 0.8371056 0.9100244 0.8371056 0.9100244 0.8371056 0.9100244 0.8371056 0.9100244 0.8371056 0.9100244 0.8371056 0.9100244 0.8371056 0.9100244 0.8371056 0.9100244 0.8371056 0.9100244 0.8371056 0.9100244 0.8371056 0.9100244 0.8371056 0.9100244 0.8371056 0.9100244 0.8371056 0.9100244 0.8371056 0.9100244 0.8371056 0.9100244 0.8371056 0.9100244 0.8371056 0.9100244 0.8371056 0.9100244 0.8371056 0.9100244 0.8371056 0.9100244 0.8371056 0.9100244 0.8371056 0.9100244 0.8371056 0.9100244 0.8371056 0.9100244 0.8371056 0.9100244 0.8371056 0.9100244 0.8371056 0.9100244 0.8371056 0.9100244 0.8371056 0.9100244 0.8371056 0.9100244 0.8371056 0.9100244 0.8371056 0.9100244 0.8371056 0.9100244 0.8371056 0.9100244 0.8371056 0.9100244 0.8371056 0.9100244 0.8371056 0.9100244 0.8371056 0.9100244 0.8371056 0.9108179 0.8371056 0.9108179 0.8371056 0.9108179 0.8371056 0.9108179 0.8371056 0.9108179 0.8371056 0.9108179 0.8371056 0.9108179 0.8371056 0.9108179 0.8371056 0.9108179 0.8371056 0.9108179 0.8371056 0.9108179 0.8371056 0.9108179 0.8371056 0.9108179 0.8371056 0.9108179 0.8371056 0.9108179 0.8371056 0.9108179 0.8371056 0.9108179 0.8371056 0.9108179 0.8371056 0.9116116 0.8371056 0.9116116 0.8371056 0.9116116 0.8371056 0.9116116 0.8371056 0.9116116 0.8371056 0.9116116 0.8371056 0.9116116 0.8371056 0.9116116 0.8371056 0.9116116 0.8371056 0.9116116 0.8371056 0.9116116 0.8371056 0.9116116 0.8371056 0.9116116 0.8371056 0.9116116 0.8371056 0.9116116 0.8371056 0.9116116 0.8371056 0.9116116 0.8371056 0.9116116 0.8371056 0.9116116 0.8371056 0.9116116 0.8371056 0.9116116 0.8371056 0.9116116 0.8371056 0.9116116 0.8371056 0.9116116 0.8371056 0.9116116 0.8371056 0.9116116 0.8371056 0.9116116 0.8371056 0.9116116 0.8371056 0.9116116 0.8371056 0.9116116 0.854574 0.09779202 0.8478968 0.09224379 0.8524608 0.09168541 0.8586449 0.06634855 0.8434517 0.07846152 0.8371315 0.07088923 0.8465324 0.09052693 0.853784 0.07762128 0.8535785 0.08916538 0.8671517 0.104648 0.853784 0.07762128 0.8586449 0.06634855 0.8371056 0.1046481 0.8434517 0.07846152 0.8465324 0.09052693 0.8478968 0.09224379 0.8371056 0.1046481 0.8465324 0.09052693 0.8524608 0.09168541 0.8671517 0.104648 0.854574 0.09779202 0.8478968 0.09224379 0.8535785 0.08916538 0.8524608 0.09168541 0.8462751 0.09922748 0.8671517 0.104648 0.8371056 0.1046481 0.8371056 0.9124051 0.8371056 0.9124051 0.8371056 0.9124051 0.8371056 0.9124051 0.8371056 0.9124051 0.8371056 0.9124051 0.8371056 0.9124051 0.8371056 0.9124051 0.8371056 0.9124051 0.8371056 0.9124051 0.8371056 0.9124051 0.8371056 0.9124051 0.8371056 0.9124051 0.8371056 0.9124051 0.8371056 0.9124051 0.8371056 0.9124051 0.8371056 0.9124051 0.8371056 0.9124051 0.8371056 0.9124051 0.8371056 0.9124051 0.8371056 0.9124051 0.8371056 0.9124051 0.8371056 0.9124051 0.8371056 0.9124051 0.8371056 0.9124051 0.8371056 0.9124051 0.8371056 0.9124051 0.8371056 0.9124051 0.8371056 0.9124051 0.8371056 0.9124051 0.8371056 0.9124051 0.8371056 0.9124051 0.8371056 0.9124051 0.8371056 0.9124051 0.8371056 0.9124051 0.8371056 0.9124051 0.8371056 0.9124051 0.8371056 0.9124051 0.8371056 0.9124051 0.8371056 0.9124051 0.8371056 0.9124051 0.8371056 0.9124051 0.8371056 0.9131985 0.8371056 0.9131985 0.8371056 0.9131985 0.8371056 0.9131985 0.8371056 0.9131985 0.8371056 0.9131985 0.8371056 0.9131985 0.8371056 0.9131985 0.8371056 0.9131985 0.8371056 0.9131985 0.8371056 0.9131985 0.8371056 0.9131985 0.8371056 0.9131985 0.8371056 0.9131985 0.8371056 0.9131985 0.8371056 0.9131985 0.8371056 0.9131985 0.8371056 0.9131985 0.8371056 0.9139922 0.8371056 0.9139922 0.8371056 0.9139922 0.8371056 0.9139922 0.8371056 0.9139922 0.8371056 0.9139922 0.8371056 0.9139922 0.8371056 0.9139922 0.8371056 0.9139922 0.8371056 0.9139922 0.8371056 0.9139922 0.8371056 0.9139922 0.8371056 0.9139922 0.8371056 0.9139922 0.8371056 0.9139922 0.8371056 0.9139922 0.8371056 0.9139922 0.8371056 0.9139922 0.8371056 0.9139922 0.8371056 0.9139922 0.8371056 0.9139922 0.8371056 0.9139922 0.8371056 0.9139922 0.8371056 0.9139922 0.8371056 0.9139922 0.8371056 0.9139922 0.8371056 0.9139922 0.8371056 0.9139922 0.8371056 0.9139922 0.8371056 0.9139922 0.8576182 0.8987951 0.8517891 0.8917601 0.8563038 0.8918688 0.8669258 0.8683256 0.8498693 0.8771891 0.8448689 0.8683201 0.8577259 0.8895784 0.8498693 0.8771891 0.8602668 0.8783084 0.8669734 0.9044693 0.8602668 0.8783084 0.8669258 0.8683256 0.837106 0.9044693 0.8498693 0.8771891 0.8507073 0.8899173 0.8517891 0.8917601 0.837106 0.9044693 0.8507073 0.8899173 0.8563038 0.8918688 0.8669734 0.9044693 0.8576182 0.8987951 0.8517891 0.8917601 0.8577259 0.8895784 0.8563038 0.8918688 0.8576182 0.8987951 0.837106 0.9044693 0.8494593 0.8976741 0.8371056 0.9147856 0.8371056 0.9147856 0.8371056 0.9147856 0.8371056 0.9147856 0.8371056 0.9147856 0.8371056 0.9147856 0.8371056 0.9147856 0.8371056 0.9147856 0.8371056 0.9147856 0.8371056 0.9147856 0.8371056 0.9147856 0.8371056 0.9147856 0.8371056 0.9147856 0.8371056 0.9147856 0.8371056 0.9147856 0.8371056 0.9147856 0.8371056 0.9147856 0.8371056 0.9147856 0.8371056 0.9147856 0.8371056 0.9147856 0.8371056 0.9147856 0.8371056 0.9147856 0.8371056 0.9147856 0.8371056 0.9147856 0.8371056 0.9147856 0.8371056 0.9147856 0.8371056 0.9147856 0.8371056 0.9147856 0.8371056 0.9147856 0.8371056 0.9147856 0.8371056 0.9147856 0.8371056 0.9147856 0.8371056 0.9147856 0.8371056 0.9147856 0.8371056 0.9147856 0.8371056 0.9147856 0.8371056 0.9147856 0.8371056 0.9147856 0.8371056 0.9147856 0.8371056 0.9147856 0.8371056 0.9147856 0.8371056 0.9147856 0.8371056 0.9155792 0.8371056 0.9155792 0.8371056 0.9155792 0.8371056 0.9155792 0.8371056 0.9155792 0.8371056 0.9155792 0.8371056 0.9155792 0.8371056 0.9155792 0.8371056 0.9155792 0.8371056 0.9155792 0.8371056 0.9155792 0.8371056 0.9155792 0.8371056 0.9155792 0.8371056 0.9155792 0.8371056 0.9155792 0.8371056 0.9155792 0.8371056 0.9155792 0.8371056 0.9155792 0.8371056 0.9163728 0.8371056 0.9163728 0.8371056 0.9163728 0.8371056 0.9163728 0.8371056 0.9163728 0.8371056 0.9163728 0.8371056 0.9163728 0.8371056 0.9163728 0.8371056 0.9163728 0.8371056 0.9163728 0.8371056 0.9163728 0.8371056 0.9163728 0.8371056 0.9163728 0.8371056 0.9163728 0.8371056 0.9163728 0.8371056 0.9163728 0.8371056 0.9163728 0.8371056 0.9163728 0.8371056 0.9163728 0.8371056 0.9163728 0.8371056 0.9163728 0.8371056 0.9163728 0.8371056 0.9163728 0.8371056 0.9163728 0.8371056 0.9163728 0.8371056 0.9163728 0.8371056 0.9163728 0.8371056 0.9163728 0.8371056 0.9163728 0.8371056 0.9163728 0.8487972 0.5613523 0.855356 0.5558772 0.8572387 0.5627459 0.8591868 0.541549 0.8434021 0.5302903 0.8652025 0.5336068 0.8497879 0.5530532 0.8591868 0.541549 0.856856 0.5537233 0.8670024 0.5681097 0.8591868 0.541549 0.8652025 0.5336068 0.8371056 0.5681097 0.8487357 0.5412536 0.8497879 0.5530532 0.8507757 0.5549277 0.8371056 0.5681097 0.8497879 0.5530532 0.855356 0.5558772 0.8670024 0.5681097 0.8572387 0.5627459 0.8507757 0.5549277 0.856856 0.5537233 0.855356 0.5558772 0.8572387 0.5627459 0.8371056 0.5681097 0.8487972 0.5613523 0.8371056 0.9171663 0.8371056 0.9171663 0.8371056 0.9171663 0.8371056 0.9171663 0.8371056 0.9171663 0.8371056 0.9171663 0.8371056 0.9171663 0.8371056 0.9171663 0.8371056 0.9171663 0.8371056 0.9171663 0.8371056 0.9171663 0.8371056 0.9171663 0.8371056 0.9171663 0.8371056 0.9171663 0.8371056 0.9171663 0.8371056 0.9171663 0.8371056 0.9171663 0.8371056 0.9171663 0.8371056 0.9171663 0.8371056 0.9171663 0.8371056 0.9171663 0.8371056 0.9171663 0.8371056 0.9171663 0.8371056 0.9171663 0.8371056 0.9171663 0.8371056 0.9171663 0.8371056 0.9171663 0.8371056 0.9171663 0.8371056 0.9171663 0.8371056 0.9171663 0.8371056 0.9171663 0.8371056 0.9171663 0.8371056 0.9171663 0.8371056 0.9171663 0.8371056 0.9171663 0.8371056 0.9171663 0.8371056 0.9171663 0.8371056 0.9171663 0.8371056 0.9171663 0.8371056 0.9171663 0.8371056 0.9171663 0.8371056 0.9171663 0.8371056 0.9179598 0.8371056 0.9179598 0.8371056 0.9179598 0.8371056 0.9179598 0.8371056 0.9179598 0.8371056 0.9179598 0.8371056 0.9179598 0.8371056 0.9179598 0.8371056 0.9179598 0.8371056 0.9179598 0.8371056 0.9179598 0.8371056 0.9179598 0.8371056 0.9179598 0.8371056 0.9179598 0.8371056 0.9179598 0.8371056 0.9179598 0.8371056 0.9179598 0.8371056 0.9179598 0.8371056 0.9187534 0.8371056 0.9187534 0.8371056 0.9187534 0.8371056 0.9187534 0.8371056 0.9187534 0.8371056 0.9187534 0.8371056 0.9187534 0.8371056 0.9187534 0.8371056 0.9187534 0.8371056 0.9187534 0.8371056 0.9187534 0.8371056 0.9187534 0.8371056 0.9187534 0.8371056 0.9187534 0.8371056 0.9187534 0.8371056 0.9187534 0.8371056 0.9187534 0.8371056 0.9187534 0.8371056 0.9187534 0.8371056 0.9187534 0.8371056 0.9187534 0.8371056 0.9187534 0.8371056 0.9187534 0.8371056 0.9187534 0.8371056 0.9187534 0.8371056 0.9187534 0.8371056 0.9187534 0.8371056 0.9187534 0.8371056 0.9187534 0.8371056 0.9187534 0.8552438 0.1122368 0.8486495 0.1177381 0.8468027 0.1108327 0.8445693 0.1319395 0.860149 0.1433653 0.838487 0.1397693 0.8471261 0.1199371 0.8549461 0.1323574 0.8445693 0.1319395 0.837106 0.1054416 0.8445693 0.1319395 0.838487 0.1397693 0.867121 0.1054416 0.8549461 0.1323574 0.8542104 0.1204628 0.8532347 0.1186246 0.867121 0.1054416 0.8542104 0.1204628 0.8486495 0.1177381 0.837106 0.1054416 0.8468027 0.1108327 0.8532347 0.1186246 0.8471261 0.1199371 0.8486495 0.1177381 0.8468027 0.1108327 0.867121 0.1054416 0.8552438 0.1122368 0.8371056 0.919547 0.8371056 0.919547 0.8371056 0.919547 0.8371056 0.919547 0.8371056 0.919547 0.8371056 0.919547 0.8371056 0.919547 0.8371056 0.919547 0.8371056 0.919547 0.8371056 0.919547 0.8371056 0.919547 0.8371056 0.919547 0.8371056 0.919547 0.8371056 0.919547 0.8371056 0.919547 0.8371056 0.919547 0.8371056 0.919547 0.8371056 0.919547 0.8371056 0.919547 0.8371056 0.919547 0.8371056 0.919547 0.8371056 0.919547 0.8371056 0.919547 0.8371056 0.919547 0.8371056 0.919547 0.8371056 0.919547 0.8371056 0.919547 0.8371056 0.919547 0.8371056 0.919547 0.8371056 0.919547 0.8371056 0.919547 0.8371056 0.919547 0.8371056 0.919547 0.8371056 0.919547 0.8371056 0.919547 0.8371056 0.919547 0.8371056 0.919547 0.8371056 0.919547 0.8371056 0.919547 0.8371056 0.919547 0.8371056 0.919547 0.8371056 0.919547 0.8371056 0.9203405 0.8371056 0.9203405 0.8371056 0.9203405 0.8371056 0.9203405 0.8371056 0.9203405 0.8371056 0.9203405 0.8371056 0.9203405 0.8371056 0.9203405 0.8371056 0.9203405 0.8371056 0.9203405 0.8371056 0.9203405 0.8371056 0.9203405 0.8371056 0.9203405 0.8371056 0.9203405 0.8371056 0.9203405 0.8371056 0.9203405 0.8371056 0.9203405 0.8371056 0.9203405 0.8371056 0.9211341 0.8371056 0.9211341 0.8371056 0.9211341 0.8371056 0.9211341 0.8371056 0.9211341 0.8371056 0.9211341 0.8371056 0.9211341 0.8371056 0.9211341 0.8371056 0.9211341 0.8371056 0.9211341 0.8371056 0.9211341 0.8371056 0.9211341 0.8371056 0.9211341 0.8371056 0.9211341 0.8371056 0.9211341 0.8371056 0.9211341 0.8371056 0.9211341 0.8371056 0.9211341 0.8371056 0.9211341 0.8371056 0.9211341 0.8371056 0.9211341 0.8371056 0.9211341 0.8371056 0.9211341 0.8371056 0.9211341 0.8371056 0.9211341 0.8371056 0.9211341 0.8371056 0.9211341 0.8371056 0.9211341 0.8371056 0.9211341 0.8371056 0.9211341 0.8487979 0.5227389 0.8553562 0.5172643 0.8572389 0.5241325 0.8591873 0.502936 0.8434025 0.4916771 0.865203 0.4949938 0.8497884 0.5144402 0.8591873 0.502936 0.8568565 0.5151106 0.8670033 0.5294966 0.8591873 0.502936 0.865203 0.4949938 0.8371056 0.5294966 0.8487362 0.5026407 0.8497884 0.5144402 0.8507761 0.5163146 0.8371056 0.5294966 0.8497884 0.5144402 0.8553562 0.5172643 0.8670033 0.5294966 0.8572389 0.5241325 0.8507761 0.5163146 0.8568565 0.5151106 0.8553562 0.5172643 0.8572389 0.5241325 0.8371056 0.5294966 0.8487979 0.5227389 0.8371056 0.9219277 0.8371056 0.9219277 0.8371056 0.9219277 0.8371056 0.9219277 0.8371056 0.9219277 0.8371056 0.9219277 0.8371056 0.9219277 0.8371056 0.9219277 0.8371056 0.9219277 0.8371056 0.9219277 0.8371056 0.9219277 0.8371056 0.9219277 0.8371056 0.9219277 0.8371056 0.9219277 0.8371056 0.9219277 0.8371056 0.9219277 0.8371056 0.9219277 0.8371056 0.9219277 0.8371056 0.9219277 0.8371056 0.9219277 0.8371056 0.9219277 0.8371056 0.9219277 0.8371056 0.9219277 0.8371056 0.9219277 0.8371056 0.9219277 0.8371056 0.9219277 0.8371056 0.9219277 0.8371056 0.9219277 0.8371056 0.9219277 0.8371056 0.9219277 0.8371056 0.9219277 0.8371056 0.9219277 0.8371056 0.9219277 0.8371056 0.9219277 0.8371056 0.9219277 0.8371056 0.9219277 0.8371056 0.9219277 0.8371056 0.9219277 0.8371056 0.9219277 0.8371056 0.9219277 0.8371056 0.9219277 0.8371056 0.9219277 0.8371056 0.9227212 0.8371056 0.9227212 0.8371056 0.9227212 0.8371056 0.9227212 0.8371056 0.9227212 0.8371056 0.9227212 0.8371056 0.9227212 0.8371056 0.9227212 0.8371056 0.9227212 0.8371056 0.9227212 0.8371056 0.9227212 0.8371056 0.9227212 0.8371056 0.9227212 0.8371056 0.9227212 0.8371056 0.9227212 0.8371056 0.9227212 0.8371056 0.9227212 0.8371056 0.9227212 0.8371056 0.9235147 0.8371056 0.9235147 0.8371056 0.9235147 0.8371056 0.9235147 0.8371056 0.9235147 0.8371056 0.9235147 0.8371056 0.9235147 0.8371056 0.9235147 0.8371056 0.9235147 0.8371056 0.9235147 0.8371056 0.9235147 0.8371056 0.9235147 0.8371056 0.9235147 0.8371056 0.9235147 0.8371056 0.9235147 0.8371056 0.9235147 0.8371056 0.9235147 0.8371056 0.9235147 0.8371056 0.9235147 0.8371056 0.9235147 0.8371056 0.9235147 0.8371056 0.9235147 0.8371056 0.9235147 0.8371056 0.9235147 0.8371056 0.9235147 0.8371056 0.9235147 0.8371056 0.9235147 0.8371056 0.9235147 0.8371056 0.9235147 0.8371056 0.9235147 0.8487979 0.484126 0.8553567 0.4786512 0.8572392 0.4855196 0.8591875 0.4643231 0.8434025 0.4530642 0.865203 0.4563808 0.8497887 0.4758272 0.8591875 0.4643231 0.8568568 0.4764974 0.8670034 0.4908835 0.8591875 0.4643231 0.865203 0.4563808 0.8371056 0.4908836 0.8487365 0.4640275 0.8497887 0.4758272 0.8507763 0.4777016 0.8371056 0.4908836 0.8497887 0.4758272 0.8553567 0.4786512 0.8670034 0.4908835 0.8572392 0.4855196 0.8507763 0.4777016 0.8568568 0.4764974 0.8553567 0.4786512 0.8572392 0.4855196 0.8371056 0.4908836 0.8487979 0.484126 0.8371056 0.9243083 0.8371056 0.9243083 0.8371056 0.9243083 0.8371056 0.9243083 0.8371056 0.9243083 0.8371056 0.9243083 0.8371056 0.9243083 0.8371056 0.9243083 0.8371056 0.9243083 0.8371056 0.9243083 0.8371056 0.9243083 0.8371056 0.9243083 0.8371056 0.9243083 0.8371056 0.9243083 0.8371056 0.9243083 0.8371056 0.9243083 0.8371056 0.9243083 0.8371056 0.9243083 0.8371056 0.9243083 0.8371056 0.9243083 0.8371056 0.9243083 0.8371056 0.9243083 0.8371056 0.9243083 0.8371056 0.9243083 0.8371056 0.9243083 0.8371056 0.9243083 0.8371056 0.9243083 0.8371056 0.9243083 0.8371056 0.9243083 0.8371056 0.9243083 0.8371056 0.9243083 0.8371056 0.9243083 0.8371056 0.9243083 0.8371056 0.9243083 0.8371056 0.9243083 0.8371056 0.9243083 0.8371056 0.9243083 0.8371056 0.9243083 0.8371056 0.9243083 0.8371056 0.9243083 0.8371056 0.9243083 0.8371056 0.9243083 0.8371056 0.9251019 0.8371056 0.9251019 0.8371056 0.9251019 0.8371056 0.9251019 0.8371056 0.9251019 0.8371056 0.9251019 0.8371056 0.9251019 0.8371056 0.9251019 0.8371056 0.9251019 0.8371056 0.9251019 0.8371056 0.9251019 0.8371056 0.9251019 0.8371056 0.9251019 0.8371056 0.9251019 0.8371056 0.9251019 0.8371056 0.9251019 0.8371056 0.9251019 0.8371056 0.9251019 0.8371056 0.9258953 0.8371056 0.9258953 0.8371056 0.9258953 0.8371056 0.9258953 0.8371056 0.9258953 0.8371056 0.9258953 0.8371056 0.9258953 0.8371056 0.9258953 0.8371056 0.9258953 0.8371056 0.9258953 0.8371056 0.9258953 0.8371056 0.9258953 0.8371056 0.9258953 0.8371056 0.9258953 0.8371056 0.9258953 0.8371056 0.9258953 0.8371056 0.9258953 0.8371056 0.9258953 0.8371056 0.9258953 0.8371056 0.9258953 0.8371056 0.9258953 0.8371056 0.9258953 0.8371056 0.9258953 0.8371056 0.9258953 0.8371056 0.9258953 0.8371056 0.9258953 0.8371056 0.9258953 0.8371056 0.9258953 0.8371056 0.9258953 0.8371056 0.9258953 0.8487979 0.3682865 0.8553562 0.3628119 0.8572389 0.3696802 0.8591873 0.3484837 0.8434025 0.3372247 0.8652027 0.3405415 0.8497884 0.3599877 0.8591873 0.3484837 0.8568565 0.3606582 0.8670029 0.3750443 0.8591873 0.3484837 0.8652027 0.3405415 0.8371056 0.3750443 0.8487362 0.3481884 0.8497884 0.3599877 0.8507761 0.3618623 0.8371056 0.3750443 0.8497884 0.3599877 0.8553562 0.3628119 0.8670029 0.3750443 0.8572389 0.3696802 0.8507761 0.3618623 0.8568565 0.3606582 0.8553562 0.3628119 0.8572389 0.3696802 0.8371056 0.3750443 0.8487979 0.3682865 0.8371056 0.9266889 0.8371056 0.9266889 0.8371056 0.9266889 0.8371056 0.9266889 0.8371056 0.9266889 0.8371056 0.9266889 0.8371056 0.9266889 0.8371056 0.9266889 0.8371056 0.9266889 0.8371056 0.9266889 0.8371056 0.9266889 0.8371056 0.9266889 0.8371056 0.9266889 0.8371056 0.9266889 0.8371056 0.9266889 0.8371056 0.9266889 0.8371056 0.9266889 0.8371056 0.9266889 0.8371056 0.9266889 0.8371056 0.9266889 0.8371056 0.9266889 0.8371056 0.9266889 0.8371056 0.9266889 0.8371056 0.9266889 0.8371056 0.9266889 0.8371056 0.9266889 0.8371056 0.9266889 0.8371056 0.9266889 0.8371056 0.9266889 0.8371056 0.9266889 0.8371056 0.9266889 0.8371056 0.9266889 0.8371056 0.9266889 0.8371056 0.9266889 0.8371056 0.9266889 0.8371056 0.9266889 0.8371056 0.9266889 0.8371056 0.9266889 0.8371056 0.9266889 0.8371056 0.9266889 0.8371056 0.9266889 0.8371056 0.9266889 0.8371056 0.9274825 0.8371056 0.9274825 0.8371056 0.9274825 0.8371056 0.9274825 0.8371056 0.9274825 0.8371056 0.9274825 0.8371056 0.9274825 0.8371056 0.9274825 0.8371056 0.9274825 0.8371056 0.9274825 0.8371056 0.9274825 0.8371056 0.9274825 0.8371056 0.9274825 0.8371056 0.9274825 0.8371056 0.9274825 0.8371056 0.9274825 0.8371056 0.9274825 0.8371056 0.9274825 0.8371056 0.928276 0.8371056 0.928276 0.8371056 0.928276 0.8371056 0.928276 0.8371056 0.928276 0.8371056 0.928276 0.8371056 0.928276 0.8371056 0.928276 0.8371056 0.928276 0.8371056 0.928276 0.8371056 0.928276 0.8371056 0.928276 0.8371056 0.928276 0.8371056 0.928276 0.8371056 0.928276 0.8371056 0.928276 0.8371056 0.928276 0.8371056 0.928276 0.8371056 0.928276 0.8371056 0.928276 0.8371056 0.928276 0.8371056 0.928276 0.8371056 0.928276 0.8371056 0.928276 0.8371056 0.928276 0.8371056 0.928276 0.8371056 0.928276 0.8371056 0.928276 0.8371056 0.928276 0.8371056 0.928276 0.8487979 0.2910606 0.8553567 0.2855858 0.8572392 0.2924542 0.8591875 0.2712575 0.8434023 0.2599986 0.8652032 0.2633154 0.8497884 0.2827616 0.8591875 0.2712575 0.8568568 0.283432 0.8670034 0.2978181 0.8591875 0.2712575 0.8652032 0.2633154 0.8371056 0.2978181 0.8487361 0.2709621 0.8497884 0.2827616 0.8507761 0.2846361 0.8371056 0.2978181 0.8497884 0.2827616 0.8553567 0.2855858 0.8670034 0.2978181 0.8572392 0.2924542 0.8507761 0.2846361 0.8568568 0.283432 0.8553567 0.2855858 0.8572392 0.2924542 0.8371056 0.2978181 0.8487979 0.2910606 0.8371056 0.9290696 0.8371056 0.9290696 0.8371056 0.9290696 0.8371056 0.9290696 0.8371056 0.9290696 0.8371056 0.9290696 0.8371056 0.9290696 0.8371056 0.9290696 0.8371056 0.9290696 0.8371056 0.9290696 0.8371056 0.9290696 0.8371056 0.9290696 0.8371056 0.9290696 0.8371056 0.9290696 0.8371056 0.9290696 0.8371056 0.9290696 0.8371056 0.9290696 0.8371056 0.9290696 0.8371056 0.9290696 0.8371056 0.9290696 0.8371056 0.9290696 0.8371056 0.9290696 0.8371056 0.9290696 0.8371056 0.9290696 0.8371056 0.9290696 0.8371056 0.9290696 0.8371056 0.9290696 0.8371056 0.9290696 0.8371056 0.9290696 0.8371056 0.9290696 0.8371056 0.9290696 0.8371056 0.9290696 0.8371056 0.9290696 0.8371056 0.9290696 0.8371056 0.9290696 0.8371056 0.9290696 0.8371056 0.9290696 0.8371056 0.9290696 0.8371056 0.9290696 0.8371056 0.9290696 0.8371056 0.9290696 0.8371056 0.9290696 0.8371056 0.9298631 0.8371056 0.9298631 0.8371056 0.9298631 0.8371056 0.9298631 0.8371056 0.9298631 0.8371056 0.9298631 0.8371056 0.9298631 0.8371056 0.9298631 0.8371056 0.9298631 0.8371056 0.9298631 0.8371056 0.9298631 0.8371056 0.9298631 0.8371056 0.9298631 0.8371056 0.9298631 0.8371056 0.9298631 0.8371056 0.9298631 0.8371056 0.9298631 0.8371056 0.9298631 0.8371056 0.9306567 0.8371056 0.9306567 0.8371056 0.9306567 0.8371056 0.9306567 0.8371056 0.9306567 0.8371056 0.9306567 0.8371056 0.9306567 0.8371056 0.9306567 0.8371056 0.9306567 0.8371056 0.9306567 0.8371056 0.9306567 0.8371056 0.9306567 0.8371056 0.9306567 0.8371056 0.9306567 0.8371056 0.9306567 0.8371056 0.9306567 0.8371056 0.9306567 0.8371056 0.9306567 0.8371056 0.9306567 0.8371056 0.9306567 0.8371056 0.9306567 0.8371056 0.9306567 0.8371056 0.9306567 0.8371056 0.9306567 0.8371056 0.9306567 0.8371056 0.9306567 0.8371056 0.9306567 0.8371056 0.9306567 0.8371056 0.9306567 0.8371056 0.9306567 0.8461678 0.6880323 0.852108 0.6946735 0.8475157 0.6950457 0.8371056 0.7181761 0.8541132 0.7094381 0.8591399 0.7183424 0.8463345 0.6967781 0.8541132 0.7094381 0.8436954 0.7082646 0.8371056 0.6826272 0.8436954 0.7082646 0.8371056 0.7181761 0.8671174 0.68164 0.8541132 0.7094381 0.8534172 0.6970117 0.852108 0.6946735 0.8671174 0.68164 0.8534172 0.6970117 0.8475157 0.6950457 0.8371056 0.6826272 0.8461678 0.6880323 0.8475157 0.6950457 0.8534172 0.6970117 0.8463345 0.6967781 0.8461678 0.6880323 0.8671174 0.68164 0.8543214 0.6889336 0.8371056 0.9314503 0.8371056 0.9314503 0.8371056 0.9314503 0.8371056 0.9314503 0.8371056 0.9314503 0.8371056 0.9314503 0.8371056 0.9314503 0.8371056 0.9314503 0.8371056 0.9314503 0.8371056 0.9314503 0.8371056 0.9314503 0.8371056 0.9314503 0.8371056 0.9314503 0.8371056 0.9314503 0.8371056 0.9314503 0.8371056 0.9314503 0.8371056 0.9314503 0.8371056 0.9314503 0.8371056 0.9314503 0.8371056 0.9314503 0.8371056 0.9314503 0.8371056 0.9314503 0.8371056 0.9314503 0.8371056 0.9314503 0.8371056 0.9314503 0.8371056 0.9314503 0.8371056 0.9314503 0.8371056 0.9314503 0.8371056 0.9314503 0.8371056 0.9314503 0.8371056 0.9314503 0.8371056 0.9314503 0.8371056 0.9314503 0.8371056 0.9314503 0.8371056 0.9314503 0.8371056 0.9314503 0.8371056 0.9314503 0.8371056 0.9314503 0.8371056 0.9314503 0.8371056 0.9314503 0.8371056 0.9314503 0.8371056 0.9314503 0.8371056 0.9322438 0.8371056 0.9322438 0.8371056 0.9322438 0.8371056 0.9322438 0.8371056 0.9322438 0.8371056 0.9322438 0.8371056 0.9322438 0.8371056 0.9322438 0.8371056 0.9322438 0.8371056 0.9322438 0.8371056 0.9322438 0.8371056 0.9322438 0.8371056 0.9322438 0.8371056 0.9322438 0.8371056 0.9322438 0.8371056 0.9322438 0.8371056 0.9322438 0.8371056 0.9322438 0.8371056 0.9330373 0.8371056 0.9330373 0.8371056 0.9330373 0.8371056 0.9330373 0.8371056 0.9330373 0.8371056 0.9330373 0.8371056 0.9330373 0.8371056 0.9330373 0.8371056 0.9330373 0.8371056 0.9330373 0.8371056 0.9330373 0.8371056 0.9330373 0.8371056 0.9330373 0.8371056 0.9330373 0.8371056 0.9330373 0.8371056 0.9330373 0.8371056 0.9330373 0.8371056 0.9330373 0.8371056 0.9330373 0.8371056 0.9330373 0.8371056 0.9330373 0.8371056 0.9330373 0.8371056 0.9330373 0.8371056 0.9330373 0.8371056 0.9330373 0.8371056 0.9330373 0.8371056 0.9330373 0.8371056 0.9330373 0.8371056 0.9330373 0.8371056 0.9330373 0.8551102 0.8381614 0.8485287 0.8438754 0.8467036 0.8367841 0.8380098 0.8675267 0.8549239 0.8586645 0.8600096 0.8674492 0.8471982 0.8456425 0.8549239 0.8586645 0.8444976 0.8575382 0.8371056 0.8313636 0.8444976 0.8575382 0.8380098 0.8675267 0.8670692 0.8313636 0.8549239 0.8586645 0.8543478 0.8468383 0.8531534 0.8443247 0.8670692 0.8313636 0.8543478 0.8468383 0.8485287 0.8438754 0.8371056 0.8313636 0.8467036 0.8367841 0.8485287 0.8438754 0.8543478 0.8468383 0.8471982 0.8456425 0.8467036 0.8367841 0.8670692 0.8313636 0.8551102 0.8381614 0.8371056 0.9338309 0.8371056 0.9338309 0.8371056 0.9338309 0.8371056 0.9338309 0.8371056 0.9338309 0.8371056 0.9338309 0.8371056 0.9338309 0.8371056 0.9338309 0.8371056 0.9338309 0.8371056 0.9338309 0.8371056 0.9338309 0.8371056 0.9338309 0.8371056 0.9338309 0.8371056 0.9338309 0.8371056 0.9338309 0.8371056 0.9338309 0.8371056 0.9338309 0.8371056 0.9338309 0.8371056 0.9338309 0.8371056 0.9338309 0.8371056 0.9338309 0.8371056 0.9338309 0.8371056 0.9338309 0.8371056 0.9338309 0.8371056 0.9338309 0.8371056 0.9338309 0.8371056 0.9338309 0.8371056 0.9338309 0.8371056 0.9338309 0.8371056 0.9338309 0.8371056 0.9338309 0.8371056 0.9338309 0.8371056 0.9338309 0.8371056 0.9338309 0.8371056 0.9338309 0.8371056 0.9338309 0.8371056 0.9338309 0.8371056 0.9338309 0.8371056 0.9338309 0.8371056 0.9338309 0.8371056 0.9338309 0.8371056 0.9338309 0.8371056 0.9346245 0.8371056 0.9346245 0.8371056 0.9346245 0.8371056 0.9346245 0.8371056 0.9346245 0.8371056 0.9346245 0.8371056 0.9346245 0.8371056 0.9346245 0.8371056 0.9346245 0.8371056 0.9346245 0.8371056 0.9346245 0.8371056 0.9346245 0.8371056 0.9346245 0.8371056 0.9346245 0.8371056 0.9346245 0.8371056 0.9346245 0.8371056 0.9346245 0.8371056 0.9346245 0.8371056 0.935418 0.8371056 0.935418 0.8371056 0.935418 0.8371056 0.935418 0.8371056 0.935418 0.8371056 0.935418 0.8371056 0.935418 0.8371056 0.935418 0.8371056 0.935418 0.8371056 0.935418 0.8371056 0.935418 0.8371056 0.935418 0.8371056 0.935418 0.8371056 0.935418 0.8371056 0.935418 0.8371056 0.935418 0.8371056 0.935418 0.8371056 0.935418 0.8371056 0.935418 0.8371056 0.935418 0.8371056 0.935418 0.8371056 0.935418 0.8371056 0.935418 0.8371056 0.935418 0.8371056 0.935418 0.8371056 0.935418 0.8371056 0.935418 0.8371056 0.935418 0.8371056 0.935418 0.8371056 0.935418 0.8461683 0.7630218 0.8521084 0.7696641 0.8475159 0.7700361 0.8371056 0.7931658 0.8541132 0.7844285 0.8591398 0.7933334 0.8463347 0.7717683 0.8541132 0.7844285 0.8436957 0.7832551 0.8371056 0.7576164 0.8436957 0.7832551 0.8371056 0.7931658 0.8671172 0.7566317 0.8541132 0.7844285 0.8534174 0.7720019 0.8521084 0.7696641 0.8671172 0.7566317 0.8534174 0.7720019 0.8475159 0.7700361 0.8371056 0.7576164 0.8461683 0.7630218 0.8475159 0.7700361 0.8534174 0.7720019 0.8463347 0.7717683 0.8461683 0.7630218 0.8671172 0.7566317 0.8543224 0.7639237 0.8371056 0.9362115 0.8371056 0.9362115 0.8371056 0.9362115 0.8371056 0.9362115 0.8371056 0.9362115 0.8371056 0.9362115 0.8371056 0.9362115 0.8371056 0.9362115 0.8371056 0.9362115 0.8371056 0.9362115 0.8371056 0.9362115 0.8371056 0.9362115 0.8371056 0.9362115 0.8371056 0.9362115 0.8371056 0.9362115 0.8371056 0.9362115 0.8371056 0.9362115 0.8371056 0.9362115 0.8371056 0.9362115 0.8371056 0.9362115 0.8371056 0.9362115 0.8371056 0.9362115 0.8371056 0.9362115 0.8371056 0.9362115 0.8371056 0.9362115 0.8371056 0.9362115 0.8371056 0.9362115 0.8371056 0.9362115 0.8371056 0.9362115 0.8371056 0.9362115 0.8371056 0.9362115 0.8371056 0.9362115 0.8371056 0.9362115 0.8371056 0.9362115 0.8371056 0.9362115 0.8371056 0.9362115 0.8371056 0.9362115 0.8371056 0.9362115 0.8371056 0.9362115 0.8371056 0.9362115 0.8371056 0.9362115 0.8371056 0.9362115 0.8371056 0.9370052 0.8371056 0.9370052 0.8371056 0.9370052 0.8371056 0.9370052 0.8371056 0.9370052 0.8371056 0.9370052 0.8371056 0.9370052 0.8371056 0.9370052 0.8371056 0.9370052 0.8371056 0.9370052 0.8371056 0.9370052 0.8371056 0.9370052 0.8371056 0.9370052 0.8371056 0.9370052 0.8371056 0.9370052 0.8371056 0.9370052 0.8371056 0.9370052 0.8371056 0.9370052 0.8371056 0.9377986 0.8371056 0.9377986 0.8371056 0.9377986 0.8371056 0.9377986 0.8371056 0.9377986 0.8371056 0.9377986 0.8371056 0.9377986 0.8371056 0.9377986 0.8371056 0.9377986 0.8371056 0.9377986 0.8371056 0.9377986 0.8371056 0.9377986 0.8371056 0.9377986 0.8371056 0.9377986 0.8371056 0.9377986 0.8371056 0.9377986 0.8371056 0.9377986 0.8371056 0.9377986 0.8371056 0.9377986 0.8371056 0.9377986 0.8371056 0.9377986 0.8371056 0.9377986 0.8371056 0.9377986 0.8371056 0.9377986 0.8371056 0.9377986 0.8371056 0.9377986 0.8371056 0.9377986 0.8371056 0.9377986 0.8371056 0.9377986 0.8371056 0.9377986 0.8461676 0.7255274 0.852108 0.7321694 0.8475154 0.7325415 0.8371056 0.7556715 0.8541129 0.7469342 0.8591398 0.7558383 0.8463342 0.734274 0.8541129 0.7469342 0.8436954 0.7457606 0.8371056 0.7201229 0.8436954 0.7457606 0.8371056 0.7556715 0.8671172 0.7191359 0.8541129 0.7469342 0.8534172 0.7345076 0.852108 0.7321694 0.8671172 0.7191359 0.8534172 0.7345076 0.8475154 0.7325415 0.8371056 0.7201229 0.8461676 0.7255274 0.8475154 0.7325415 0.8534172 0.7345076 0.8463342 0.734274 0.8461676 0.7255274 0.8671172 0.7191359 0.8543214 0.7264292 0.8371056 0.9385922 0.8371056 0.9385922 0.8371056 0.9385922 0.8371056 0.9385922 0.8371056 0.9385922 0.8371056 0.9385922 0.8371056 0.9385922 0.8371056 0.9385922 0.8371056 0.9385922 0.8371056 0.9385922 0.8371056 0.9385922 0.8371056 0.9385922 0.8371056 0.9385922 0.8371056 0.9385922 0.8371056 0.9385922 0.8371056 0.9385922 0.8371056 0.9385922 0.8371056 0.9385922 0.8371056 0.9385922 0.8371056 0.9385922 0.8371056 0.9385922 0.8371056 0.9385922 0.8371056 0.9385922 0.8371056 0.9385922 0.8371056 0.9385922 0.8371056 0.9385922 0.8371056 0.9385922 0.8371056 0.9385922 0.8371056 0.9385922 0.8371056 0.9385922 0.8371056 0.9385922 0.8371056 0.9385922 0.8371056 0.9385922 0.8371056 0.9385922 0.8371056 0.9385922 0.8371056 0.9385922 0.8371056 0.9385922 0.8371056 0.9385922 0.8371056 0.9385922 0.8371056 0.9385922 0.8371056 0.9385922 0.8371056 0.9385922 0.8371056 0.9393858 0.8371056 0.9393858 0.8371056 0.9393858 0.8371056 0.9393858 0.8371056 0.9393858 0.8371056 0.9393858 0.8371056 0.9393858 0.8371056 0.9393858 0.8371056 0.9393858 0.8371056 0.9393858 0.8371056 0.9393858 0.8371056 0.9393858 0.8371056 0.9393858 0.8371056 0.9393858 0.8371056 0.9393858 0.8371056 0.9393858 0.8371056 0.9393858 0.8371056 0.9393858 0.8371056 0.9401793 0.8371056 0.9401793 0.8371056 0.9401793 0.8371056 0.9401793 0.8371056 0.9401793 0.8371056 0.9401793 0.8371056 0.9401793 0.8371056 0.9401793 0.8371056 0.9401793 0.8371056 0.9401793 0.8371056 0.9401793 0.8371056 0.9401793 0.8371056 0.9401793 0.8371056 0.9401793 0.8371056 0.9401793 0.8371056 0.9401793 0.8371056 0.9401793 0.8371056 0.9401793 0.8371056 0.9401793 0.8371056 0.9401793 0.8371056 0.9401793 0.8371056 0.9401793 0.8371056 0.9401793 0.8371056 0.9401793 0.8371056 0.9401793 0.8371056 0.9401793 0.8371056 0.9401793 0.8371056 0.9401793 0.8371056 0.9401793 0.8371056 0.9401793 0.8553113 0.1895295 0.8487522 0.1950046 0.8468693 0.1881356 0.8449214 0.2093328 0.8607059 0.220592 0.8389057 0.2172753 0.8543201 0.1978287 0.8449214 0.2093328 0.8472523 0.1971586 0.8371056 0.1827722 0.8449214 0.2093328 0.8389057 0.2172753 0.8670028 0.1827722 0.8553725 0.2096283 0.8543201 0.1978287 0.8533326 0.1959545 0.8670028 0.1827722 0.8543201 0.1978287 0.8487522 0.1950046 0.8371056 0.1827722 0.8468693 0.1881356 0.8533326 0.1959545 0.8472523 0.1971586 0.8487522 0.1950046 0.8468693 0.1881356 0.8670028 0.1827722 0.8553113 0.1895295 0.8371056 0.9409728 0.8371056 0.9409728 0.8371056 0.9409728 0.8371056 0.9409728 0.8371056 0.9409728 0.8371056 0.9409728 0.8371056 0.9409728 0.8371056 0.9409728 0.8371056 0.9409728 0.8371056 0.9409728 0.8371056 0.9409728 0.8371056 0.9409728 0.8371056 0.9409728 0.8371056 0.9409728 0.8371056 0.9409728 0.8371056 0.9409728 0.8371056 0.9409728 0.8371056 0.9409728 0.8371056 0.9409728 0.8371056 0.9409728 0.8371056 0.9409728 0.8371056 0.9409728 0.8371056 0.9409728 0.8371056 0.9409728 0.8371056 0.9409728 0.8371056 0.9409728 0.8371056 0.9409728 0.8371056 0.9409728 0.8371056 0.9409728 0.8371056 0.9409728 0.8371056 0.9409728 0.8371056 0.9409728 0.8371056 0.9409728 0.8371056 0.9409728 0.8371056 0.9409728 0.8371056 0.9409728 0.8371056 0.9409728 0.8371056 0.9409728 0.8371056 0.9409728 0.8371056 0.9409728 0.8371056 0.9409728 0.8371056 0.9409728 0.8371056 0.9417664 0.8371056 0.9417664 0.8371056 0.9417664 0.8371056 0.9417664 0.8371056 0.9417664 0.8371056 0.9417664 0.8371056 0.9417664 0.8371056 0.9417664 0.8371056 0.9417664 0.8371056 0.9417664 0.8371056 0.9417664 0.8371056 0.9417664 0.8371056 0.9417664 0.8371056 0.9417664 0.8371056 0.9417664 0.8371056 0.9417664 0.8371056 0.9417664 0.8371056 0.9417664 0.8371056 0.94256 0.8371056 0.94256 0.8371056 0.94256 0.8371056 0.94256 0.8371056 0.94256 0.8371056 0.94256 0.8371056 0.94256 0.8371056 0.94256 0.8371056 0.94256 0.8371056 0.94256 0.8371056 0.94256 0.8371056 0.94256 0.8371056 0.94256 0.8371056 0.94256 0.8371056 0.94256 0.8371056 0.94256 0.8371056 0.94256 0.8371056 0.94256 0.8371056 0.94256 0.8371056 0.94256 0.8371056 0.94256 0.8371056 0.94256 0.8371056 0.94256 0.8371056 0.94256 0.8371056 0.94256 0.8371056 0.94256 0.8371056 0.94256 0.8371056 0.94256 0.8371056 0.94256 0.8371056 0.94256 0.8553113 0.4212085 0.8487525 0.4266834 0.8468695 0.4198148 0.8449214 0.4410118 0.8607063 0.4522705 0.8389061 0.4489539 0.8543203 0.4295076 0.8449214 0.4410118 0.8472523 0.4288373 0.8371056 0.414451 0.8449214 0.4410118 0.8389061 0.4489539 0.8670029 0.414451 0.8553727 0.4413071 0.8543203 0.4295076 0.8533326 0.4276331 0.8670029 0.414451 0.8543203 0.4295076 0.8487525 0.4266834 0.8371056 0.414451 0.8468695 0.4198148 0.8533326 0.4276331 0.8472523 0.4288373 0.8487525 0.4266834 0.8468695 0.4198148 0.8670029 0.414451 0.8553113 0.4212085 0.8371056 0.9433536 0.8371056 0.9433536 0.8371056 0.9433536 0.8371056 0.9433536 0.8371056 0.9433536 0.8371056 0.9433536 0.8371056 0.9433536 0.8371056 0.9433536 0.8371056 0.9433536 0.8371056 0.9433536 0.8371056 0.9433536 0.8371056 0.9433536 0.8371056 0.9433536 0.8371056 0.9433536 0.8371056 0.9433536 0.8371056 0.9433536 0.8371056 0.9433536 0.8371056 0.9433536 0.8371056 0.9433536 0.8371056 0.9433536 0.8371056 0.9433536 0.8371056 0.9433536 0.8371056 0.9433536 0.8371056 0.9433536 0.8371056 0.9433536 0.8371056 0.9433536 0.8371056 0.9433536 0.8371056 0.9433536 0.8371056 0.9433536 0.8371056 0.9433536 0.8371056 0.9433536 0.8371056 0.9433536 0.8371056 0.9433536 0.8371056 0.9433536 0.8371056 0.9433536 0.8371056 0.9433536 0.8371056 0.9433536 0.8371056 0.9433536 0.8371056 0.9433536 0.8371056 0.9433536 0.8371056 0.9433536 0.8371056 0.9433536 0.8371056 0.9441471 0.8371056 0.9441471 0.8371056 0.9441471 0.8371056 0.9441471 0.8371056 0.9441471 0.8371056 0.9441471 0.8371056 0.9441471 0.8371056 0.9441471 0.8371056 0.9441471 0.8371056 0.9441471 0.8371056 0.9441471 0.8371056 0.9441471 0.8371056 0.9441471 0.8371056 0.9441471 0.8371056 0.9441471 0.8371056 0.9441471 0.8371056 0.9441471 0.8371056 0.9441471 0.8371056 0.9449407 0.8371056 0.9449407 0.8371056 0.9449407 0.8371056 0.9449407 0.8371056 0.9449407 0.8371056 0.9449407 0.8371056 0.9449407 0.8371056 0.9449407 0.8371056 0.9449407 0.8371056 0.9449407 0.8371056 0.9449407 0.8371056 0.9449407 0.8371056 0.9449407 0.8371056 0.9449407 0.8371056 0.9449407 0.8371056 0.9449407 0.8371056 0.9449407 0.8371056 0.9449407 0.8371056 0.9449407 0.8371056 0.9449407 0.8371056 0.9449407 0.8371056 0.9449407 0.8371056 0.9449407 0.8371056 0.9449407 0.8371056 0.9449407 0.8371056 0.9449407 0.8371056 0.9449407 0.8371056 0.9449407 0.8371056 0.9449407 0.8371056 0.9449407 0.8472613 0.6119865 0.8539539 0.6197436 0.8493109 0.6189662 0.8395099 0.6433339 0.8561392 0.6337154 0.8615052 0.6422663 0.8478329 0.6212226 0.8561392 0.6337154 0.8456732 0.6330309 0.8371056 0.6066147 0.8456732 0.6330309 0.8395099 0.6433339 0.8670252 0.6066147 0.8561392 0.6337154 0.8549922 0.6215724 0.8539539 0.6197436 0.8670252 0.6066147 0.8549922 0.6215724 0.8493109 0.6189662 0.8371056 0.6066147 0.8472613 0.6119865 0.8539539 0.6197436 0.8478329 0.6212226 0.8493109 0.6189662 0.8472613 0.6119865 0.8670252 0.6066147 0.8557842 0.6133251 0.8371056 0.9457343 0.8371056 0.9457343 0.8371056 0.9457343 0.8371056 0.9457343 0.8371056 0.9457343 0.8371056 0.9457343 0.8371056 0.9457343 0.8371056 0.9457343 0.8371056 0.9457343 0.8371056 0.9457343 0.8371056 0.9457343 0.8371056 0.9457343 0.8371056 0.9457343 0.8371056 0.9457343 0.8371056 0.9457343 0.8371056 0.9457343 0.8371056 0.9457343 0.8371056 0.9457343 0.8371056 0.9457343 0.8371056 0.9457343 0.8371056 0.9457343 0.8371056 0.9457343 0.8371056 0.9457343 0.8371056 0.9457343 0.8371056 0.9457343 0.8371056 0.9457343 0.8371056 0.9457343 0.8371056 0.9457343 0.8371056 0.9457343 0.8371056 0.9457343 0.8371056 0.9457343 0.8371056 0.9457343 0.8371056 0.9457343 0.8371056 0.9457343 0.8371056 0.9457343 0.8371056 0.9457343 0.8371056 0.9457343 0.8371056 0.9457343 0.8371056 0.9457343 0.8371056 0.9457343 0.8371056 0.9457343 0.8371056 0.9457343 0.8371056 0.9465278 0.8371056 0.9465278 0.8371056 0.9465278 0.8371056 0.9465278 0.8371056 0.9465278 0.8371056 0.9465278 0.8371056 0.9465278 0.8371056 0.9465278 0.8371056 0.9465278 0.8371056 0.9465278 0.8371056 0.9465278 0.8371056 0.9465278 0.8371056 0.9465278 0.8371056 0.9465278 0.8371056 0.9465278 0.8371056 0.9465278 0.8371056 0.9465278 0.8371056 0.9465278 0.8371056 0.9473213 0.8371056 0.9473213 0.8371056 0.9473213 0.8371056 0.9473213 0.8371056 0.9473213 0.8371056 0.9473213 0.8371056 0.9473213 0.8371056 0.9473213 0.8371056 0.9473213 0.8371056 0.9473213 0.8371056 0.9473213 0.8371056 0.9473213 0.8371056 0.9473213 0.8371056 0.9473213 0.8371056 0.9473213 0.8371056 0.9473213 0.8371056 0.9473213 0.8371056 0.9473213 0.8371056 0.9473213 0.8371056 0.9473213 0.8371056 0.9473213 0.8371056 0.9473213 0.8371056 0.9473213 0.8371056 0.9473213 0.8371056 0.9473213 0.8371056 0.9473213 0.8371056 0.9473213 0.8371056 0.9473213 0.8371056 0.9473213 0.8371056 0.9473213 0.8553113 0.3825954 0.8487525 0.3880703 0.8468695 0.3812017 0.8449217 0.4023987 0.8607063 0.4136574 0.8389061 0.4103407 0.8543203 0.3908945 0.8449217 0.4023987 0.8472524 0.3902242 0.8371056 0.3758379 0.8449217 0.4023987 0.8389061 0.4103407 0.8670029 0.3758379 0.8553727 0.402694 0.8543203 0.3908945 0.8533326 0.38902 0.8670029 0.3758379 0.8543203 0.3908945 0.8487525 0.3880703 0.8371056 0.3758379 0.8468695 0.3812017 0.8533326 0.38902 0.8472524 0.3902242 0.8487525 0.3880703 0.8468695 0.3812017 0.8670029 0.3758379 0.8553113 0.3825954 0.8371056 0.9481149 0.8371056 0.9481149 0.8371056 0.9481149 0.8371056 0.9481149 0.8371056 0.9481149 0.8371056 0.9481149 0.8371056 0.9481149 0.8371056 0.9481149 0.8371056 0.9481149 0.8371056 0.9481149 0.8371056 0.9481149 0.8371056 0.9481149 0.8371056 0.9481149 0.8371056 0.9481149 0.8371056 0.9481149 0.8371056 0.9481149 0.8371056 0.9481149 0.8371056 0.9481149 0.8371056 0.9481149 0.8371056 0.9481149 0.8371056 0.9481149 0.8371056 0.9481149 0.8371056 0.9481149 0.8371056 0.9481149 0.8371056 0.9481149 0.8371056 0.9481149 0.8371056 0.9481149 0.8371056 0.9481149 0.8371056 0.9481149 0.8371056 0.9481149 0.8371056 0.9481149 0.8371056 0.9481149 0.8371056 0.9481149 0.8371056 0.9481149 0.8371056 0.9481149 0.8371056 0.9481149 0.8371056 0.9481149 0.8371056 0.9481149 0.8371056 0.9481149 0.8371056 0.9481149 0.8371056 0.9481149 0.8371056 0.9481149 0.8371056 0.9489085 0.8371056 0.9489085 0.8371056 0.9489085 0.8371056 0.9489085 0.8371056 0.9489085 0.8371056 0.9489085 0.8371056 0.9489085 0.8371056 0.9489085 0.8371056 0.9489085 0.8371056 0.9489085 0.8371056 0.9489085 0.8371056 0.9489085 0.8371056 0.9489085 0.8371056 0.9489085 0.8371056 0.9489085 0.8371056 0.9489085 0.8371056 0.9489085 0.8371056 0.9489085 0.8371056 0.9497019 0.8371056 0.9497019 0.8371056 0.9497019 0.8371056 0.9497019 0.8371056 0.9497019 0.8371056 0.9497019 0.8371056 0.9497019 0.8371056 0.9497019 0.8371056 0.9497019 0.8371056 0.9497019 0.8371056 0.9497019 0.8371056 0.9497019 0.8371056 0.9497019 0.8371056 0.9497019 0.8371056 0.9497019 0.8371056 0.9497019 0.8371056 0.9497019 0.8371056 0.9497019 0.8371056 0.9497019 0.8371056 0.9497019 0.8371056 0.9497019 0.8371056 0.9497019 0.8371056 0.9497019 0.8371056 0.9497019 0.8371056 0.9497019 0.8371056 0.9497019 0.8371056 0.9497019 0.8371056 0.9497019 0.8371056 0.9497019 0.8371056 0.9497019 0.8553113 0.3053691 0.8487525 0.3108441 0.8468695 0.3039754 0.8449214 0.3251726 0.8607066 0.3364312 0.8389061 0.3331146 0.8543205 0.3136683 0.8449214 0.3251726 0.8472523 0.3129979 0.8371056 0.2986117 0.8449214 0.3251726 0.8389061 0.3331146 0.8670029 0.2986117 0.855373 0.3254679 0.8543205 0.3136683 0.8533329 0.3117938 0.8670029 0.2986117 0.8543205 0.3136683 0.8487525 0.3108441 0.8371056 0.2986117 0.8468695 0.3039754 0.8533329 0.3117938 0.8472523 0.3129979 0.8487525 0.3108441 0.8468695 0.3039754 0.8670029 0.2986117 0.8553113 0.3053691 0.8371056 0.9504956 0.8371056 0.9504956 0.8371056 0.9504956 0.8371056 0.9504956 0.8371056 0.9504956 0.8371056 0.9504956 0.8371056 0.9504956 0.8371056 0.9504956 0.8371056 0.9504956 0.8371056 0.9504956 0.8371056 0.9504956 0.8371056 0.9504956 0.8371056 0.9504956 0.8371056 0.9504956 0.8371056 0.9504956 0.8371056 0.9504956 0.8371056 0.9504956 0.8371056 0.9504956 0.8371056 0.9504956 0.8371056 0.9504956 0.8371056 0.9504956 0.8371056 0.9504956 0.8371056 0.9504956 0.8371056 0.9504956 0.8371056 0.9504956 0.8371056 0.9504956 0.8371056 0.9504956 0.8371056 0.9504956 0.8371056 0.9504956 0.8371056 0.9504956 0.8371056 0.9504956 0.8371056 0.9504956 0.8371056 0.9504956 0.8371056 0.9504956 0.8371056 0.9504956 0.8371056 0.9504956 0.8371056 0.9504956 0.8371056 0.9504956 0.8371056 0.9504956 0.8371056 0.9504956 0.8371056 0.9504956 0.8371056 0.9504956 0.8371056 0.9512891 0.8371056 0.9512891 0.8371056 0.9512891 0.8371056 0.9512891 0.8371056 0.9512891 0.8371056 0.9512891 0.8371056 0.9512891 0.8371056 0.9512891 0.8371056 0.9512891 0.8371056 0.9512891 0.8371056 0.9512891 0.8371056 0.9512891 0.8371056 0.9512891 0.8371056 0.9512891 0.8371056 0.9512891 0.8371056 0.9512891 0.8371056 0.9512891 0.8371056 0.9512891 0.8371056 0.9520826 0.8371056 0.9520826 0.8371056 0.9520826 0.8371056 0.9520826 0.8371056 0.9520826 0.8371056 0.9520826 0.8371056 0.9520826 0.8371056 0.9520826 0.8371056 0.9520826 0.8371056 0.9520826 0.8371056 0.9520826 0.8371056 0.9520826 0.8371056 0.9520826 0.8371056 0.9520826 0.8371056 0.9520826 0.8371056 0.9520826 0.8371056 0.9520826 0.8371056 0.9520826 0.8371056 0.9520826 0.8371056 0.9520826 0.8371056 0.9520826 0.8371056 0.9520826 0.8371056 0.9520826 0.8371056 0.9520826 0.8371056 0.9520826 0.8371056 0.9520826 0.8371056 0.9520826 0.8371056 0.9520826 0.8371056 0.9520826 0.8371056 0.9520826 0.8487974 0.2524477 0.8553562 0.2469726 0.8572389 0.2538413 0.859187 0.2326442 0.8434023 0.2213855 0.8652027 0.2247022 0.8497882 0.2441484 0.859187 0.2326442 0.8568562 0.2448188 0.8670029 0.2592051 0.859187 0.2326442 0.8652027 0.2247022 0.8371056 0.259205 0.8487361 0.232349 0.8497882 0.2441484 0.8507758 0.246023 0.8371056 0.259205 0.8497882 0.2441484 0.8553562 0.2469726 0.8670029 0.2592051 0.8572389 0.2538413 0.8507758 0.246023 0.8568562 0.2448188 0.8553562 0.2469726 0.8572389 0.2538413 0.8371056 0.259205 0.8487974 0.2524477 0.8371056 0.9528762 0.8371056 0.9528762 0.8371056 0.9528762 0.8371056 0.9528762 0.8371056 0.9528762 0.8371056 0.9528762 0.8371056 0.9528762 0.8371056 0.9528762 0.8371056 0.9528762 0.8371056 0.9528762 0.8371056 0.9528762 0.8371056 0.9528762 0.8371056 0.9528762 0.8371056 0.9528762 0.8371056 0.9528762 0.8371056 0.9528762 0.8371056 0.9528762 0.8371056 0.9528762 0.8371056 0.9528762 0.8371056 0.9528762 0.8371056 0.9528762 0.8371056 0.9528762 0.8371056 0.9528762 0.8371056 0.9528762 0.8371056 0.9528762 0.8371056 0.9528762 0.8371056 0.9528762 0.8371056 0.9528762 0.8371056 0.9528762 0.8371056 0.9528762 0.8371056 0.9528762 0.8371056 0.9528762 0.8371056 0.9528762 0.8371056 0.9528762 0.8371056 0.9528762 0.8371056 0.9528762 0.8371056 0.9528762 0.8371056 0.9528762 0.8371056 0.9528762 0.8371056 0.9528762 0.8371056 0.9528762 0.8371056 0.9528762 0.8371056 0.9536698 0.8371056 0.9536698 0.8371056 0.9536698 0.8371056 0.9536698 0.8371056 0.9536698 0.8371056 0.9536698 0.8371056 0.9536698 0.8371056 0.9536698 0.8371056 0.9536698 0.8371056 0.9536698 0.8371056 0.9536698 0.8371056 0.9536698 0.8371056 0.9536698 0.8371056 0.9536698 0.8371056 0.9536698 0.8371056 0.9536698 0.8371056 0.9536698 0.8371056 0.9536698 0.8371056 0.9544633 0.8371056 0.9544633 0.8371056 0.9544633 0.8371056 0.9544633 0.8371056 0.9544633 0.8371056 0.9544633 0.8371056 0.9544633 0.8371056 0.9544633 0.8371056 0.9544633 0.8371056 0.9544633 0.8371056 0.9544633 0.8371056 0.9544633 0.8371056 0.9544633 0.8371056 0.9544633 0.8371056 0.9544633 0.8371056 0.9544633 0.8371056 0.9544633 0.8371056 0.9544633 0.8371056 0.9544633 0.8371056 0.9544633 0.8371056 0.9544633 0.8371056 0.9544633 0.8371056 0.9544633 0.8371056 0.9544633 0.8371056 0.9544633 0.8371056 0.9544633 0.8371056 0.9544633 0.8371056 0.9544633 0.8371056 0.9544633 0.8371056 0.9544633 0.8558771 0.5755811 0.8494533 0.5811824 0.847363 0.5742546 0.8400542 0.605821 0.8565545 0.5959899 0.8620216 0.6044537 0.8551158 0.5838739 0.8461129 0.5954333 0.848007 0.5833829 0.8371056 0.5689033 0.8461129 0.5954333 0.8400542 0.605821 0.8669763 0.5689033 0.8565545 0.5959899 0.8551158 0.5838739 0.8540734 0.5820199 0.8669763 0.5689033 0.8551158 0.5838739 0.8494533 0.5811824 0.8371056 0.5689033 0.847363 0.5742546 0.8540734 0.5820199 0.848007 0.5833829 0.8494533 0.5811824 0.847363 0.5742546 0.8669763 0.5689033 0.8558771 0.5755811 0.8371056 0.9552568 0.8371056 0.9552568 0.8371056 0.9552568 0.8371056 0.9552568 0.8371056 0.9552568 0.8371056 0.9552568 0.8371056 0.9552568 0.8371056 0.9552568 0.8371056 0.9552568 0.8371056 0.9552568 0.8371056 0.9552568 0.8371056 0.9552568 0.8371056 0.9552568 0.8371056 0.9552568 0.8371056 0.9552568 0.8371056 0.9552568 0.8371056 0.9552568 0.8371056 0.9552568 0.8371056 0.9552568 0.8371056 0.9552568 0.8371056 0.9552568 0.8371056 0.9552568 0.8371056 0.9552568 0.8371056 0.9552568 0.8371056 0.9552568 0.8371056 0.9552568 0.8371056 0.9552568 0.8371056 0.9552568 0.8371056 0.9552568 0.8371056 0.9552568 0.8371056 0.9552568 0.8371056 0.9552568 0.8371056 0.9552568 0.8371056 0.9552568 0.8371056 0.9552568 0.8371056 0.9552568 0.8371056 0.9552568 0.8371056 0.9552568 0.8371056 0.9552568 0.8371056 0.9552568 0.8371056 0.9552568 0.8371056 0.9552568 0.8371056 0.9560504 0.8371056 0.9560504 0.8371056 0.9560504 0.8371056 0.9560504 0.8371056 0.9560504 0.8371056 0.9560504 0.8371056 0.9560504 0.8371056 0.9560504 0.8371056 0.9560504 0.8371056 0.9560504 0.8371056 0.9560504 0.8371056 0.9560504 0.8371056 0.9560504 0.8371056 0.9560504 0.8371056 0.9560504 0.8371056 0.9560504 0.8371056 0.9560504 0.8371056 0.9560504 0.8371056 0.956844 0.8371056 0.956844 0.8371056 0.956844 0.8371056 0.956844 0.8371056 0.956844 0.8371056 0.956844 0.8371056 0.956844 0.8371056 0.956844 0.8371056 0.956844 0.8371056 0.956844 0.8371056 0.956844 0.8371056 0.956844 0.8371056 0.956844 0.8371056 0.956844 0.8371056 0.956844 0.8371056 0.956844 0.8371056 0.956844 0.8371056 0.956844 0.8371056 0.956844 0.8371056 0.956844 0.8371056 0.956844 0.8371056 0.956844 0.8371056 0.956844 0.8371056 0.956844 0.8371056 0.956844 0.8371056 0.956844 0.8371056 0.956844 0.8371056 0.956844 0.8371056 0.956844 0.8371056 0.956844 0.8487972 0.1752208 0.8553562 0.169746 0.8572389 0.1766147 0.859187 0.155417 0.8434016 0.1441586 0.8652025 0.1474753 0.8497879 0.1669217 0.859187 0.155417 0.856856 0.1675919 0.8670029 0.1819781 0.859187 0.155417 0.8652025 0.1474753 0.8371055 0.1819784 0.8487353 0.155122 0.8497879 0.1669217 0.8507757 0.1687961 0.8371055 0.1819784 0.8497879 0.1669217 0.8553562 0.169746 0.8670029 0.1819781 0.8572389 0.1766147 0.8507757 0.1687961 0.856856 0.1675919 0.8553562 0.169746 0.8572389 0.1766147 0.8371055 0.1819784 0.8487972 0.1752208 0.4702156 0.4721303 0.4684591 0.5116032 0.4686325 0.4721226 0.5503963 0.5188972 0.5488235 0.47958 0.5503963 0.4795796 0.009281396 0.5725099 0.05552059 0.5607486 0.05226331 0.5808398 0.009048998 0.5737136 0.05226331 0.5808398 0.05203652 0.5820615 0.05606418 0.5582644 0.01297199 0.551649 0.01320046 0.5504031 9.90387e-5 0.6151646 0.05203652 0.5820615 0.04047656 0.6244922 0.06631451 0.3578164 0.02444702 0.3620446 0.02436381 0.3608838 0.06631451 0.3578164 0.02066195 0.3205875 0.06007993 0.3163896 0.02320641 0.4662601 0.06848531 0.4252984 0.06578028 0.4700339 0.05575072 0.5595106 0.01274508 0.5528845 0.01297199 0.551649 0.05606418 0.5582644 0.166271 0.5510793 0.14797 0.5882798 0.4199085 0.03991711 0.4297142 0.0767486 0.4129646 0.07598638 0.4188982 0.03982245 0.4129646 0.07598638 0.4119465 0.07588368 0.4119465 0.07588368 0.4025762 0.1121752 0.4015558 0.1120395 0.3773314 0.06749904 0.4015558 0.1120395 0.3676112 0.09995144 0.4307434 0.07684916 0.4384233 0.04122114 0.4318011 0.07709759 0.4204586 0.1131198 0.4318011 0.07709759 0.4215044 0.113469 0.4188982 0.03982245 0.3773314 0.06749904 0.3831994 0.034307 0.4129646 0.07598638 0.4194189 0.1129885 0.4025762 0.1121752 0.4204586 0.1131198 0.4297142 0.0767486 0.4307434 0.07684916 0.4307434 0.07684916 0.4363417 0.04098606 0.4373536 0.04107177 0.4054042 0.1495276 0.4025762 0.1121752 0.4194189 0.1129885 0.3871979 0.1479366 0.3693056 0.1837316 0.3682759 0.1834467 0.3871979 0.1479366 0.3368844 0.1633094 0.3540054 0.1319842 0.4015558 0.1120395 0.3882201 0.1481379 0.3871979 0.1479366 0.4015558 0.1120395 0.3540054 0.1319842 0.3676112 0.09995144 0.2455395 0.3180487 0.3290038 0.2613199 0.2461339 0.3190832 0.4294045 0.1908715 0.4074804 0.1501693 0.4716468 0.153481 0.1739906 0.3987813 0.2781902 0.3725128 0.190954 0.4309025 0.1918885 0.4328633 0.2870507 0.3858916 0.2027719 0.4495203 0.1581357 0.3596936 0.2461339 0.3190832 0.1585294 0.3608616 0.2781902 0.3725128 0.3588583 0.2820352 0.3879445 0.3000447 0.4074804 0.1501693 0.4204586 0.1131198 0.4215044 0.113469 0.2449935 0.3171121 0.3143948 0.2507816 0.3273823 0.2597712 0.4278005 0.2538493 0.3879445 0.3000447 0.4284543 0.2512401 0.2618008 0.3457424 0.3290038 0.2613199 0.3577134 0.2812223 0.06740033 0.3798481 0.1585294 0.3608616 0.06756883 0.381077 0.3282014 0.2604476 0.3889753 0.1868669 0.3290038 0.2613199 0.2033339 0.4504038 0.2996718 0.4071168 0.2265619 0.4598952 0.2366397 0.302549 0.1400738 0.3003011 0.2180547 0.2682271 0.3135892 0.2501304 0.2180547 0.2682271 0.2877781 0.2217447 0.2781902 0.3725128 0.1914182 0.4318434 0.190954 0.4309025 0.3890528 0.3011404 0.2781902 0.3725128 0.3879445 0.3000447 0.2870507 0.3858916 0.3898693 0.3018407 0.4055032 0.3128789 0.1529085 0.3408927 0.2449935 0.3171121 0.1577913 0.3585672 0.1914182 0.4318434 0.06578028 0.4700339 0.190954 0.4309025 0.2875674 0.3866203 0.2027719 0.4495203 0.2870507 0.3858916 0.2793316 0.3742215 0.1914182 0.4318434 0.2787822 0.3734071 0.3890528 0.3011404 0.2793316 0.3742215 0.2787822 0.3734071 0.4272834 0.2559245 0.3890528 0.3011404 0.4278005 0.2538493 0.1581357 0.3596936 0.06731075 0.3786232 0.1577913 0.3585672 0.2455395 0.3180487 0.1577913 0.3585672 0.2449935 0.3171121 0.3273823 0.2597712 0.2455395 0.3180487 0.2449935 0.3171121 0.386909 0.1859347 0.3282014 0.2604476 0.3273823 0.2597712 0.2371568 0.3034601 0.1526131 0.3397806 0.2366397 0.302549 0.3135892 0.2501304 0.2371568 0.3034601 0.2366397 0.302549 0.2625389 0.3469294 0.1733625 0.3972866 0.2618008 0.3457424 0.3577134 0.2812223 0.2625389 0.3469294 0.2618008 0.3457424 0.3534914 0.6958128 0.3817625 0.7978662 0.3212616 0.7138411 0.1585294 0.3608616 0.2618008 0.3457424 0.1733625 0.3972866 0.4373536 0.04107177 0.4396741 0.005750656 0.440684 0.005832672 0.4199085 0.03991711 0.4226661 0.00446397 0.4236603 0.004556119 0.4373536 0.04107177 0.4417209 0.005930483 0.4384233 0.04122114 0.4363417 0.04098606 0.4236603 0.004556119 0.4396741 0.005750656 0.3831994 0.034307 0.4226661 0.00446397 0.4188982 0.03982245 0.3682759 0.1834467 0.2877781 0.2217447 0.3368844 0.1633094 0.4697676 0.835253 0.4153763 0.877618 0.4006471 0.8378363 0.4064642 0.1497198 0.4194189 0.1129885 0.4204586 0.1131198 0.2027719 0.4495203 0.1623008 0.4718644 0.1564096 0.4719423 0.1623008 0.4718644 0.2265619 0.4598952 0.2227605 0.4708719 0.4260345 0.7316897 0.4689383 0.7124792 0.4690437 0.7526293 0.4710052 0.7941571 0.4690437 0.7526293 0.4706795 0.7526223 0.4722933 0.1155881 0.4744303 0.07872253 0.4737877 0.1156138 0.5488236 0.04707968 0.5503963 0.007761299 0.5503963 0.04707962 0.4729726 0.07869327 0.475206 0.04269862 0.4744303 0.07872253 0.5503963 0.1650345 0.5488235 0.1257162 0.5503963 0.1257162 0.5488235 0.47958 0.511078 0.9907162 0.5110779 0.007761359 0.511078 0.9907162 0.5095053 0.007761418 0.5110779 0.007761359 0.4686325 0.4721226 0.4704139 0.432542 0.4702156 0.4721303 0.4700985 0.5511155 0.4700334 0.5116047 0.5095053 0.9907162 0.5503963 0.4795796 0.5488235 0.440262 0.5503962 0.4402619 0.511078 0.9907162 0.5488236 0.518897 0.5488236 0.5582154 0.4693223 0.3520015 0.4713098 0.3112505 0.4709489 0.3520143 0.5488235 0.4009438 0.5503962 0.3616257 0.5503962 0.4009438 0.511078 0.9907162 0.5488237 0.7154876 0.5488237 0.7367196 0.5095053 0.9907162 0.4706795 0.7526223 0.4705578 0.7124726 0.5488237 0.7367196 0.5488236 0.7548061 0.511078 0.9907162 0.471396 0.8352352 0.4693534 0.7941721 0.4710052 0.7941571 0.4318011 0.07709759 0.4722933 0.1155881 0.4215044 0.113469 0.4384233 0.04122114 0.4729726 0.07869327 0.4318011 0.07709759 0.4384233 0.04122114 0.4417209 0.005930483 0.4737807 0.04266113 0.3879836 0.1862249 0.4074804 0.1501693 0.3889753 0.1868669 0.4718509 0.8756122 0.4697676 0.835253 0.471396 0.8352352 0.5488235 0.08639794 0.5503963 0.04707962 0.5503963 0.08639794 0.433581 0.9553105 0.4716008 0.9536455 0.437335 0.9931963 0.4708216 0.9150899 0.433581 0.9553105 0.4263793 0.9167606 0.4737807 0.04266113 0.4763098 0.007421553 0.475206 0.04269862 0.511078 0.9907162 0.5488237 0.6761695 0.5488237 0.7154876 0.5503963 0.1257162 0.5488235 0.08639794 0.5503963 0.08639794 0.5488235 0.9120793 0.5488235 0.9513977 0.511078 0.9907162 0.4737807 0.04266113 0.4417209 0.005930483 0.474901 0.00737816 0.5095053 0.007761418 0.4700334 0.5116047 0.4702156 0.4721303 0.3889753 0.1868669 0.4074804 0.1501693 0.4277939 0.1907159 0.4702727 0.631083 0.4701765 0.5909363 0.5095053 0.9907162 0.4704809 0.2320046 0.4726023 0.1923106 0.4720575 0.2320215 0.511078 0.9907162 0.5488236 0.5582154 0.5488236 0.5975335 0.511078 0.9907162 0.5488237 0.7941242 0.5488236 0.8334426 0.5488235 0.2043528 0.5503963 0.1650345 0.5503962 0.2043527 0.5503963 0.243671 0.5488235 0.2043528 0.5503962 0.2043527 0.4688199 0.4325337 0.4706529 0.3925159 0.4704139 0.432542 0.4710052 0.7941571 0.4706795 0.7526223 0.5095053 0.9907162 0.4718509 0.8756122 0.471396 0.8352352 0.5095053 0.9907162 0.5488235 0.440262 0.5503962 0.4009438 0.5503962 0.4402619 0.650916 0.9907157 0.6104183 0.007761359 0.650916 0.007761299 0.5889282 0.00776124 0.5901077 0.9907157 0.5889282 0.9907157 0.6104183 0.9907157 0.6093062 0.007761299 0.6104183 0.007761359 0.5503963 0.4795796 0.5889282 0.9907157 0.5503963 0.5188972 0.4731245 0.9536052 0.4723812 0.9150633 0.5095053 0.9907162 0.469041 0.3925058 0.4709489 0.3520143 0.4706529 0.3925159 0.511078 0.9907162 0.5488237 0.6368516 0.5488237 0.6761695 0.5095053 0.9907162 0.4703978 0.6716109 0.4702727 0.631083 0.5503962 0.3616257 0.5488234 0.3223076 0.5503962 0.3223076 0.511078 0.9907162 0.5488236 0.5975335 0.5488237 0.6368516 0.5912199 0.9907157 0.5901077 0.00776124 0.5912199 0.007761299 0.4700985 0.5511155 0.5095053 0.9907162 0.4701765 0.5909363 0.5889282 0.9907157 0.5503965 0.5582154 0.5503963 0.5188972 0.5503964 0.7154877 0.5889282 0.9907157 0.5503964 0.7367196 0.5889282 0.9907157 0.5503964 0.6368515 0.5503964 0.5975334 0.5889282 0.9907157 0.5503964 0.7941243 0.5503964 0.754806 0.5889282 0.9907157 0.5503963 0.872761 0.5503963 0.8334426 0.5889282 0.9907157 0.5503963 0.8334426 0.5503964 0.7941243 0.5889282 0.9907157 0.5503964 0.754806 0.5503964 0.7367196 0.5095053 0.9907162 0.471396 0.8352352 0.4710052 0.7941571 0.511078 0.9907162 0.5488236 0.7548061 0.5488237 0.7941242 0.5889282 0.9907157 0.5503963 0.9513976 0.5503963 0.9120793 0.5889282 0.9907157 0.5503964 0.7154877 0.5503965 0.6761695 0.3577134 0.2812223 0.3889753 0.1868669 0.4277939 0.1907159 0.511078 0.9907162 0.5488236 0.8334426 0.5488236 0.872761 0.5503962 0.2617575 0.5488235 0.2436711 0.5503963 0.243671 0.5503962 0.3223076 0.5488235 0.2829892 0.5503962 0.2829892 0.4731792 0.1535061 0.4722933 0.1155881 0.4737877 0.1156138 0.4716468 0.153481 0.4215044 0.113469 0.4722933 0.1155881 0.4263793 0.9167606 0.470255 0.8756331 0.4708216 0.9150899 0.4277939 0.1907159 0.3588583 0.2820352 0.3577134 0.2812223 0.5488235 0.2829892 0.5503962 0.2617575 0.5503962 0.2829892 0.511078 0.9907162 0.5488236 0.872761 0.5488235 0.9120793 0.5889282 0.9907157 0.5503965 0.6761695 0.5503964 0.6368515 0.5095053 0.9907162 0.4723812 0.9150633 0.4718509 0.8756122 0.5889282 0.9907157 0.5503964 0.5975334 0.5503965 0.5582154 0.5889282 0.9907157 0.5503963 0.9120793 0.5503963 0.872761 0.5503963 0.9513976 0.5889282 0.9907157 0.5503964 0.9907159 0.4284543 0.2512401 0.4704809 0.2320046 0.4701197 0.2709994 0.511078 0.9907162 0.5488235 0.9513977 0.5488237 0.9907159 0.4311021 0.2711766 0.4272834 0.2559245 0.4278005 0.2538493 0.6093062 0.007761299 0.5912199 0.9907157 0.5912199 0.007761299 0.4311021 0.2711766 0.4284543 0.2512401 0.4320845 0.2711526 0.2571336 0.614008 0.14797 0.5882798 0.166271 0.5510793 0.4706795 0.7526223 0.4689383 0.7124792 0.4705578 0.7124726 0.4241349 0.9171363 0.4136584 0.9567973 0.4060686 0.9179697 0.4125714 0.9569036 0.4060686 0.9179697 0.4136584 0.9567973 0.4049705 0.9180812 0.3949026 0.8788537 0.4060686 0.9179697 0.3937968 0.8789935 0.3674551 0.9272338 0.3567849 0.8919255 0.433581 0.9553105 0.4252418 0.917028 0.4263793 0.9167606 0.4263793 0.9167606 0.4142544 0.8779843 0.4153763 0.877618 0.3674551 0.9272338 0.4125714 0.9569036 0.3740632 0.9630817 0.4131327 0.8781192 0.4060686 0.9179697 0.3949026 0.8788537 0.4142544 0.8779843 0.4241349 0.9171363 0.4131327 0.8781192 0.4252418 0.917028 0.4313455 0.9555706 0.4241349 0.9171363 0.3983593 0.8385039 0.3949026 0.8788537 0.3797574 0.8396537 0.3786429 0.8398491 0.3603607 0.8003591 0.3797574 0.8396537 0.3421112 0.8565793 0.359227 0.8006202 0.3786429 0.8398491 0.3937968 0.8789935 0.3797574 0.8396537 0.3949026 0.8788537 0.3567849 0.8919255 0.3786429 0.8398491 0.3937968 0.8789935 0.3212616 0.7138411 0.2365128 0.6430227 0.2372649 0.6419687 0.4260345 0.7316897 0.4690437 0.7526293 0.4250064 0.7951405 0.2779556 0.5854141 0.1670613 0.5495642 0.1885898 0.5130996 0.2892435 0.5715276 0.1897182 0.5110976 0.2025132 0.4925383 0.2372649 0.6419687 0.1474347 0.5894674 0.14797 0.5882798 0.2779556 0.5854141 0.3547834 0.6950442 0.2580553 0.6127982 0.4142544 0.8779843 0.4006471 0.8378363 0.4153763 0.877618 0.2358232 0.6439757 0.3045321 0.7239314 0.2258629 0.6579781 0.3866899 0.6794651 0.4254816 0.7289646 0.4260345 0.7316897 0.2571336 0.614008 0.3212616 0.7138411 0.2372649 0.6419687 0.1733625 0.3972866 0.06756883 0.381077 0.1585294 0.3608616 0.3817625 0.7978662 0.3203209 0.7147171 0.3212616 0.7138411 0.3064674 0.5462208 0.2031618 0.4915763 0.2325406 0.4805804 0.1219964 0.6511319 0.2252032 0.6589056 0.2018789 0.6932609 0.2728498 0.7531193 0.2252032 0.6589056 0.3035991 0.7245712 0.2779556 0.5854141 0.1891485 0.5121463 0.2787076 0.584512 0.2779556 0.5854141 0.3879341 0.678392 0.3866899 0.6794651 0.2358232 0.6439757 0.1400406 0.6087087 0.1469552 0.5906156 0.2025132 0.4925383 0.2899001 0.5707932 0.2892435 0.5715276 0.1891485 0.5121463 0.2794041 0.5836914 0.2787076 0.584512 0.3879341 0.678392 0.2794041 0.5836914 0.3888526 0.6777346 0.3879341 0.678392 0.4250462 0.7267965 0.4254816 0.7289646 0.1469552 0.5906156 0.2365128 0.6430227 0.2358232 0.6439757 0.3193773 0.7153801 0.2365128 0.6430227 0.3203209 0.7147171 0.3795037 0.7987753 0.3203209 0.7147171 0.3806752 0.7985107 0.139608 0.6098471 0.2258629 0.6579781 0.2252032 0.6589056 0.3035991 0.7245712 0.2258629 0.6579781 0.3045321 0.7239314 0.166271 0.5510793 0.2580553 0.6127982 0.2571336 0.614008 0.3534914 0.6958128 0.2580553 0.6127982 0.3547834 0.6950442 0.4233028 0.7952437 0.3547834 0.6950442 0.4250064 0.7951405 0.4324327 0.9554748 0.4351021 0.9934042 0.4313455 0.9555706 0.4136584 0.9567973 0.4168246 0.9949125 0.4125714 0.9569036 0.437335 0.9931963 0.4324327 0.9554748 0.433581 0.9553105 0.4313455 0.9555706 0.4178934 0.9948075 0.4136584 0.9567973 0.4125714 0.9569036 0.3789073 0.9999009 0.3740632 0.9630817 0.2728498 0.7531193 0.359227 0.8006202 0.3239369 0.8213745 0.3995057 0.8383179 0.4131327 0.8781192 0.3983593 0.8385039 0.4743911 0.9912797 0.4716008 0.9536455 0.4731245 0.9536052 0.5503964 0.9907159 0.5488235 0.9513977 0.5503963 0.9513976 0.5503963 0.872761 0.5488236 0.8334426 0.5503963 0.8334426 0.4703978 0.6716109 0.4686588 0.631087 0.4702727 0.631083 0.5503964 0.6368515 0.5488236 0.5975335 0.5503964 0.5975334 0.4006471 0.8378363 0.3806752 0.7985107 0.3817625 0.7978662 0.4731245 0.9536052 0.4708216 0.9150899 0.4723812 0.9150633 0.5503963 0.9513976 0.5488235 0.9120793 0.5503963 0.9120793 0.4723812 0.9150633 0.470255 0.8756331 0.4718509 0.8756122 0.5503963 0.9120793 0.5488236 0.872761 0.5503963 0.872761 0.5503963 0.8334426 0.5488237 0.7941242 0.5503964 0.7941243 0.5503964 0.754806 0.5488237 0.7941242 0.5488236 0.7548061 0.4701765 0.5909363 0.4685109 0.551118 0.4700985 0.5511155 0.5503964 0.5975334 0.5488236 0.5582154 0.5503965 0.5582154 0.4710333 0.192287 0.4731792 0.1535061 0.4726023 0.1923106 0.5110779 0.007761359 0.5488235 0.2617574 0.5488235 0.2829892 0.4702727 0.631083 0.4685764 0.5909394 0.4701765 0.5909363 0.5503965 0.6761695 0.5488237 0.6368516 0.5503964 0.6368515 0.5095053 0.007761418 0.4717035 0.2710161 0.4720575 0.2320215 0.5488235 0.2617574 0.5110779 0.007761359 0.5488235 0.2436711 0.4294045 0.1908715 0.4716468 0.153481 0.4710333 0.192287 0.5110779 0.007761359 0.5488235 0.2829892 0.5488234 0.3223076 0.5488235 0.08639794 0.5110779 0.007761359 0.5488236 0.04707968 0.4709489 0.3520143 0.5095053 0.007761418 0.4706529 0.3925159 0.5110779 0.007761359 0.5488235 0.4009438 0.5488235 0.440262 0.5110779 0.007761359 0.5488235 0.1650345 0.5488235 0.2043528 0.4726023 0.1923106 0.5095053 0.007761418 0.4720575 0.2320215 0.4737877 0.1156138 0.5095053 0.007761418 0.4731792 0.1535061 0.4716008 0.9536455 0.4728869 0.9913305 0.437335 0.9931963 0.5503964 0.754806 0.5488237 0.7367196 0.5503964 0.7367196 0.5503964 0.7154877 0.5488237 0.6761695 0.5503965 0.6761695 0.4704809 0.2320046 0.4294045 0.1908715 0.4710333 0.192287 0.4250064 0.7951405 0.4006471 0.8378363 0.4233028 0.7952437 0.4697676 0.835253 0.4250064 0.7951405 0.4693534 0.7941721 0.5503964 0.7367196 0.5488237 0.7154876 0.5503964 0.7154877 0.5095053 0.9907162 0.4743911 0.9912797 0.4731245 0.9536052 0.475206 0.04269862 0.5095053 0.007761418 0.4744303 0.07872253 0.5110779 0.007761359 0.5488234 0.3223076 0.5488235 0.3616257 0.5095053 0.007761418 0.4709489 0.3520143 0.4713098 0.3112505 0.5110779 0.007761359 0.5488235 0.3616257 0.5488235 0.4009438 0.3817625 0.7978662 0.4233028 0.7952437 0.4006471 0.8378363 0.4296639 0.7112866 0.4250462 0.7267965 0.4285572 0.7112053 0.4704139 0.432542 0.4706529 0.3925159 0.5095053 0.007761418 0.4260345 0.7316897 0.4296639 0.7112866 0.4306687 0.7113519 0.0618903 0.5138012 0.1885898 0.5130996 0.1670613 0.5495642 0.4693534 0.7941721 0.4250064 0.7951405 0.4690437 0.7526293 0.06578028 0.4700339 0.1739906 0.3987813 0.190954 0.4309025 0.01888203 0.5100796 0.05606418 0.5582644 0.01320046 0.5504031 0.02553367 0.3836141 0.06740033 0.3798481 0.06756883 0.381077 0.02320641 0.4662601 0.06578028 0.4700339 0.023117 0.4674583 0.02553367 0.3836141 0.06844669 0.423556 0.02533662 0.4234265 0.1564096 0.4719423 0.1918885 0.4328633 0.2027719 0.4495203 0.1914182 0.4318434 0.07343107 0.4701704 0.06980061 0.4701071 0.14797 0.5882798 0.05575072 0.5595106 0.05606418 0.5582644 0.06578028 0.4700339 0.1891485 0.5121463 0.1885898 0.5130996 0.1564096 0.4719423 0.1897182 0.5110976 0.07343107 0.4701704 0.1891485 0.5121463 0.07343107 0.4701704 0.1897182 0.5110976 0.2025132 0.4925383 0.1623008 0.4718644 0.2031618 0.4915763 0.2325406 0.4805804 0.1623008 0.4718644 0.2227605 0.4708719 0.4704139 0.432542 0.5095053 0.007761418 0.4702156 0.4721303 0.5110779 0.007761359 0.5488235 0.440262 0.5488235 0.47958 0.5095053 0.007761418 0.4726023 0.1923106 0.4731792 0.1535061 0.5110779 0.007761359 0.5488235 0.2043528 0.5488235 0.2436711 0.5110779 0.007761359 0.5488235 0.1257162 0.5488235 0.1650345 0.023117 0.4674583 0.0618903 0.5138012 0.0190972 0.5083706 0.5110779 0.007761359 0.5488235 0.08639794 0.5488235 0.1257162 0.4700985 0.5511155 0.4684591 0.5116032 0.4700334 0.5116047 0.5503963 0.5188972 0.5488236 0.5582154 0.5488236 0.518897 0.06731075 0.3786232 0.02444702 0.3620446 0.06640148 0.3590072 0.0190972 0.5083706 0.06166362 0.5155411 0.01888203 0.5100796 0.02533662 0.4234265 0.06848531 0.4252984 0.02532613 0.425148 0.3882201 0.1481379 0.386909 0.1859347 0.3693056 0.1837316 0.3879836 0.1862249 0.4054042 0.1495276 0.4064642 0.1497198 0.3273823 0.2597712 0.3693056 0.1837316 0.386909 0.1859347 0.06640148 0.3590072 0.1577913 0.3585672 0.06731075 0.3786232 0.1526131 0.3397806 0.06007993 0.3163896 0.1400738 0.3003011 0.1529085 0.3408927 0.06631451 0.3578164 0.1526131 0.3397806 0.1739906 0.3987813 0.06844669 0.423556 0.1733625 0.3972866 0.3682759 0.1834467 0.3143948 0.2507816 0.3135892 0.2501304 0.3795037 0.7987753 0.3797574 0.8396537 0.3603607 0.8003591 0.3806752 0.7985107 0.3983593 0.8385039 0.3795037 0.7987753 0.3193773 0.7153801 0.3603607 0.8003591 0.3045321 0.7239314 0.1469552 0.5906156 0.05226331 0.5808398 0.05552059 0.5607486 0.04047656 0.6244922 0.139608 0.6098471 0.1219964 0.6511319 0.05203652 0.5820615 0.1400406 0.6087087 0.139608 0.6098471 0.06166362 0.5155411 0.1670613 0.5495642 0.166271 0.5510793 0.359227 0.8006202 0.3045321 0.7239314 0.3603607 0.8003591 0.02538663 0.3811187 0.06740033 0.3798481 0.02545768 0.3823298 0.05552059 0.5607486 0.1474347 0.5894674 0.1469552 0.5906156 0.4044007 0.3148242 0.4060033 0.6682096 0.4050498 0.6660093 0.4264199 0.3103867 0.4060033 0.6682096 0.4055032 0.3128789 0.4289596 0.6713632 0.4275518 0.3104349 0.4287502 0.3104856 0.3641455 0.5837609 0.4044007 0.3148242 0.4050498 0.6660093 0.4686325 0.4721226 0.4289596 0.6713632 0.4287502 0.3104856 0.4277553 0.6713885 0.4264199 0.3103867 0.4275518 0.3104349 0.4684591 0.5116032 0.4685109 0.551118 0.4289596 0.6713632 0.2996718 0.4071168 0.4044007 0.3148242 0.3734744 0.382639 0.4044007 0.3148242 0.2870507 0.3858916 0.4055032 0.3128789 0.4686325 0.4721226 0.4287502 0.3104856 0.4688199 0.4325337 0.469041 0.3925058 0.4287502 0.3104856 0.4693223 0.3520015 0.4287502 0.3104856 0.4696884 0.3112344 0.4693223 0.3520015 0.4287502 0.3104856 0.469041 0.3925058 0.4688199 0.4325337 0.4287502 0.3104856 0.4701197 0.2709994 0.4696884 0.3112344 0.4287502 0.3104856 0.4311021 0.2711766 0.4320845 0.2711526 0.4264199 0.3103867 0.4311021 0.2711766 0.4275518 0.3104349 0.4300174 0.2712075 0.4264199 0.3103867 0.4055032 0.3128789 0.3064674 0.5462208 0.4050498 0.6660093 0.2899001 0.5707932 0.2892435 0.5715276 0.3888526 0.6777346 0.2794041 0.5836914 0.2892435 0.5715276 0.4050498 0.6660093 0.4060033 0.6682096 0.4289596 0.6713632 0.4686588 0.631087 0.4687703 0.6716161 0.4289596 0.6713632 0.4685109 0.551118 0.4685764 0.5909394 0.4685764 0.5909394 0.4686588 0.631087 0.4289596 0.6713632 0.4284543 0.2512401 0.3588583 0.2820352 0.4294045 0.1908715 0.4306687 0.7113519 0.4277553 0.6713885 0.4289596 0.6713632 0.4296639 0.7112866 0.4266188 0.6714126 0.4277553 0.6713885 0.4060033 0.6682096 0.4266188 0.6714126 0.4285572 0.7112053 0.5095053 0.007761418 0.4737877 0.1156138 0.4744303 0.07872253 0.5110779 0.007761359 0.5488234 0.007761418 0.5488236 0.04707968 0.5095053 0.007761418 0.475206 0.04269862 0.4763098 0.007421553 0.5503963 0.04707962 0.5503963 0.007761299 0.5889282 0.00776124 0.5889282 0.00776124 0.5503963 0.1257162 0.5503963 0.08639794 0.5889282 0.00776124 0.5503962 0.4402619 0.5503962 0.4009438 0.5889282 0.00776124 0.5503962 0.3616257 0.5503962 0.3223076 0.5889282 0.00776124 0.5503962 0.3223076 0.5503962 0.2829892 0.5889282 0.00776124 0.5503963 0.08639794 0.5503963 0.04707962 0.5889282 0.00776124 0.5503962 0.2617575 0.5503963 0.243671 0.5889282 0.00776124 0.5503962 0.2043527 0.5503963 0.1650345 0.5889282 0.00776124 0.5503963 0.1650345 0.5503963 0.1257162 0.5889282 0.00776124 0.5503963 0.243671 0.5503962 0.2043527 0.5889282 0.00776124 0.5503963 0.4795796 0.5503962 0.4402619 0.5889282 0.00776124 0.5503962 0.4009438 0.5503962 0.3616257 0.5503962 0.2829892 0.5503962 0.2617575 0.5889282 0.00776124 0.4701197 0.2709994 0.4720575 0.2320215 0.4717035 0.2710161 0.4705578 0.7124726 0.4703978 0.6716109 0.5095053 0.9907162 0.4696884 0.3112344 0.4717035 0.2710161 0.4713098 0.3112505 0.4320845 0.2711526 0.4284543 0.2512401 0.4701197 0.2709994 0.4717035 0.2710161 0.5095053 0.007761418 0.4713098 0.3112505 0.4705578 0.7124726 0.4687703 0.6716161 0.4703978 0.6716109 0.4306687 0.7113519 0.4689383 0.7124792 0.4260345 0.7316897 0.4689383 0.7124792 0.4289596 0.6713632 0.4687703 0.6716161 0.625 0.8750001 0.625 0.8750001 0.625 0.8750001 0.625 0.8750001 0.625 0.8750001 0.625 0.8750001 0.625 0.8750001 0.625 0.8750001 0.625 0.8750001 0.625 0.8750001 0.625 0.8750001 0.625 0.8750001 0.625 0.8750001 0.625 0.8750001 0.625 0.8750001 0.625 0.8750001 0.625 0.8750001 0.625 0.8750001 0.625 0.8750001 0.625 0.8750001 0.625 0.8750001 0.625 0.8750001 0.625 0.8750001 0.625 0.8750001 0.625 0.8750001 0.625 0.8750001 0.625 0.8750001 0.625 0.8750001 0.625 0.8750001 0.625 0.8750001 0.625 0.8750001 0.625 0.8750001 0.625 0.8750001 0.625 0.8750001 0.625 0.8750001 0.625 0.8750001 0.625 0.8750001 0.625 0.8750001 0.625 0.8750001 0.625 0.8750001 0.625 0.8750001 0.625 0.8750001 0.625 0.8750001 0.625 0.8750001 0.625 0.8750001 0.625 0.8750001 0.625 0.8750001 0.625 0.8750001 0.625 0.8750001 0.625 0.8750001 0.625 0.8750001 0.625 0.8750001 0.625 0.8750001 0.625 0.8750001 0.625 0.8750001 0.625 0.8750001 0.625 0.8750001 0.625 0.8750001 0.625 0.8750001 0.625 0.8750001 0.625 0.8750001 0.625 0.8750001 0.625 0.8750001 0.625 0.8750001 0.625 0.8750001 0.625 0.8750001 0.625 0.8750001 0.625 0.8750001 0.625 0.8750001 0.625 0.8750001 0.625 0.8750001 0.625 0.8750001 0.625 0.8750001 0.625 0.8750001 0.625 0.8750001 0.625 0.8750001 0.625 0.8750001 0.625 0.8750001 0.625 0.8750001 0.625 0.8750001 0.625 0.8750001 0.625 0.8750001 0.625 0.8750001 0.625 0.8750001 0.625 0.8750001 0.625 0.8750001 0.625 0.8750001 0.625 0.8750001 0.625 0.8750001 0.625 0.8750001 0.625 0.8750001 0.625 0.8750001 0.625 0.8750001 0.625 0.8750001 0.625 0.8750001 0.625 0.8750001 0.625 0.8750001 0.625 0.8750001 0.625 0.8750001 0.625 0.8750001 0.625 0.8750001 0.625 0.8750001 0.625 0.8750001 0.625 0.8750001 0.625 0.8750001 0.625 0.8750001 0.625 0.8750001 0.625 0.8750001 0.625 0.8750001 0.625 0.8750001 0.625 0.8750001 0.625 0.8750001 0.625 0.8750001 0.625 0.8750001 0.625 0.8750001 0.625 0.8750001 0.625 0.8750001 0.625 0.8750001 0.625 0.8750001 0.625 0.8750001 0.625 0.8750001 0.625 0.8750001 0.625 0.8750001 0.625 0.8750001 0.625 0.8750001 0.625 0.8750001 0.625 0.8750001 0.625 0.8750001 0.625 0.8750001 0.625 0.8750001 0.625 0.8750001 0.625 0.8750001 0.625 0.8750001 0.625 0.8750001 0.625 0.8750001 0.625 0.8750001 0.625 0.8750001 0.625 0.8750001 0.625 0.8750001 0.625 0.8750001 0.625 0.8750001 0.625 0.8750001 0.625 0.8750001 0.625 0.8750001 0.625 0.8750001 0.625 0.8750001 0.625 0.8750001 0.625 0.8750001 0.625 0.8750001 0.625 0.8750001 0.625 0.8750001 0.625 0.8750001 0.625 0.8750001 0.625 0.8750001 0.625 0.8750001 0.625 0.8750001 0.625 0.8750001 0.625 0.8750001 0.625 0.8750001 0.625 0.8750001 0.625 0.8750001 0.625 0.8750001 0.625 0.8750001 0.625 0.8750001 0.625 0.8750001 0.625 0.8750001 0.625 0.8750001 0.625 0.8750001 0.625 0.8750001 0.625 0.8750001 0.625 0.8750001 0.625 0.8750001 0.625 0.8750001 0.625 0.8750001 0.625 0.8750001 0.625 0.8750001 0.625 0.8750001 0.625 0.8750001 0.625 0.8750001 0.625 0.8750001 0.625 0.8750001 0.625 0.8750001 0.625 0.8750001 0.625 0.8750001 0.625 0.8750001 0.625 0.8750001 0.625 0.8750001 0.625 0.8750001 0.625 0.8750001 0.625 0.8750001 0.625 0.8750001 0.625 0.8750001 0.625 0.8750001 0.625 0.8750001 0.625 0.8750001 0.625 0.8750001 0.625 0.8750001 0.625 0.8750001 0.625 0.8750001 0.625 0.8750001 0.625 0.8750001 0.625 0.8750001 0.625 0.8750001 0.625 0.8750001 0.625 0.8750001 0.625 0.8750001 0.625 0.8750001 0.625 0.8750001 0.625 0.8750001 0.625 0.8750001 0.625 0.8750001 0.625 0.8750001 0.625 0.8750001 0.625 0.8750001 0.625 0.8750001 0.625 0.8750001 0.625 0.8750001 0.625 0.8750001 0.625 0.8750001 0.625 0.8750001 0.625 0.8750001 0.625 0.8750001 0.625 0.8750001 0.625 0.8750001 0.625 0.8750001 0.625 0.8750001 0.625 0.8750001 0.625 0.8750001 0.625 0.8750001 0.625 0.8750001 0.625 0.8750001 0.625 0.8750001 0.625 0.8750001 0.625 0.8750001 0.625 0.8750001 0.625 0.8750001 0.625 0.8750001 0.625 0.8750001 0.625 0.8750001 0.625 0.8750001 0.625 0.8750001 0.625 0.8750001 0.625 0.8750001 0.625 0.8750001 0.625 0.8750001 0.625 0.8750001 0.625 0.8750001 0.625 0.8750001 0.625 0.8750001 0.625 0.8750001 0.625 0.8750001 0.625 0.8750001 0.625 0.8750001 0.625 0.8750001 0.625 0.8750001 0.625 0.8750001 0.625 0.8750001 0.625 0.8750001 0.625 0.8750001 0.625 0.8750001 0.625 0.8750001 0.625 0.8750001 0.625 0.8750001 0.625 0.8750001 0.625 0.8750001 0.625 0.8750001 0.625 0.8750001 0.625 0.8750001 0.625 0.8750001 0.625 0.8750001 0.625 0.8750001 0.625 0.8750001 0.625 0.8750001 0.625 0.8750001 0.625 0.8750001 0.625 0.8750001 0.625 0.8750001 0.625 0.8750001 0.625 0.8750001 0.625 0.8750001 0.625 0.8750001 0.625 0.8750001 0.625 0.8750001 0.625 0.8750001 0.625 0.8750001 0.625 0.8750001 0.625 0.8750001 0.625 0.8750001 0.625 0.8750001 0.625 0.8750001 0.625 0.8750001 0.625 0.8750001 0.625 0.8750001 0.625 0.8750001 0.625 0.8750001 0.625 0.8750001 0.625 0.8750001 0.625 0.8750001 0.625 0.8750001 0.625 0.8750001 0.625 0.8750001 0.625 0.8750001 0.625 0.8750001 0.625 0.8750001 0.625 0.8750001 0.625 0.8750001 0.625 0.8750001 0.625 0.8750001 0.625 0.8750001 0.625 0.8750001 0.625 0.8750001 0.625 0.8750001 0.625 0.8750001 0.625 0.8750001 0.625 0.8750001 0.625 0.8750001 0.625 0.8750001 0.625 0.8750001 0.625 0.8750001 0.625 0.8750001 0.625 0.8750001 0.625 0.8750001 0.625 0.8750001 0.625 0.8750001 0.625 0.8750001 0.625 0.8750001 0.625 0.8750001 0.625 0.8750001 0.625 0.8750001 0.625 0.8750001 0.8371056 0.905263 0.8371056 0.905263 0.8371056 0.905263 0.8371056 0.905263 0.8371056 0.905263 0.8371056 0.905263 0.8371056 0.905263 0.8371056 0.905263 0.8371056 0.905263 0.8371056 0.905263 0.8371056 0.905263 0.8371056 0.905263 0.8371056 0.905263 0.8371056 0.905263 0.8371056 0.905263 0.8371056 0.905263 0.8371056 0.905263 0.8371056 0.905263 0.8371056 0.905263 0.8371056 0.905263 0.8371056 0.905263 0.8371056 0.905263 0.8371056 0.905263 0.8371056 0.905263 0.8371056 0.905263 0.8371056 0.905263 0.8371056 0.905263 0.8371056 0.905263 0.8371056 0.905263 0.8371056 0.905263 0.8371056 0.905263 0.8371056 0.905263 0.8371056 0.905263 0.8371056 0.905263 0.8371056 0.905263 0.8371056 0.905263 0.8371056 0.905263 0.8371056 0.905263 0.8371056 0.905263 0.8371056 0.905263 0.8371056 0.905263 0.8371056 0.905263 0.8371056 0.9060567 0.8371056 0.9060567 0.8371056 0.9060567 0.8371056 0.9060567 0.8371056 0.9060567 0.8371056 0.9060567 0.8371056 0.9060567 0.8371056 0.9060567 0.8371056 0.9060567 0.8371056 0.9060567 0.8371056 0.9060567 0.8371056 0.9060567 0.8371056 0.9060567 0.8371056 0.9060567 0.8371056 0.9060567 0.8371056 0.9060567 0.8371056 0.9060567 0.8371056 0.9060567 0.8371056 0.9068502 0.8371056 0.9068502 0.8371056 0.9068502 0.8371056 0.9068502 0.8371056 0.9068502 0.8371056 0.9068502 0.8371056 0.9068502 0.8371056 0.9068502 0.8371056 0.9068502 0.8371056 0.9068502 0.8371056 0.9068502 0.8371056 0.9068502 0.8371056 0.9068502 0.8371056 0.9068502 0.8371056 0.9068502 0.8371056 0.9068502 0.8371056 0.9068502 0.8371056 0.9068502 0.8371056 0.9068502 0.8371056 0.9068502 0.8371056 0.9068502 0.8371056 0.9068502 0.8371056 0.9068502 0.8371056 0.9068502 0.8371056 0.9068502 0.8371056 0.9068502 0.8371056 0.9068502 0.8371056 0.9068502 0.8371056 0.9068502 0.8371056 0.9068502 0.8488572 0.8238469 0.8507823 0.8177206 0.8553082 0.8182235 0.8655652 0.794127 0.8591297 0.8042387 0.8486856 0.8032308 0.8496006 0.8151978 0.8486856 0.8032308 0.8591297 0.8042387 0.866801 0.8305702 0.8565964 0.8165147 0.8591297 0.8042387 0.8371056 0.8305702 0.8434677 0.7944986 0.8486856 0.8032308 0.8507823 0.8177206 0.8488572 0.8238469 0.8371056 0.8305702 0.8553082 0.8182235 0.8565964 0.8165147 0.866801 0.8305702 0.8553082 0.8182235 0.8507823 0.8177206 0.8496006 0.8151978 0.8571658 0.8251963 0.866801 0.8305702 0.8371056 0.8305702 0.8371056 0.9076437 0.8371056 0.9076437 0.8371056 0.9076437 0.8371056 0.9076437 0.8371056 0.9076437 0.8371056 0.9076437 0.8371056 0.9076437 0.8371056 0.9076437 0.8371056 0.9076437 0.8371056 0.9076437 0.8371056 0.9076437 0.8371056 0.9076437 0.8371056 0.9076437 0.8371056 0.9076437 0.8371056 0.9076437 0.8371056 0.9076437 0.8371056 0.9076437 0.8371056 0.9076437 0.8371056 0.9076437 0.8371056 0.9076437 0.8371056 0.9076437 0.8371056 0.9076437 0.8371056 0.9076437 0.8371056 0.9076437 0.8371056 0.9076437 0.8371056 0.9076437 0.8371056 0.9076437 0.8371056 0.9076437 0.8371056 0.9076437 0.8371056 0.9076437 0.8371056 0.9076437 0.8371056 0.9076437 0.8371056 0.9076437 0.8371056 0.9076437 0.8371056 0.9076437 0.8371056 0.9076437 0.8371056 0.9076437 0.8371056 0.9076437 0.8371056 0.9076437 0.8371056 0.9076437 0.8371056 0.9076437 0.8371056 0.9076437 0.8371056 0.9084373 0.8371056 0.9084373 0.8371056 0.9084373 0.8371056 0.9084373 0.8371056 0.9084373 0.8371056 0.9084373 0.8371056 0.9084373 0.8371056 0.9084373 0.8371056 0.9084373 0.8371056 0.9084373 0.8371056 0.9084373 0.8371056 0.9084373 0.8371056 0.9084373 0.8371056 0.9084373 0.8371056 0.9084373 0.8371056 0.9084373 0.8371056 0.9084373 0.8371056 0.9084373 0.8371056 0.9092308 0.8371056 0.9092308 0.8371056 0.9092308 0.8371056 0.9092308 0.8371056 0.9092308 0.8371056 0.9092308 0.8371056 0.9092308 0.8371056 0.9092308 0.8371056 0.9092308 0.8371056 0.9092308 0.8371056 0.9092308 0.8371056 0.9092308 0.8371056 0.9092308 0.8371056 0.9092308 0.8371056 0.9092308 0.8371056 0.9092308 0.8371056 0.9092308 0.8371056 0.9092308 0.8371056 0.9092308 0.8371056 0.9092308 0.8371056 0.9092308 0.8371056 0.9092308 0.8371056 0.9092308 0.8371056 0.9092308 0.8371056 0.9092308 0.8371056 0.9092308 0.8371056 0.9092308 0.8371056 0.9092308 0.8371056 0.9092308 0.8371056 0.9092308 0.8557841 0.6741357 0.8472616 0.6754742 0.8493109 0.6684948 0.8561392 0.6537454 0.8456732 0.65443 0.8395096 0.6441274 0.8478329 0.6662384 0.8456732 0.65443 0.8561392 0.6537454 0.8670257 0.6808464 0.8549922 0.6658886 0.8561392 0.6537454 0.8371056 0.6808464 0.8395096 0.6441274 0.8456732 0.65443 0.8493109 0.6684948 0.8472616 0.6754742 0.8371056 0.6808464 0.8539539 0.6677173 0.8549922 0.6658886 0.8670257 0.6808464 0.8539539 0.6677173 0.8493109 0.6684948 0.8478329 0.6662384 0.8472616 0.6754742 0.8557841 0.6741357 0.8670257 0.6808464 0.8371056 0.9100244 0.8371056 0.9100244 0.8371056 0.9100244 0.8371056 0.9100244 0.8371056 0.9100244 0.8371056 0.9100244 0.8371056 0.9100244 0.8371056 0.9100244 0.8371056 0.9100244 0.8371056 0.9100244 0.8371056 0.9100244 0.8371056 0.9100244 0.8371056 0.9100244 0.8371056 0.9100244 0.8371056 0.9100244 0.8371056 0.9100244 0.8371056 0.9100244 0.8371056 0.9100244 0.8371056 0.9100244 0.8371056 0.9100244 0.8371056 0.9100244 0.8371056 0.9100244 0.8371056 0.9100244 0.8371056 0.9100244 0.8371056 0.9100244 0.8371056 0.9100244 0.8371056 0.9100244 0.8371056 0.9100244 0.8371056 0.9100244 0.8371056 0.9100244 0.8371056 0.9100244 0.8371056 0.9100244 0.8371056 0.9100244 0.8371056 0.9100244 0.8371056 0.9100244 0.8371056 0.9100244 0.8371056 0.9100244 0.8371056 0.9100244 0.8371056 0.9100244 0.8371056 0.9100244 0.8371056 0.9100244 0.8371056 0.9100244 0.8371056 0.9108179 0.8371056 0.9108179 0.8371056 0.9108179 0.8371056 0.9108179 0.8371056 0.9108179 0.8371056 0.9108179 0.8371056 0.9108179 0.8371056 0.9108179 0.8371056 0.9108179 0.8371056 0.9108179 0.8371056 0.9108179 0.8371056 0.9108179 0.8371056 0.9108179 0.8371056 0.9108179 0.8371056 0.9108179 0.8371056 0.9108179 0.8371056 0.9108179 0.8371056 0.9108179 0.8371056 0.9116116 0.8371056 0.9116116 0.8371056 0.9116116 0.8371056 0.9116116 0.8371056 0.9116116 0.8371056 0.9116116 0.8371056 0.9116116 0.8371056 0.9116116 0.8371056 0.9116116 0.8371056 0.9116116 0.8371056 0.9116116 0.8371056 0.9116116 0.8371056 0.9116116 0.8371056 0.9116116 0.8371056 0.9116116 0.8371056 0.9116116 0.8371056 0.9116116 0.8371056 0.9116116 0.8371056 0.9116116 0.8371056 0.9116116 0.8371056 0.9116116 0.8371056 0.9116116 0.8371056 0.9116116 0.8371056 0.9116116 0.8371056 0.9116116 0.8371056 0.9116116 0.8371056 0.9116116 0.8371056 0.9116116 0.8371056 0.9116116 0.8371056 0.9116116 0.854574 0.09779202 0.8462751 0.09922748 0.8478968 0.09224379 0.8586449 0.06634855 0.853784 0.07762128 0.8434517 0.07846152 0.8465324 0.09052693 0.8434517 0.07846152 0.853784 0.07762128 0.8671517 0.104648 0.8535785 0.08916538 0.853784 0.07762128 0.8371056 0.1046481 0.8371315 0.07088923 0.8434517 0.07846152 0.8478968 0.09224379 0.8462751 0.09922748 0.8371056 0.1046481 0.8524608 0.09168541 0.8535785 0.08916538 0.8671517 0.104648 0.8478968 0.09224379 0.8465324 0.09052693 0.8535785 0.08916538 0.8462751 0.09922748 0.854574 0.09779202 0.8671517 0.104648 0.8371056 0.9124051 0.8371056 0.9124051 0.8371056 0.9124051 0.8371056 0.9124051 0.8371056 0.9124051 0.8371056 0.9124051 0.8371056 0.9124051 0.8371056 0.9124051 0.8371056 0.9124051 0.8371056 0.9124051 0.8371056 0.9124051 0.8371056 0.9124051 0.8371056 0.9124051 0.8371056 0.9124051 0.8371056 0.9124051 0.8371056 0.9124051 0.8371056 0.9124051 0.8371056 0.9124051 0.8371056 0.9124051 0.8371056 0.9124051 0.8371056 0.9124051 0.8371056 0.9124051 0.8371056 0.9124051 0.8371056 0.9124051 0.8371056 0.9124051 0.8371056 0.9124051 0.8371056 0.9124051 0.8371056 0.9124051 0.8371056 0.9124051 0.8371056 0.9124051 0.8371056 0.9124051 0.8371056 0.9124051 0.8371056 0.9124051 0.8371056 0.9124051 0.8371056 0.9124051 0.8371056 0.9124051 0.8371056 0.9124051 0.8371056 0.9124051 0.8371056 0.9124051 0.8371056 0.9124051 0.8371056 0.9124051 0.8371056 0.9124051 0.8371056 0.9131985 0.8371056 0.9131985 0.8371056 0.9131985 0.8371056 0.9131985 0.8371056 0.9131985 0.8371056 0.9131985 0.8371056 0.9131985 0.8371056 0.9131985 0.8371056 0.9131985 0.8371056 0.9131985 0.8371056 0.9131985 0.8371056 0.9131985 0.8371056 0.9131985 0.8371056 0.9131985 0.8371056 0.9131985 0.8371056 0.9131985 0.8371056 0.9131985 0.8371056 0.9131985 0.8371056 0.9139922 0.8371056 0.9139922 0.8371056 0.9139922 0.8371056 0.9139922 0.8371056 0.9139922 0.8371056 0.9139922 0.8371056 0.9139922 0.8371056 0.9139922 0.8371056 0.9139922 0.8371056 0.9139922 0.8371056 0.9139922 0.8371056 0.9139922 0.8371056 0.9139922 0.8371056 0.9139922 0.8371056 0.9139922 0.8371056 0.9139922 0.8371056 0.9139922 0.8371056 0.9139922 0.8371056 0.9139922 0.8371056 0.9139922 0.8371056 0.9139922 0.8371056 0.9139922 0.8371056 0.9139922 0.8371056 0.9139922 0.8371056 0.9139922 0.8371056 0.9139922 0.8371056 0.9139922 0.8371056 0.9139922 0.8371056 0.9139922 0.8371056 0.9139922 0.8576182 0.8987951 0.8494593 0.8976741 0.8517891 0.8917601 0.8669258 0.8683256 0.8602668 0.8783084 0.8498693 0.8771891 0.8577259 0.8895784 0.8507073 0.8899173 0.8498693 0.8771891 0.8669734 0.9044693 0.8577259 0.8895784 0.8602668 0.8783084 0.837106 0.9044693 0.8448689 0.8683201 0.8498693 0.8771891 0.8517891 0.8917601 0.8494593 0.8976741 0.837106 0.9044693 0.8563038 0.8918688 0.8577259 0.8895784 0.8669734 0.9044693 0.8517891 0.8917601 0.8507073 0.8899173 0.8577259 0.8895784 0.8576182 0.8987951 0.8669734 0.9044693 0.837106 0.9044693 0.8371056 0.9147856 0.8371056 0.9147856 0.8371056 0.9147856 0.8371056 0.9147856 0.8371056 0.9147856 0.8371056 0.9147856 0.8371056 0.9147856 0.8371056 0.9147856 0.8371056 0.9147856 0.8371056 0.9147856 0.8371056 0.9147856 0.8371056 0.9147856 0.8371056 0.9147856 0.8371056 0.9147856 0.8371056 0.9147856 0.8371056 0.9147856 0.8371056 0.9147856 0.8371056 0.9147856 0.8371056 0.9147856 0.8371056 0.9147856 0.8371056 0.9147856 0.8371056 0.9147856 0.8371056 0.9147856 0.8371056 0.9147856 0.8371056 0.9147856 0.8371056 0.9147856 0.8371056 0.9147856 0.8371056 0.9147856 0.8371056 0.9147856 0.8371056 0.9147856 0.8371056 0.9147856 0.8371056 0.9147856 0.8371056 0.9147856 0.8371056 0.9147856 0.8371056 0.9147856 0.8371056 0.9147856 0.8371056 0.9147856 0.8371056 0.9147856 0.8371056 0.9147856 0.8371056 0.9147856 0.8371056 0.9147856 0.8371056 0.9147856 0.8371056 0.9155792 0.8371056 0.9155792 0.8371056 0.9155792 0.8371056 0.9155792 0.8371056 0.9155792 0.8371056 0.9155792 0.8371056 0.9155792 0.8371056 0.9155792 0.8371056 0.9155792 0.8371056 0.9155792 0.8371056 0.9155792 0.8371056 0.9155792 0.8371056 0.9155792 0.8371056 0.9155792 0.8371056 0.9155792 0.8371056 0.9155792 0.8371056 0.9155792 0.8371056 0.9155792 0.8371056 0.9163728 0.8371056 0.9163728 0.8371056 0.9163728 0.8371056 0.9163728 0.8371056 0.9163728 0.8371056 0.9163728 0.8371056 0.9163728 0.8371056 0.9163728 0.8371056 0.9163728 0.8371056 0.9163728 0.8371056 0.9163728 0.8371056 0.9163728 0.8371056 0.9163728 0.8371056 0.9163728 0.8371056 0.9163728 0.8371056 0.9163728 0.8371056 0.9163728 0.8371056 0.9163728 0.8371056 0.9163728 0.8371056 0.9163728 0.8371056 0.9163728 0.8371056 0.9163728 0.8371056 0.9163728 0.8371056 0.9163728 0.8371056 0.9163728 0.8371056 0.9163728 0.8371056 0.9163728 0.8371056 0.9163728 0.8371056 0.9163728 0.8371056 0.9163728 0.8487972 0.5613523 0.8507757 0.5549277 0.855356 0.5558772 0.8591868 0.541549 0.8487357 0.5412536 0.8434021 0.5302903 0.8497879 0.5530532 0.8487357 0.5412536 0.8591868 0.541549 0.8670024 0.5681097 0.856856 0.5537233 0.8591868 0.541549 0.8371056 0.5681097 0.8434021 0.5302903 0.8487357 0.5412536 0.8507757 0.5549277 0.8487972 0.5613523 0.8371056 0.5681097 0.855356 0.5558772 0.856856 0.5537233 0.8670024 0.5681097 0.8507757 0.5549277 0.8497879 0.5530532 0.856856 0.5537233 0.8572387 0.5627459 0.8670024 0.5681097 0.8371056 0.5681097 0.8371056 0.9171663 0.8371056 0.9171663 0.8371056 0.9171663 0.8371056 0.9171663 0.8371056 0.9171663 0.8371056 0.9171663 0.8371056 0.9171663 0.8371056 0.9171663 0.8371056 0.9171663 0.8371056 0.9171663 0.8371056 0.9171663 0.8371056 0.9171663 0.8371056 0.9171663 0.8371056 0.9171663 0.8371056 0.9171663 0.8371056 0.9171663 0.8371056 0.9171663 0.8371056 0.9171663 0.8371056 0.9171663 0.8371056 0.9171663 0.8371056 0.9171663 0.8371056 0.9171663 0.8371056 0.9171663 0.8371056 0.9171663 0.8371056 0.9171663 0.8371056 0.9171663 0.8371056 0.9171663 0.8371056 0.9171663 0.8371056 0.9171663 0.8371056 0.9171663 0.8371056 0.9171663 0.8371056 0.9171663 0.8371056 0.9171663 0.8371056 0.9171663 0.8371056 0.9171663 0.8371056 0.9171663 0.8371056 0.9171663 0.8371056 0.9171663 0.8371056 0.9171663 0.8371056 0.9171663 0.8371056 0.9171663 0.8371056 0.9171663 0.8371056 0.9179598 0.8371056 0.9179598 0.8371056 0.9179598 0.8371056 0.9179598 0.8371056 0.9179598 0.8371056 0.9179598 0.8371056 0.9179598 0.8371056 0.9179598 0.8371056 0.9179598 0.8371056 0.9179598 0.8371056 0.9179598 0.8371056 0.9179598 0.8371056 0.9179598 0.8371056 0.9179598 0.8371056 0.9179598 0.8371056 0.9179598 0.8371056 0.9179598 0.8371056 0.9179598 0.8371056 0.9187534 0.8371056 0.9187534 0.8371056 0.9187534 0.8371056 0.9187534 0.8371056 0.9187534 0.8371056 0.9187534 0.8371056 0.9187534 0.8371056 0.9187534 0.8371056 0.9187534 0.8371056 0.9187534 0.8371056 0.9187534 0.8371056 0.9187534 0.8371056 0.9187534 0.8371056 0.9187534 0.8371056 0.9187534 0.8371056 0.9187534 0.8371056 0.9187534 0.8371056 0.9187534 0.8371056 0.9187534 0.8371056 0.9187534 0.8371056 0.9187534 0.8371056 0.9187534 0.8371056 0.9187534 0.8371056 0.9187534 0.8371056 0.9187534 0.8371056 0.9187534 0.8371056 0.9187534 0.8371056 0.9187534 0.8371056 0.9187534 0.8371056 0.9187534 0.8552438 0.1122368 0.8532347 0.1186246 0.8486495 0.1177381 0.8445693 0.1319395 0.8549461 0.1323574 0.860149 0.1433653 0.8471261 0.1199371 0.8542104 0.1204628 0.8549461 0.1323574 0.837106 0.1054416 0.8471261 0.1199371 0.8445693 0.1319395 0.867121 0.1054416 0.860149 0.1433653 0.8549461 0.1323574 0.8532347 0.1186246 0.8552438 0.1122368 0.867121 0.1054416 0.8486495 0.1177381 0.8471261 0.1199371 0.837106 0.1054416 0.8532347 0.1186246 0.8542104 0.1204628 0.8471261 0.1199371 0.8468027 0.1108327 0.837106 0.1054416 0.867121 0.1054416 0.8371056 0.919547 0.8371056 0.919547 0.8371056 0.919547 0.8371056 0.919547 0.8371056 0.919547 0.8371056 0.919547 0.8371056 0.919547 0.8371056 0.919547 0.8371056 0.919547 0.8371056 0.919547 0.8371056 0.919547 0.8371056 0.919547 0.8371056 0.919547 0.8371056 0.919547 0.8371056 0.919547 0.8371056 0.919547 0.8371056 0.919547 0.8371056 0.919547 0.8371056 0.919547 0.8371056 0.919547 0.8371056 0.919547 0.8371056 0.919547 0.8371056 0.919547 0.8371056 0.919547 0.8371056 0.919547 0.8371056 0.919547 0.8371056 0.919547 0.8371056 0.919547 0.8371056 0.919547 0.8371056 0.919547 0.8371056 0.919547 0.8371056 0.919547 0.8371056 0.919547 0.8371056 0.919547 0.8371056 0.919547 0.8371056 0.919547 0.8371056 0.919547 0.8371056 0.919547 0.8371056 0.919547 0.8371056 0.919547 0.8371056 0.919547 0.8371056 0.919547 0.8371056 0.9203405 0.8371056 0.9203405 0.8371056 0.9203405 0.8371056 0.9203405 0.8371056 0.9203405 0.8371056 0.9203405 0.8371056 0.9203405 0.8371056 0.9203405 0.8371056 0.9203405 0.8371056 0.9203405 0.8371056 0.9203405 0.8371056 0.9203405 0.8371056 0.9203405 0.8371056 0.9203405 0.8371056 0.9203405 0.8371056 0.9203405 0.8371056 0.9203405 0.8371056 0.9203405 0.8371056 0.9211341 0.8371056 0.9211341 0.8371056 0.9211341 0.8371056 0.9211341 0.8371056 0.9211341 0.8371056 0.9211341 0.8371056 0.9211341 0.8371056 0.9211341 0.8371056 0.9211341 0.8371056 0.9211341 0.8371056 0.9211341 0.8371056 0.9211341 0.8371056 0.9211341 0.8371056 0.9211341 0.8371056 0.9211341 0.8371056 0.9211341 0.8371056 0.9211341 0.8371056 0.9211341 0.8371056 0.9211341 0.8371056 0.9211341 0.8371056 0.9211341 0.8371056 0.9211341 0.8371056 0.9211341 0.8371056 0.9211341 0.8371056 0.9211341 0.8371056 0.9211341 0.8371056 0.9211341 0.8371056 0.9211341 0.8371056 0.9211341 0.8371056 0.9211341 0.8487979 0.5227389 0.8507761 0.5163146 0.8553562 0.5172643 0.8591873 0.502936 0.8487362 0.5026407 0.8434025 0.4916771 0.8497884 0.5144402 0.8487362 0.5026407 0.8591873 0.502936 0.8670033 0.5294966 0.8568565 0.5151106 0.8591873 0.502936 0.8371056 0.5294966 0.8434025 0.4916771 0.8487362 0.5026407 0.8507761 0.5163146 0.8487979 0.5227389 0.8371056 0.5294966 0.8553562 0.5172643 0.8568565 0.5151106 0.8670033 0.5294966 0.8507761 0.5163146 0.8497884 0.5144402 0.8568565 0.5151106 0.8572389 0.5241325 0.8670033 0.5294966 0.8371056 0.5294966 0.8371056 0.9219277 0.8371056 0.9219277 0.8371056 0.9219277 0.8371056 0.9219277 0.8371056 0.9219277 0.8371056 0.9219277 0.8371056 0.9219277 0.8371056 0.9219277 0.8371056 0.9219277 0.8371056 0.9219277 0.8371056 0.9219277 0.8371056 0.9219277 0.8371056 0.9219277 0.8371056 0.9219277 0.8371056 0.9219277 0.8371056 0.9219277 0.8371056 0.9219277 0.8371056 0.9219277 0.8371056 0.9219277 0.8371056 0.9219277 0.8371056 0.9219277 0.8371056 0.9219277 0.8371056 0.9219277 0.8371056 0.9219277 0.8371056 0.9219277 0.8371056 0.9219277 0.8371056 0.9219277 0.8371056 0.9219277 0.8371056 0.9219277 0.8371056 0.9219277 0.8371056 0.9219277 0.8371056 0.9219277 0.8371056 0.9219277 0.8371056 0.9219277 0.8371056 0.9219277 0.8371056 0.9219277 0.8371056 0.9219277 0.8371056 0.9219277 0.8371056 0.9219277 0.8371056 0.9219277 0.8371056 0.9219277 0.8371056 0.9219277 0.8371056 0.9227212 0.8371056 0.9227212 0.8371056 0.9227212 0.8371056 0.9227212 0.8371056 0.9227212 0.8371056 0.9227212 0.8371056 0.9227212 0.8371056 0.9227212 0.8371056 0.9227212 0.8371056 0.9227212 0.8371056 0.9227212 0.8371056 0.9227212 0.8371056 0.9227212 0.8371056 0.9227212 0.8371056 0.9227212 0.8371056 0.9227212 0.8371056 0.9227212 0.8371056 0.9227212 0.8371056 0.9235147 0.8371056 0.9235147 0.8371056 0.9235147 0.8371056 0.9235147 0.8371056 0.9235147 0.8371056 0.9235147 0.8371056 0.9235147 0.8371056 0.9235147 0.8371056 0.9235147 0.8371056 0.9235147 0.8371056 0.9235147 0.8371056 0.9235147 0.8371056 0.9235147 0.8371056 0.9235147 0.8371056 0.9235147 0.8371056 0.9235147 0.8371056 0.9235147 0.8371056 0.9235147 0.8371056 0.9235147 0.8371056 0.9235147 0.8371056 0.9235147 0.8371056 0.9235147 0.8371056 0.9235147 0.8371056 0.9235147 0.8371056 0.9235147 0.8371056 0.9235147 0.8371056 0.9235147 0.8371056 0.9235147 0.8371056 0.9235147 0.8371056 0.9235147 0.8487979 0.484126 0.8507763 0.4777016 0.8553567 0.4786512 0.8591875 0.4643231 0.8487365 0.4640275 0.8434025 0.4530642 0.8497887 0.4758272 0.8487365 0.4640275 0.8591875 0.4643231 0.8670034 0.4908835 0.8568568 0.4764974 0.8591875 0.4643231 0.8371056 0.4908836 0.8434025 0.4530642 0.8487365 0.4640275 0.8507763 0.4777016 0.8487979 0.484126 0.8371056 0.4908836 0.8553567 0.4786512 0.8568568 0.4764974 0.8670034 0.4908835 0.8507763 0.4777016 0.8497887 0.4758272 0.8568568 0.4764974 0.8572392 0.4855196 0.8670034 0.4908835 0.8371056 0.4908836 0.8371056 0.9243083 0.8371056 0.9243083 0.8371056 0.9243083 0.8371056 0.9243083 0.8371056 0.9243083 0.8371056 0.9243083 0.8371056 0.9243083 0.8371056 0.9243083 0.8371056 0.9243083 0.8371056 0.9243083 0.8371056 0.9243083 0.8371056 0.9243083 0.8371056 0.9243083 0.8371056 0.9243083 0.8371056 0.9243083 0.8371056 0.9243083 0.8371056 0.9243083 0.8371056 0.9243083 0.8371056 0.9243083 0.8371056 0.9243083 0.8371056 0.9243083 0.8371056 0.9243083 0.8371056 0.9243083 0.8371056 0.9243083 0.8371056 0.9243083 0.8371056 0.9243083 0.8371056 0.9243083 0.8371056 0.9243083 0.8371056 0.9243083 0.8371056 0.9243083 0.8371056 0.9243083 0.8371056 0.9243083 0.8371056 0.9243083 0.8371056 0.9243083 0.8371056 0.9243083 0.8371056 0.9243083 0.8371056 0.9243083 0.8371056 0.9243083 0.8371056 0.9243083 0.8371056 0.9243083 0.8371056 0.9243083 0.8371056 0.9243083 0.8371056 0.9251019 0.8371056 0.9251019 0.8371056 0.9251019 0.8371056 0.9251019 0.8371056 0.9251019 0.8371056 0.9251019 0.8371056 0.9251019 0.8371056 0.9251019 0.8371056 0.9251019 0.8371056 0.9251019 0.8371056 0.9251019 0.8371056 0.9251019 0.8371056 0.9251019 0.8371056 0.9251019 0.8371056 0.9251019 0.8371056 0.9251019 0.8371056 0.9251019 0.8371056 0.9251019 0.8371056 0.9258953 0.8371056 0.9258953 0.8371056 0.9258953 0.8371056 0.9258953 0.8371056 0.9258953 0.8371056 0.9258953 0.8371056 0.9258953 0.8371056 0.9258953 0.8371056 0.9258953 0.8371056 0.9258953 0.8371056 0.9258953 0.8371056 0.9258953 0.8371056 0.9258953 0.8371056 0.9258953 0.8371056 0.9258953 0.8371056 0.9258953 0.8371056 0.9258953 0.8371056 0.9258953 0.8371056 0.9258953 0.8371056 0.9258953 0.8371056 0.9258953 0.8371056 0.9258953 0.8371056 0.9258953 0.8371056 0.9258953 0.8371056 0.9258953 0.8371056 0.9258953 0.8371056 0.9258953 0.8371056 0.9258953 0.8371056 0.9258953 0.8371056 0.9258953 0.8487979 0.3682865 0.8507761 0.3618623 0.8553562 0.3628119 0.8591873 0.3484837 0.8487362 0.3481884 0.8434025 0.3372247 0.8497884 0.3599877 0.8487362 0.3481884 0.8591873 0.3484837 0.8670029 0.3750443 0.8568565 0.3606582 0.8591873 0.3484837 0.8371056 0.3750443 0.8434025 0.3372247 0.8487362 0.3481884 0.8507761 0.3618623 0.8487979 0.3682865 0.8371056 0.3750443 0.8553562 0.3628119 0.8568565 0.3606582 0.8670029 0.3750443 0.8507761 0.3618623 0.8497884 0.3599877 0.8568565 0.3606582 0.8572389 0.3696802 0.8670029 0.3750443 0.8371056 0.3750443 0.8371056 0.9266889 0.8371056 0.9266889 0.8371056 0.9266889 0.8371056 0.9266889 0.8371056 0.9266889 0.8371056 0.9266889 0.8371056 0.9266889 0.8371056 0.9266889 0.8371056 0.9266889 0.8371056 0.9266889 0.8371056 0.9266889 0.8371056 0.9266889 0.8371056 0.9266889 0.8371056 0.9266889 0.8371056 0.9266889 0.8371056 0.9266889 0.8371056 0.9266889 0.8371056 0.9266889 0.8371056 0.9266889 0.8371056 0.9266889 0.8371056 0.9266889 0.8371056 0.9266889 0.8371056 0.9266889 0.8371056 0.9266889 0.8371056 0.9266889 0.8371056 0.9266889 0.8371056 0.9266889 0.8371056 0.9266889 0.8371056 0.9266889 0.8371056 0.9266889 0.8371056 0.9266889 0.8371056 0.9266889 0.8371056 0.9266889 0.8371056 0.9266889 0.8371056 0.9266889 0.8371056 0.9266889 0.8371056 0.9266889 0.8371056 0.9266889 0.8371056 0.9266889 0.8371056 0.9266889 0.8371056 0.9266889 0.8371056 0.9266889 0.8371056 0.9274825 0.8371056 0.9274825 0.8371056 0.9274825 0.8371056 0.9274825 0.8371056 0.9274825 0.8371056 0.9274825 0.8371056 0.9274825 0.8371056 0.9274825 0.8371056 0.9274825 0.8371056 0.9274825 0.8371056 0.9274825 0.8371056 0.9274825 0.8371056 0.9274825 0.8371056 0.9274825 0.8371056 0.9274825 0.8371056 0.9274825 0.8371056 0.9274825 0.8371056 0.9274825 0.8371056 0.928276 0.8371056 0.928276 0.8371056 0.928276 0.8371056 0.928276 0.8371056 0.928276 0.8371056 0.928276 0.8371056 0.928276 0.8371056 0.928276 0.8371056 0.928276 0.8371056 0.928276 0.8371056 0.928276 0.8371056 0.928276 0.8371056 0.928276 0.8371056 0.928276 0.8371056 0.928276 0.8371056 0.928276 0.8371056 0.928276 0.8371056 0.928276 0.8371056 0.928276 0.8371056 0.928276 0.8371056 0.928276 0.8371056 0.928276 0.8371056 0.928276 0.8371056 0.928276 0.8371056 0.928276 0.8371056 0.928276 0.8371056 0.928276 0.8371056 0.928276 0.8371056 0.928276 0.8371056 0.928276 0.8487979 0.2910606 0.8507761 0.2846361 0.8553567 0.2855858 0.8591875 0.2712575 0.8487361 0.2709621 0.8434023 0.2599986 0.8497884 0.2827616 0.8487361 0.2709621 0.8591875 0.2712575 0.8670034 0.2978181 0.8568568 0.283432 0.8591875 0.2712575 0.8371056 0.2978181 0.8434023 0.2599986 0.8487361 0.2709621 0.8507761 0.2846361 0.8487979 0.2910606 0.8371056 0.2978181 0.8553567 0.2855858 0.8568568 0.283432 0.8670034 0.2978181 0.8507761 0.2846361 0.8497884 0.2827616 0.8568568 0.283432 0.8572392 0.2924542 0.8670034 0.2978181 0.8371056 0.2978181 0.8371056 0.9290696 0.8371056 0.9290696 0.8371056 0.9290696 0.8371056 0.9290696 0.8371056 0.9290696 0.8371056 0.9290696 0.8371056 0.9290696 0.8371056 0.9290696 0.8371056 0.9290696 0.8371056 0.9290696 0.8371056 0.9290696 0.8371056 0.9290696 0.8371056 0.9290696 0.8371056 0.9290696 0.8371056 0.9290696 0.8371056 0.9290696 0.8371056 0.9290696 0.8371056 0.9290696 0.8371056 0.9290696 0.8371056 0.9290696 0.8371056 0.9290696 0.8371056 0.9290696 0.8371056 0.9290696 0.8371056 0.9290696 0.8371056 0.9290696 0.8371056 0.9290696 0.8371056 0.9290696 0.8371056 0.9290696 0.8371056 0.9290696 0.8371056 0.9290696 0.8371056 0.9290696 0.8371056 0.9290696 0.8371056 0.9290696 0.8371056 0.9290696 0.8371056 0.9290696 0.8371056 0.9290696 0.8371056 0.9290696 0.8371056 0.9290696 0.8371056 0.9290696 0.8371056 0.9290696 0.8371056 0.9290696 0.8371056 0.9290696 0.8371056 0.9298631 0.8371056 0.9298631 0.8371056 0.9298631 0.8371056 0.9298631 0.8371056 0.9298631 0.8371056 0.9298631 0.8371056 0.9298631 0.8371056 0.9298631 0.8371056 0.9298631 0.8371056 0.9298631 0.8371056 0.9298631 0.8371056 0.9298631 0.8371056 0.9298631 0.8371056 0.9298631 0.8371056 0.9298631 0.8371056 0.9298631 0.8371056 0.9298631 0.8371056 0.9298631 0.8371056 0.9306567 0.8371056 0.9306567 0.8371056 0.9306567 0.8371056 0.9306567 0.8371056 0.9306567 0.8371056 0.9306567 0.8371056 0.9306567 0.8371056 0.9306567 0.8371056 0.9306567 0.8371056 0.9306567 0.8371056 0.9306567 0.8371056 0.9306567 0.8371056 0.9306567 0.8371056 0.9306567 0.8371056 0.9306567 0.8371056 0.9306567 0.8371056 0.9306567 0.8371056 0.9306567 0.8371056 0.9306567 0.8371056 0.9306567 0.8371056 0.9306567 0.8371056 0.9306567 0.8371056 0.9306567 0.8371056 0.9306567 0.8371056 0.9306567 0.8371056 0.9306567 0.8371056 0.9306567 0.8371056 0.9306567 0.8371056 0.9306567 0.8371056 0.9306567 0.8461678 0.6880323 0.8543214 0.6889336 0.852108 0.6946735 0.8371056 0.7181761 0.8436954 0.7082646 0.8541132 0.7094381 0.8463345 0.6967781 0.8534172 0.6970117 0.8541132 0.7094381 0.8371056 0.6826272 0.8463345 0.6967781 0.8436954 0.7082646 0.8671174 0.68164 0.8591399 0.7183424 0.8541132 0.7094381 0.852108 0.6946735 0.8543214 0.6889336 0.8671174 0.68164 0.8475157 0.6950457 0.8463345 0.6967781 0.8371056 0.6826272 0.8475157 0.6950457 0.852108 0.6946735 0.8534172 0.6970117 0.8461678 0.6880323 0.8371056 0.6826272 0.8671174 0.68164 0.8371056 0.9314503 0.8371056 0.9314503 0.8371056 0.9314503 0.8371056 0.9314503 0.8371056 0.9314503 0.8371056 0.9314503 0.8371056 0.9314503 0.8371056 0.9314503 0.8371056 0.9314503 0.8371056 0.9314503 0.8371056 0.9314503 0.8371056 0.9314503 0.8371056 0.9314503 0.8371056 0.9314503 0.8371056 0.9314503 0.8371056 0.9314503 0.8371056 0.9314503 0.8371056 0.9314503 0.8371056 0.9314503 0.8371056 0.9314503 0.8371056 0.9314503 0.8371056 0.9314503 0.8371056 0.9314503 0.8371056 0.9314503 0.8371056 0.9314503 0.8371056 0.9314503 0.8371056 0.9314503 0.8371056 0.9314503 0.8371056 0.9314503 0.8371056 0.9314503 0.8371056 0.9314503 0.8371056 0.9314503 0.8371056 0.9314503 0.8371056 0.9314503 0.8371056 0.9314503 0.8371056 0.9314503 0.8371056 0.9314503 0.8371056 0.9314503 0.8371056 0.9314503 0.8371056 0.9314503 0.8371056 0.9314503 0.8371056 0.9314503 0.8371056 0.9322438 0.8371056 0.9322438 0.8371056 0.9322438 0.8371056 0.9322438 0.8371056 0.9322438 0.8371056 0.9322438 0.8371056 0.9322438 0.8371056 0.9322438 0.8371056 0.9322438 0.8371056 0.9322438 0.8371056 0.9322438 0.8371056 0.9322438 0.8371056 0.9322438 0.8371056 0.9322438 0.8371056 0.9322438 0.8371056 0.9322438 0.8371056 0.9322438 0.8371056 0.9322438 0.8371056 0.9330373 0.8371056 0.9330373 0.8371056 0.9330373 0.8371056 0.9330373 0.8371056 0.9330373 0.8371056 0.9330373 0.8371056 0.9330373 0.8371056 0.9330373 0.8371056 0.9330373 0.8371056 0.9330373 0.8371056 0.9330373 0.8371056 0.9330373 0.8371056 0.9330373 0.8371056 0.9330373 0.8371056 0.9330373 0.8371056 0.9330373 0.8371056 0.9330373 0.8371056 0.9330373 0.8371056 0.9330373 0.8371056 0.9330373 0.8371056 0.9330373 0.8371056 0.9330373 0.8371056 0.9330373 0.8371056 0.9330373 0.8371056 0.9330373 0.8371056 0.9330373 0.8371056 0.9330373 0.8371056 0.9330373 0.8371056 0.9330373 0.8371056 0.9330373 0.8551102 0.8381614 0.8531534 0.8443247 0.8485287 0.8438754 0.8380098 0.8675267 0.8444976 0.8575382 0.8549239 0.8586645 0.8471982 0.8456425 0.8543478 0.8468383 0.8549239 0.8586645 0.8371056 0.8313636 0.8471982 0.8456425 0.8444976 0.8575382 0.8670692 0.8313636 0.8600096 0.8674492 0.8549239 0.8586645 0.8531534 0.8443247 0.8551102 0.8381614 0.8670692 0.8313636 0.8485287 0.8438754 0.8471982 0.8456425 0.8371056 0.8313636 0.8485287 0.8438754 0.8531534 0.8443247 0.8543478 0.8468383 0.8467036 0.8367841 0.8371056 0.8313636 0.8670692 0.8313636 0.8371056 0.9338309 0.8371056 0.9338309 0.8371056 0.9338309 0.8371056 0.9338309 0.8371056 0.9338309 0.8371056 0.9338309 0.8371056 0.9338309 0.8371056 0.9338309 0.8371056 0.9338309 0.8371056 0.9338309 0.8371056 0.9338309 0.8371056 0.9338309 0.8371056 0.9338309 0.8371056 0.9338309 0.8371056 0.9338309 0.8371056 0.9338309 0.8371056 0.9338309 0.8371056 0.9338309 0.8371056 0.9338309 0.8371056 0.9338309 0.8371056 0.9338309 0.8371056 0.9338309 0.8371056 0.9338309 0.8371056 0.9338309 0.8371056 0.9338309 0.8371056 0.9338309 0.8371056 0.9338309 0.8371056 0.9338309 0.8371056 0.9338309 0.8371056 0.9338309 0.8371056 0.9338309 0.8371056 0.9338309 0.8371056 0.9338309 0.8371056 0.9338309 0.8371056 0.9338309 0.8371056 0.9338309 0.8371056 0.9338309 0.8371056 0.9338309 0.8371056 0.9338309 0.8371056 0.9338309 0.8371056 0.9338309 0.8371056 0.9338309 0.8371056 0.9346245 0.8371056 0.9346245 0.8371056 0.9346245 0.8371056 0.9346245 0.8371056 0.9346245 0.8371056 0.9346245 0.8371056 0.9346245 0.8371056 0.9346245 0.8371056 0.9346245 0.8371056 0.9346245 0.8371056 0.9346245 0.8371056 0.9346245 0.8371056 0.9346245 0.8371056 0.9346245 0.8371056 0.9346245 0.8371056 0.9346245 0.8371056 0.9346245 0.8371056 0.9346245 0.8371056 0.935418 0.8371056 0.935418 0.8371056 0.935418 0.8371056 0.935418 0.8371056 0.935418 0.8371056 0.935418 0.8371056 0.935418 0.8371056 0.935418 0.8371056 0.935418 0.8371056 0.935418 0.8371056 0.935418 0.8371056 0.935418 0.8371056 0.935418 0.8371056 0.935418 0.8371056 0.935418 0.8371056 0.935418 0.8371056 0.935418 0.8371056 0.935418 0.8371056 0.935418 0.8371056 0.935418 0.8371056 0.935418 0.8371056 0.935418 0.8371056 0.935418 0.8371056 0.935418 0.8371056 0.935418 0.8371056 0.935418 0.8371056 0.935418 0.8371056 0.935418 0.8371056 0.935418 0.8371056 0.935418 0.8461683 0.7630218 0.8543224 0.7639237 0.8521084 0.7696641 0.8371056 0.7931658 0.8436957 0.7832551 0.8541132 0.7844285 0.8463347 0.7717683 0.8534174 0.7720019 0.8541132 0.7844285 0.8371056 0.7576164 0.8463347 0.7717683 0.8436957 0.7832551 0.8671172 0.7566317 0.8591398 0.7933334 0.8541132 0.7844285 0.8521084 0.7696641 0.8543224 0.7639237 0.8671172 0.7566317 0.8475159 0.7700361 0.8463347 0.7717683 0.8371056 0.7576164 0.8475159 0.7700361 0.8521084 0.7696641 0.8534174 0.7720019 0.8461683 0.7630218 0.8371056 0.7576164 0.8671172 0.7566317 0.8371056 0.9362115 0.8371056 0.9362115 0.8371056 0.9362115 0.8371056 0.9362115 0.8371056 0.9362115 0.8371056 0.9362115 0.8371056 0.9362115 0.8371056 0.9362115 0.8371056 0.9362115 0.8371056 0.9362115 0.8371056 0.9362115 0.8371056 0.9362115 0.8371056 0.9362115 0.8371056 0.9362115 0.8371056 0.9362115 0.8371056 0.9362115 0.8371056 0.9362115 0.8371056 0.9362115 0.8371056 0.9362115 0.8371056 0.9362115 0.8371056 0.9362115 0.8371056 0.9362115 0.8371056 0.9362115 0.8371056 0.9362115 0.8371056 0.9362115 0.8371056 0.9362115 0.8371056 0.9362115 0.8371056 0.9362115 0.8371056 0.9362115 0.8371056 0.9362115 0.8371056 0.9362115 0.8371056 0.9362115 0.8371056 0.9362115 0.8371056 0.9362115 0.8371056 0.9362115 0.8371056 0.9362115 0.8371056 0.9362115 0.8371056 0.9362115 0.8371056 0.9362115 0.8371056 0.9362115 0.8371056 0.9362115 0.8371056 0.9362115 0.8371056 0.9370052 0.8371056 0.9370052 0.8371056 0.9370052 0.8371056 0.9370052 0.8371056 0.9370052 0.8371056 0.9370052 0.8371056 0.9370052 0.8371056 0.9370052 0.8371056 0.9370052 0.8371056 0.9370052 0.8371056 0.9370052 0.8371056 0.9370052 0.8371056 0.9370052 0.8371056 0.9370052 0.8371056 0.9370052 0.8371056 0.9370052 0.8371056 0.9370052 0.8371056 0.9370052 0.8371056 0.9377986 0.8371056 0.9377986 0.8371056 0.9377986 0.8371056 0.9377986 0.8371056 0.9377986 0.8371056 0.9377986 0.8371056 0.9377986 0.8371056 0.9377986 0.8371056 0.9377986 0.8371056 0.9377986 0.8371056 0.9377986 0.8371056 0.9377986 0.8371056 0.9377986 0.8371056 0.9377986 0.8371056 0.9377986 0.8371056 0.9377986 0.8371056 0.9377986 0.8371056 0.9377986 0.8371056 0.9377986 0.8371056 0.9377986 0.8371056 0.9377986 0.8371056 0.9377986 0.8371056 0.9377986 0.8371056 0.9377986 0.8371056 0.9377986 0.8371056 0.9377986 0.8371056 0.9377986 0.8371056 0.9377986 0.8371056 0.9377986 0.8371056 0.9377986 0.8461676 0.7255274 0.8543214 0.7264292 0.852108 0.7321694 0.8371056 0.7556715 0.8436954 0.7457606 0.8541129 0.7469342 0.8463342 0.734274 0.8534172 0.7345076 0.8541129 0.7469342 0.8371056 0.7201229 0.8463342 0.734274 0.8436954 0.7457606 0.8671172 0.7191359 0.8591398 0.7558383 0.8541129 0.7469342 0.852108 0.7321694 0.8543214 0.7264292 0.8671172 0.7191359 0.8475154 0.7325415 0.8463342 0.734274 0.8371056 0.7201229 0.8475154 0.7325415 0.852108 0.7321694 0.8534172 0.7345076 0.8461676 0.7255274 0.8371056 0.7201229 0.8671172 0.7191359 0.8371056 0.9385922 0.8371056 0.9385922 0.8371056 0.9385922 0.8371056 0.9385922 0.8371056 0.9385922 0.8371056 0.9385922 0.8371056 0.9385922 0.8371056 0.9385922 0.8371056 0.9385922 0.8371056 0.9385922 0.8371056 0.9385922 0.8371056 0.9385922 0.8371056 0.9385922 0.8371056 0.9385922 0.8371056 0.9385922 0.8371056 0.9385922 0.8371056 0.9385922 0.8371056 0.9385922 0.8371056 0.9385922 0.8371056 0.9385922 0.8371056 0.9385922 0.8371056 0.9385922 0.8371056 0.9385922 0.8371056 0.9385922 0.8371056 0.9385922 0.8371056 0.9385922 0.8371056 0.9385922 0.8371056 0.9385922 0.8371056 0.9385922 0.8371056 0.9385922 0.8371056 0.9385922 0.8371056 0.9385922 0.8371056 0.9385922 0.8371056 0.9385922 0.8371056 0.9385922 0.8371056 0.9385922 0.8371056 0.9385922 0.8371056 0.9385922 0.8371056 0.9385922 0.8371056 0.9385922 0.8371056 0.9385922 0.8371056 0.9385922 0.8371056 0.9393858 0.8371056 0.9393858 0.8371056 0.9393858 0.8371056 0.9393858 0.8371056 0.9393858 0.8371056 0.9393858 0.8371056 0.9393858 0.8371056 0.9393858 0.8371056 0.9393858 0.8371056 0.9393858 0.8371056 0.9393858 0.8371056 0.9393858 0.8371056 0.9393858 0.8371056 0.9393858 0.8371056 0.9393858 0.8371056 0.9393858 0.8371056 0.9393858 0.8371056 0.9393858 0.8371056 0.9401793 0.8371056 0.9401793 0.8371056 0.9401793 0.8371056 0.9401793 0.8371056 0.9401793 0.8371056 0.9401793 0.8371056 0.9401793 0.8371056 0.9401793 0.8371056 0.9401793 0.8371056 0.9401793 0.8371056 0.9401793 0.8371056 0.9401793 0.8371056 0.9401793 0.8371056 0.9401793 0.8371056 0.9401793 0.8371056 0.9401793 0.8371056 0.9401793 0.8371056 0.9401793 0.8371056 0.9401793 0.8371056 0.9401793 0.8371056 0.9401793 0.8371056 0.9401793 0.8371056 0.9401793 0.8371056 0.9401793 0.8371056 0.9401793 0.8371056 0.9401793 0.8371056 0.9401793 0.8371056 0.9401793 0.8371056 0.9401793 0.8371056 0.9401793 0.8553113 0.1895295 0.8533326 0.1959545 0.8487522 0.1950046 0.8449214 0.2093328 0.8553725 0.2096283 0.8607059 0.220592 0.8543201 0.1978287 0.8553725 0.2096283 0.8449214 0.2093328 0.8371056 0.1827722 0.8472523 0.1971586 0.8449214 0.2093328 0.8670028 0.1827722 0.8607059 0.220592 0.8553725 0.2096283 0.8533326 0.1959545 0.8553113 0.1895295 0.8670028 0.1827722 0.8487522 0.1950046 0.8472523 0.1971586 0.8371056 0.1827722 0.8533326 0.1959545 0.8543201 0.1978287 0.8472523 0.1971586 0.8468693 0.1881356 0.8371056 0.1827722 0.8670028 0.1827722 0.8371056 0.9409728 0.8371056 0.9409728 0.8371056 0.9409728 0.8371056 0.9409728 0.8371056 0.9409728 0.8371056 0.9409728 0.8371056 0.9409728 0.8371056 0.9409728 0.8371056 0.9409728 0.8371056 0.9409728 0.8371056 0.9409728 0.8371056 0.9409728 0.8371056 0.9409728 0.8371056 0.9409728 0.8371056 0.9409728 0.8371056 0.9409728 0.8371056 0.9409728 0.8371056 0.9409728 0.8371056 0.9409728 0.8371056 0.9409728 0.8371056 0.9409728 0.8371056 0.9409728 0.8371056 0.9409728 0.8371056 0.9409728 0.8371056 0.9409728 0.8371056 0.9409728 0.8371056 0.9409728 0.8371056 0.9409728 0.8371056 0.9409728 0.8371056 0.9409728 0.8371056 0.9409728 0.8371056 0.9409728 0.8371056 0.9409728 0.8371056 0.9409728 0.8371056 0.9409728 0.8371056 0.9409728 0.8371056 0.9409728 0.8371056 0.9409728 0.8371056 0.9409728 0.8371056 0.9409728 0.8371056 0.9409728 0.8371056 0.9409728 0.8371056 0.9417664 0.8371056 0.9417664 0.8371056 0.9417664 0.8371056 0.9417664 0.8371056 0.9417664 0.8371056 0.9417664 0.8371056 0.9417664 0.8371056 0.9417664 0.8371056 0.9417664 0.8371056 0.9417664 0.8371056 0.9417664 0.8371056 0.9417664 0.8371056 0.9417664 0.8371056 0.9417664 0.8371056 0.9417664 0.8371056 0.9417664 0.8371056 0.9417664 0.8371056 0.9417664 0.8371056 0.94256 0.8371056 0.94256 0.8371056 0.94256 0.8371056 0.94256 0.8371056 0.94256 0.8371056 0.94256 0.8371056 0.94256 0.8371056 0.94256 0.8371056 0.94256 0.8371056 0.94256 0.8371056 0.94256 0.8371056 0.94256 0.8371056 0.94256 0.8371056 0.94256 0.8371056 0.94256 0.8371056 0.94256 0.8371056 0.94256 0.8371056 0.94256 0.8371056 0.94256 0.8371056 0.94256 0.8371056 0.94256 0.8371056 0.94256 0.8371056 0.94256 0.8371056 0.94256 0.8371056 0.94256 0.8371056 0.94256 0.8371056 0.94256 0.8371056 0.94256 0.8371056 0.94256 0.8371056 0.94256 0.8553113 0.4212085 0.8533326 0.4276331 0.8487525 0.4266834 0.8449214 0.4410118 0.8553727 0.4413071 0.8607063 0.4522705 0.8543203 0.4295076 0.8553727 0.4413071 0.8449214 0.4410118 0.8371056 0.414451 0.8472523 0.4288373 0.8449214 0.4410118 0.8670029 0.414451 0.8607063 0.4522705 0.8553727 0.4413071 0.8533326 0.4276331 0.8553113 0.4212085 0.8670029 0.414451 0.8487525 0.4266834 0.8472523 0.4288373 0.8371056 0.414451 0.8533326 0.4276331 0.8543203 0.4295076 0.8472523 0.4288373 0.8468695 0.4198148 0.8371056 0.414451 0.8670029 0.414451 0.8371056 0.9433536 0.8371056 0.9433536 0.8371056 0.9433536 0.8371056 0.9433536 0.8371056 0.9433536 0.8371056 0.9433536 0.8371056 0.9433536 0.8371056 0.9433536 0.8371056 0.9433536 0.8371056 0.9433536 0.8371056 0.9433536 0.8371056 0.9433536 0.8371056 0.9433536 0.8371056 0.9433536 0.8371056 0.9433536 0.8371056 0.9433536 0.8371056 0.9433536 0.8371056 0.9433536 0.8371056 0.9433536 0.8371056 0.9433536 0.8371056 0.9433536 0.8371056 0.9433536 0.8371056 0.9433536 0.8371056 0.9433536 0.8371056 0.9433536 0.8371056 0.9433536 0.8371056 0.9433536 0.8371056 0.9433536 0.8371056 0.9433536 0.8371056 0.9433536 0.8371056 0.9433536 0.8371056 0.9433536 0.8371056 0.9433536 0.8371056 0.9433536 0.8371056 0.9433536 0.8371056 0.9433536 0.8371056 0.9433536 0.8371056 0.9433536 0.8371056 0.9433536 0.8371056 0.9433536 0.8371056 0.9433536 0.8371056 0.9433536 0.8371056 0.9441471 0.8371056 0.9441471 0.8371056 0.9441471 0.8371056 0.9441471 0.8371056 0.9441471 0.8371056 0.9441471 0.8371056 0.9441471 0.8371056 0.9441471 0.8371056 0.9441471 0.8371056 0.9441471 0.8371056 0.9441471 0.8371056 0.9441471 0.8371056 0.9441471 0.8371056 0.9441471 0.8371056 0.9441471 0.8371056 0.9441471 0.8371056 0.9441471 0.8371056 0.9441471 0.8371056 0.9449407 0.8371056 0.9449407 0.8371056 0.9449407 0.8371056 0.9449407 0.8371056 0.9449407 0.8371056 0.9449407 0.8371056 0.9449407 0.8371056 0.9449407 0.8371056 0.9449407 0.8371056 0.9449407 0.8371056 0.9449407 0.8371056 0.9449407 0.8371056 0.9449407 0.8371056 0.9449407 0.8371056 0.9449407 0.8371056 0.9449407 0.8371056 0.9449407 0.8371056 0.9449407 0.8371056 0.9449407 0.8371056 0.9449407 0.8371056 0.9449407 0.8371056 0.9449407 0.8371056 0.9449407 0.8371056 0.9449407 0.8371056 0.9449407 0.8371056 0.9449407 0.8371056 0.9449407 0.8371056 0.9449407 0.8371056 0.9449407 0.8371056 0.9449407 0.8472613 0.6119865 0.8557842 0.6133251 0.8539539 0.6197436 0.8395099 0.6433339 0.8456732 0.6330309 0.8561392 0.6337154 0.8478329 0.6212226 0.8549922 0.6215724 0.8561392 0.6337154 0.8371056 0.6066147 0.8478329 0.6212226 0.8456732 0.6330309 0.8670252 0.6066147 0.8615052 0.6422663 0.8561392 0.6337154 0.8539539 0.6197436 0.8557842 0.6133251 0.8670252 0.6066147 0.8493109 0.6189662 0.8478329 0.6212226 0.8371056 0.6066147 0.8539539 0.6197436 0.8549922 0.6215724 0.8478329 0.6212226 0.8472613 0.6119865 0.8371056 0.6066147 0.8670252 0.6066147 0.8371056 0.9457343 0.8371056 0.9457343 0.8371056 0.9457343 0.8371056 0.9457343 0.8371056 0.9457343 0.8371056 0.9457343 0.8371056 0.9457343 0.8371056 0.9457343 0.8371056 0.9457343 0.8371056 0.9457343 0.8371056 0.9457343 0.8371056 0.9457343 0.8371056 0.9457343 0.8371056 0.9457343 0.8371056 0.9457343 0.8371056 0.9457343 0.8371056 0.9457343 0.8371056 0.9457343 0.8371056 0.9457343 0.8371056 0.9457343 0.8371056 0.9457343 0.8371056 0.9457343 0.8371056 0.9457343 0.8371056 0.9457343 0.8371056 0.9457343 0.8371056 0.9457343 0.8371056 0.9457343 0.8371056 0.9457343 0.8371056 0.9457343 0.8371056 0.9457343 0.8371056 0.9457343 0.8371056 0.9457343 0.8371056 0.9457343 0.8371056 0.9457343 0.8371056 0.9457343 0.8371056 0.9457343 0.8371056 0.9457343 0.8371056 0.9457343 0.8371056 0.9457343 0.8371056 0.9457343 0.8371056 0.9457343 0.8371056 0.9457343 0.8371056 0.9465278 0.8371056 0.9465278 0.8371056 0.9465278 0.8371056 0.9465278 0.8371056 0.9465278 0.8371056 0.9465278 0.8371056 0.9465278 0.8371056 0.9465278 0.8371056 0.9465278 0.8371056 0.9465278 0.8371056 0.9465278 0.8371056 0.9465278 0.8371056 0.9465278 0.8371056 0.9465278 0.8371056 0.9465278 0.8371056 0.9465278 0.8371056 0.9465278 0.8371056 0.9465278 0.8371056 0.9473213 0.8371056 0.9473213 0.8371056 0.9473213 0.8371056 0.9473213 0.8371056 0.9473213 0.8371056 0.9473213 0.8371056 0.9473213 0.8371056 0.9473213 0.8371056 0.9473213 0.8371056 0.9473213 0.8371056 0.9473213 0.8371056 0.9473213 0.8371056 0.9473213 0.8371056 0.9473213 0.8371056 0.9473213 0.8371056 0.9473213 0.8371056 0.9473213 0.8371056 0.9473213 0.8371056 0.9473213 0.8371056 0.9473213 0.8371056 0.9473213 0.8371056 0.9473213 0.8371056 0.9473213 0.8371056 0.9473213 0.8371056 0.9473213 0.8371056 0.9473213 0.8371056 0.9473213 0.8371056 0.9473213 0.8371056 0.9473213 0.8371056 0.9473213 0.8553113 0.3825954 0.8533326 0.38902 0.8487525 0.3880703 0.8449217 0.4023987 0.8553727 0.402694 0.8607063 0.4136574 0.8543203 0.3908945 0.8553727 0.402694 0.8449217 0.4023987 0.8371056 0.3758379 0.8472524 0.3902242 0.8449217 0.4023987 0.8670029 0.3758379 0.8607063 0.4136574 0.8553727 0.402694 0.8533326 0.38902 0.8553113 0.3825954 0.8670029 0.3758379 0.8487525 0.3880703 0.8472524 0.3902242 0.8371056 0.3758379 0.8533326 0.38902 0.8543203 0.3908945 0.8472524 0.3902242 0.8468695 0.3812017 0.8371056 0.3758379 0.8670029 0.3758379 0.8371056 0.9481149 0.8371056 0.9481149 0.8371056 0.9481149 0.8371056 0.9481149 0.8371056 0.9481149 0.8371056 0.9481149 0.8371056 0.9481149 0.8371056 0.9481149 0.8371056 0.9481149 0.8371056 0.9481149 0.8371056 0.9481149 0.8371056 0.9481149 0.8371056 0.9481149 0.8371056 0.9481149 0.8371056 0.9481149 0.8371056 0.9481149 0.8371056 0.9481149 0.8371056 0.9481149 0.8371056 0.9481149 0.8371056 0.9481149 0.8371056 0.9481149 0.8371056 0.9481149 0.8371056 0.9481149 0.8371056 0.9481149 0.8371056 0.9481149 0.8371056 0.9481149 0.8371056 0.9481149 0.8371056 0.9481149 0.8371056 0.9481149 0.8371056 0.9481149 0.8371056 0.9481149 0.8371056 0.9481149 0.8371056 0.9481149 0.8371056 0.9481149 0.8371056 0.9481149 0.8371056 0.9481149 0.8371056 0.9481149 0.8371056 0.9481149 0.8371056 0.9481149 0.8371056 0.9481149 0.8371056 0.9481149 0.8371056 0.9481149 0.8371056 0.9489085 0.8371056 0.9489085 0.8371056 0.9489085 0.8371056 0.9489085 0.8371056 0.9489085 0.8371056 0.9489085 0.8371056 0.9489085 0.8371056 0.9489085 0.8371056 0.9489085 0.8371056 0.9489085 0.8371056 0.9489085 0.8371056 0.9489085 0.8371056 0.9489085 0.8371056 0.9489085 0.8371056 0.9489085 0.8371056 0.9489085 0.8371056 0.9489085 0.8371056 0.9489085 0.8371056 0.9497019 0.8371056 0.9497019 0.8371056 0.9497019 0.8371056 0.9497019 0.8371056 0.9497019 0.8371056 0.9497019 0.8371056 0.9497019 0.8371056 0.9497019 0.8371056 0.9497019 0.8371056 0.9497019 0.8371056 0.9497019 0.8371056 0.9497019 0.8371056 0.9497019 0.8371056 0.9497019 0.8371056 0.9497019 0.8371056 0.9497019 0.8371056 0.9497019 0.8371056 0.9497019 0.8371056 0.9497019 0.8371056 0.9497019 0.8371056 0.9497019 0.8371056 0.9497019 0.8371056 0.9497019 0.8371056 0.9497019 0.8371056 0.9497019 0.8371056 0.9497019 0.8371056 0.9497019 0.8371056 0.9497019 0.8371056 0.9497019 0.8371056 0.9497019 0.8553113 0.3053691 0.8533329 0.3117938 0.8487525 0.3108441 0.8449214 0.3251726 0.855373 0.3254679 0.8607066 0.3364312 0.8543205 0.3136683 0.855373 0.3254679 0.8449214 0.3251726 0.8371056 0.2986117 0.8472523 0.3129979 0.8449214 0.3251726 0.8670029 0.2986117 0.8607066 0.3364312 0.855373 0.3254679 0.8533329 0.3117938 0.8553113 0.3053691 0.8670029 0.2986117 0.8487525 0.3108441 0.8472523 0.3129979 0.8371056 0.2986117 0.8533329 0.3117938 0.8543205 0.3136683 0.8472523 0.3129979 0.8468695 0.3039754 0.8371056 0.2986117 0.8670029 0.2986117 0.8371056 0.9504956 0.8371056 0.9504956 0.8371056 0.9504956 0.8371056 0.9504956 0.8371056 0.9504956 0.8371056 0.9504956 0.8371056 0.9504956 0.8371056 0.9504956 0.8371056 0.9504956 0.8371056 0.9504956 0.8371056 0.9504956 0.8371056 0.9504956 0.8371056 0.9504956 0.8371056 0.9504956 0.8371056 0.9504956 0.8371056 0.9504956 0.8371056 0.9504956 0.8371056 0.9504956 0.8371056 0.9504956 0.8371056 0.9504956 0.8371056 0.9504956 0.8371056 0.9504956 0.8371056 0.9504956 0.8371056 0.9504956 0.8371056 0.9504956 0.8371056 0.9504956 0.8371056 0.9504956 0.8371056 0.9504956 0.8371056 0.9504956 0.8371056 0.9504956 0.8371056 0.9504956 0.8371056 0.9504956 0.8371056 0.9504956 0.8371056 0.9504956 0.8371056 0.9504956 0.8371056 0.9504956 0.8371056 0.9504956 0.8371056 0.9504956 0.8371056 0.9504956 0.8371056 0.9504956 0.8371056 0.9504956 0.8371056 0.9504956 0.8371056 0.9512891 0.8371056 0.9512891 0.8371056 0.9512891 0.8371056 0.9512891 0.8371056 0.9512891 0.8371056 0.9512891 0.8371056 0.9512891 0.8371056 0.9512891 0.8371056 0.9512891 0.8371056 0.9512891 0.8371056 0.9512891 0.8371056 0.9512891 0.8371056 0.9512891 0.8371056 0.9512891 0.8371056 0.9512891 0.8371056 0.9512891 0.8371056 0.9512891 0.8371056 0.9512891 0.8371056 0.9520826 0.8371056 0.9520826 0.8371056 0.9520826 0.8371056 0.9520826 0.8371056 0.9520826 0.8371056 0.9520826 0.8371056 0.9520826 0.8371056 0.9520826 0.8371056 0.9520826 0.8371056 0.9520826 0.8371056 0.9520826 0.8371056 0.9520826 0.8371056 0.9520826 0.8371056 0.9520826 0.8371056 0.9520826 0.8371056 0.9520826 0.8371056 0.9520826 0.8371056 0.9520826 0.8371056 0.9520826 0.8371056 0.9520826 0.8371056 0.9520826 0.8371056 0.9520826 0.8371056 0.9520826 0.8371056 0.9520826 0.8371056 0.9520826 0.8371056 0.9520826 0.8371056 0.9520826 0.8371056 0.9520826 0.8371056 0.9520826 0.8371056 0.9520826 0.8487974 0.2524477 0.8507758 0.246023 0.8553562 0.2469726 0.859187 0.2326442 0.8487361 0.232349 0.8434023 0.2213855 0.8497882 0.2441484 0.8487361 0.232349 0.859187 0.2326442 0.8670029 0.2592051 0.8568562 0.2448188 0.859187 0.2326442 0.8371056 0.259205 0.8434023 0.2213855 0.8487361 0.232349 0.8507758 0.246023 0.8487974 0.2524477 0.8371056 0.259205 0.8553562 0.2469726 0.8568562 0.2448188 0.8670029 0.2592051 0.8507758 0.246023 0.8497882 0.2441484 0.8568562 0.2448188 0.8572389 0.2538413 0.8670029 0.2592051 0.8371056 0.259205 0.8371056 0.9528762 0.8371056 0.9528762 0.8371056 0.9528762 0.8371056 0.9528762 0.8371056 0.9528762 0.8371056 0.9528762 0.8371056 0.9528762 0.8371056 0.9528762 0.8371056 0.9528762 0.8371056 0.9528762 0.8371056 0.9528762 0.8371056 0.9528762 0.8371056 0.9528762 0.8371056 0.9528762 0.8371056 0.9528762 0.8371056 0.9528762 0.8371056 0.9528762 0.8371056 0.9528762 0.8371056 0.9528762 0.8371056 0.9528762 0.8371056 0.9528762 0.8371056 0.9528762 0.8371056 0.9528762 0.8371056 0.9528762 0.8371056 0.9528762 0.8371056 0.9528762 0.8371056 0.9528762 0.8371056 0.9528762 0.8371056 0.9528762 0.8371056 0.9528762 0.8371056 0.9528762 0.8371056 0.9528762 0.8371056 0.9528762 0.8371056 0.9528762 0.8371056 0.9528762 0.8371056 0.9528762 0.8371056 0.9528762 0.8371056 0.9528762 0.8371056 0.9528762 0.8371056 0.9528762 0.8371056 0.9528762 0.8371056 0.9528762 0.8371056 0.9536698 0.8371056 0.9536698 0.8371056 0.9536698 0.8371056 0.9536698 0.8371056 0.9536698 0.8371056 0.9536698 0.8371056 0.9536698 0.8371056 0.9536698 0.8371056 0.9536698 0.8371056 0.9536698 0.8371056 0.9536698 0.8371056 0.9536698 0.8371056 0.9536698 0.8371056 0.9536698 0.8371056 0.9536698 0.8371056 0.9536698 0.8371056 0.9536698 0.8371056 0.9536698 0.8371056 0.9544633 0.8371056 0.9544633 0.8371056 0.9544633 0.8371056 0.9544633 0.8371056 0.9544633 0.8371056 0.9544633 0.8371056 0.9544633 0.8371056 0.9544633 0.8371056 0.9544633 0.8371056 0.9544633 0.8371056 0.9544633 0.8371056 0.9544633 0.8371056 0.9544633 0.8371056 0.9544633 0.8371056 0.9544633 0.8371056 0.9544633 0.8371056 0.9544633 0.8371056 0.9544633 0.8371056 0.9544633 0.8371056 0.9544633 0.8371056 0.9544633 0.8371056 0.9544633 0.8371056 0.9544633 0.8371056 0.9544633 0.8371056 0.9544633 0.8371056 0.9544633 0.8371056 0.9544633 0.8371056 0.9544633 0.8371056 0.9544633 0.8371056 0.9544633 0.8558771 0.5755811 0.8540734 0.5820199 0.8494533 0.5811824 0.8400542 0.605821 0.8461129 0.5954333 0.8565545 0.5959899 0.8551158 0.5838739 0.8565545 0.5959899 0.8461129 0.5954333 0.8371056 0.5689033 0.848007 0.5833829 0.8461129 0.5954333 0.8669763 0.5689033 0.8620216 0.6044537 0.8565545 0.5959899 0.8540734 0.5820199 0.8558771 0.5755811 0.8669763 0.5689033 0.8494533 0.5811824 0.848007 0.5833829 0.8371056 0.5689033 0.8540734 0.5820199 0.8551158 0.5838739 0.848007 0.5833829 0.847363 0.5742546 0.8371056 0.5689033 0.8669763 0.5689033 0.8371056 0.9552568 0.8371056 0.9552568 0.8371056 0.9552568 0.8371056 0.9552568 0.8371056 0.9552568 0.8371056 0.9552568 0.8371056 0.9552568 0.8371056 0.9552568 0.8371056 0.9552568 0.8371056 0.9552568 0.8371056 0.9552568 0.8371056 0.9552568 0.8371056 0.9552568 0.8371056 0.9552568 0.8371056 0.9552568 0.8371056 0.9552568 0.8371056 0.9552568 0.8371056 0.9552568 0.8371056 0.9552568 0.8371056 0.9552568 0.8371056 0.9552568 0.8371056 0.9552568 0.8371056 0.9552568 0.8371056 0.9552568 0.8371056 0.9552568 0.8371056 0.9552568 0.8371056 0.9552568 0.8371056 0.9552568 0.8371056 0.9552568 0.8371056 0.9552568 0.8371056 0.9552568 0.8371056 0.9552568 0.8371056 0.9552568 0.8371056 0.9552568 0.8371056 0.9552568 0.8371056 0.9552568 0.8371056 0.9552568 0.8371056 0.9552568 0.8371056 0.9552568 0.8371056 0.9552568 0.8371056 0.9552568 0.8371056 0.9552568 0.8371056 0.9560504 0.8371056 0.9560504 0.8371056 0.9560504 0.8371056 0.9560504 0.8371056 0.9560504 0.8371056 0.9560504 0.8371056 0.9560504 0.8371056 0.9560504 0.8371056 0.9560504 0.8371056 0.9560504 0.8371056 0.9560504 0.8371056 0.9560504 0.8371056 0.9560504 0.8371056 0.9560504 0.8371056 0.9560504 0.8371056 0.9560504 0.8371056 0.9560504 0.8371056 0.9560504 0.8371056 0.956844 0.8371056 0.956844 0.8371056 0.956844 0.8371056 0.956844 0.8371056 0.956844 0.8371056 0.956844 0.8371056 0.956844 0.8371056 0.956844 0.8371056 0.956844 0.8371056 0.956844 0.8371056 0.956844 0.8371056 0.956844 0.8371056 0.956844 0.8371056 0.956844 0.8371056 0.956844 0.8371056 0.956844 0.8371056 0.956844 0.8371056 0.956844 0.8371056 0.956844 0.8371056 0.956844 0.8371056 0.956844 0.8371056 0.956844 0.8371056 0.956844 0.8371056 0.956844 0.8371056 0.956844 0.8371056 0.956844 0.8371056 0.956844 0.8371056 0.956844 0.8371056 0.956844 0.8371056 0.956844 0.8487972 0.1752208 0.8507757 0.1687961 0.8553562 0.169746 0.859187 0.155417 0.8487353 0.155122 0.8434016 0.1441586 0.8497879 0.1669217 0.8487353 0.155122 0.859187 0.155417 0.8670029 0.1819781 0.856856 0.1675919 0.859187 0.155417 0.8371055 0.1819784 0.8434016 0.1441586 0.8487353 0.155122 0.8507757 0.1687961 0.8487972 0.1752208 0.8371055 0.1819784 0.8553562 0.169746 0.856856 0.1675919 0.8670029 0.1819781 0.8507757 0.1687961 0.8497879 0.1669217 0.856856 0.1675919 0.8572389 0.1766147 0.8670029 0.1819781 0.8371055 0.1819784 0.4702156 0.4721303 0.4700334 0.5116047 0.4684591 0.5116032 0.5503963 0.5188972 0.5488236 0.518897 0.5488235 0.47958 0.009281396 0.5725099 0.01274508 0.5528845 0.05552059 0.5607486 0.009048998 0.5737136 0.009281396 0.5725099 0.05226331 0.5808398 0.05606418 0.5582644 0.05575072 0.5595106 0.01297199 0.551649 9.90387e-5 0.6151646 0.009048998 0.5737136 0.05203652 0.5820615 0.06631451 0.3578164 0.06640148 0.3590072 0.02444702 0.3620446 0.06631451 0.3578164 0.02436381 0.3608838 0.02066195 0.3205875 0.02320641 0.4662601 0.02532613 0.425148 0.06848531 0.4252984 0.05575072 0.5595106 0.05552059 0.5607486 0.01274508 0.5528845 0.05606418 0.5582644 0.06166362 0.5155411 0.166271 0.5510793 0.4199085 0.03991711 0.4363417 0.04098606 0.4297142 0.0767486 0.4188982 0.03982245 0.4199085 0.03991711 0.4129646 0.07598638 0.4119465 0.07588368 0.4129646 0.07598638 0.4025762 0.1121752 0.3773314 0.06749904 0.4119465 0.07588368 0.4015558 0.1120395 0.4307434 0.07684916 0.4373536 0.04107177 0.4384233 0.04122114 0.4204586 0.1131198 0.4307434 0.07684916 0.4318011 0.07709759 0.4188982 0.03982245 0.4119465 0.07588368 0.3773314 0.06749904 0.4129646 0.07598638 0.4297142 0.0767486 0.4194189 0.1129885 0.4204586 0.1131198 0.4194189 0.1129885 0.4297142 0.0767486 0.4307434 0.07684916 0.4297142 0.0767486 0.4363417 0.04098606 0.4054042 0.1495276 0.3882201 0.1481379 0.4025762 0.1121752 0.3871979 0.1479366 0.3882201 0.1481379 0.3693056 0.1837316 0.3871979 0.1479366 0.3682759 0.1834467 0.3368844 0.1633094 0.4015558 0.1120395 0.4025762 0.1121752 0.3882201 0.1481379 0.4015558 0.1120395 0.3871979 0.1479366 0.3540054 0.1319842 0.2455395 0.3180487 0.3282014 0.2604476 0.3290038 0.2613199 0.4294045 0.1908715 0.4277939 0.1907159 0.4074804 0.1501693 0.1739906 0.3987813 0.2625389 0.3469294 0.2781902 0.3725128 0.1918885 0.4328633 0.2793316 0.3742215 0.2870507 0.3858916 0.1581357 0.3596936 0.2455395 0.3180487 0.2461339 0.3190832 0.2781902 0.3725128 0.2625389 0.3469294 0.3588583 0.2820352 0.4074804 0.1501693 0.4064642 0.1497198 0.4204586 0.1131198 0.2449935 0.3171121 0.2371568 0.3034601 0.3143948 0.2507816 0.4278005 0.2538493 0.3890528 0.3011404 0.3879445 0.3000447 0.2618008 0.3457424 0.2461339 0.3190832 0.3290038 0.2613199 0.06740033 0.3798481 0.1581357 0.3596936 0.1585294 0.3608616 0.3282014 0.2604476 0.3879836 0.1862249 0.3889753 0.1868669 0.2033339 0.4504038 0.2875674 0.3866203 0.2996718 0.4071168 0.2366397 0.302549 0.1526131 0.3397806 0.1400738 0.3003011 0.3135892 0.2501304 0.2366397 0.302549 0.2180547 0.2682271 0.2781902 0.3725128 0.2787822 0.3734071 0.1914182 0.4318434 0.3890528 0.3011404 0.2787822 0.3734071 0.2781902 0.3725128 0.2870507 0.3858916 0.2793316 0.3742215 0.3898693 0.3018407 0.1529085 0.3408927 0.2371568 0.3034601 0.2449935 0.3171121 0.1914182 0.4318434 0.06980061 0.4701071 0.06578028 0.4700339 0.2875674 0.3866203 0.2033339 0.4504038 0.2027719 0.4495203 0.2793316 0.3742215 0.1918885 0.4328633 0.1914182 0.4318434 0.3890528 0.3011404 0.3898693 0.3018407 0.2793316 0.3742215 0.4272834 0.2559245 0.3898693 0.3018407 0.3890528 0.3011404 0.1581357 0.3596936 0.06740033 0.3798481 0.06731075 0.3786232 0.2455395 0.3180487 0.1581357 0.3596936 0.1577913 0.3585672 0.3273823 0.2597712 0.3282014 0.2604476 0.2455395 0.3180487 0.386909 0.1859347 0.3879836 0.1862249 0.3282014 0.2604476 0.2371568 0.3034601 0.1529085 0.3408927 0.1526131 0.3397806 0.3135892 0.2501304 0.3143948 0.2507816 0.2371568 0.3034601 0.2625389 0.3469294 0.1739906 0.3987813 0.1733625 0.3972866 0.3577134 0.2812223 0.3588583 0.2820352 0.2625389 0.3469294 0.3534914 0.6958128 0.4233028 0.7952437 0.3817625 0.7978662 0.1585294 0.3608616 0.2461339 0.3190832 0.2618008 0.3457424 0.4373536 0.04107177 0.4363417 0.04098606 0.4396741 0.005750656 0.4199085 0.03991711 0.4188982 0.03982245 0.4226661 0.00446397 0.4373536 0.04107177 0.440684 0.005832672 0.4417209 0.005930483 0.4363417 0.04098606 0.4199085 0.03991711 0.4236603 0.004556119 0.3831994 0.034307 0.3874379 9.90974e-5 0.4226661 0.00446397 0.3682759 0.1834467 0.3135892 0.2501304 0.2877781 0.2217447 0.4697676 0.835253 0.470255 0.8756331 0.4153763 0.877618 0.4064642 0.1497198 0.4054042 0.1495276 0.4194189 0.1129885 0.2027719 0.4495203 0.2033339 0.4504038 0.1623008 0.4718644 0.1623008 0.4718644 0.2033339 0.4504038 0.2265619 0.4598952 0.4710052 0.7941571 0.4693534 0.7941721 0.4690437 0.7526293 0.4722933 0.1155881 0.4729726 0.07869327 0.4744303 0.07872253 0.5488236 0.04707968 0.5488234 0.007761418 0.5503963 0.007761299 0.4729726 0.07869327 0.4737807 0.04266113 0.475206 0.04269862 0.5503963 0.1650345 0.5488235 0.1650345 0.5488235 0.1257162 0.5488235 0.47958 0.5488236 0.518897 0.511078 0.9907162 0.511078 0.9907162 0.5095053 0.9907162 0.5095053 0.007761418 0.4686325 0.4721226 0.4688199 0.4325337 0.4704139 0.432542 0.5503963 0.4795796 0.5488235 0.47958 0.5488235 0.440262 0.4693223 0.3520015 0.4696884 0.3112344 0.4713098 0.3112505 0.5488235 0.4009438 0.5488235 0.3616257 0.5503962 0.3616257 0.471396 0.8352352 0.4697676 0.835253 0.4693534 0.7941721 0.4318011 0.07709759 0.4729726 0.07869327 0.4722933 0.1155881 0.4384233 0.04122114 0.4737807 0.04266113 0.4729726 0.07869327 0.3879836 0.1862249 0.4064642 0.1497198 0.4074804 0.1501693 0.4718509 0.8756122 0.470255 0.8756331 0.4697676 0.835253 0.5488235 0.08639794 0.5488236 0.04707968 0.5503963 0.04707962 0.4708216 0.9150899 0.4716008 0.9536455 0.433581 0.9553105 0.4737807 0.04266113 0.474901 0.00737816 0.4763098 0.007421553 0.5503963 0.1257162 0.5488235 0.1257162 0.5488235 0.08639794 0.5095053 0.007761418 0.5095053 0.9907162 0.4700334 0.5116047 0.4704809 0.2320046 0.4710333 0.192287 0.4726023 0.1923106 0.5488235 0.2043528 0.5488235 0.1650345 0.5503963 0.1650345 0.5503963 0.243671 0.5488235 0.2436711 0.5488235 0.2043528 0.4688199 0.4325337 0.469041 0.3925058 0.4706529 0.3925159 0.5488235 0.440262 0.5488235 0.4009438 0.5503962 0.4009438 0.650916 0.9907157 0.6104183 0.9907157 0.6104183 0.007761359 0.5889282 0.00776124 0.5901077 0.00776124 0.5901077 0.9907157 0.6104183 0.9907157 0.6093062 0.9907157 0.6093062 0.007761299 0.5503963 0.4795796 0.5889282 0.00776124 0.5889282 0.9907157 0.469041 0.3925058 0.4693223 0.3520015 0.4709489 0.3520143 0.5503962 0.3616257 0.5488235 0.3616257 0.5488234 0.3223076 0.5912199 0.9907157 0.5901077 0.9907157 0.5901077 0.00776124 0.3577134 0.2812223 0.3290038 0.2613199 0.3889753 0.1868669 0.5503962 0.2617575 0.5488235 0.2617574 0.5488235 0.2436711 0.5503962 0.3223076 0.5488234 0.3223076 0.5488235 0.2829892 0.4731792 0.1535061 0.4716468 0.153481 0.4722933 0.1155881 0.4716468 0.153481 0.4074804 0.1501693 0.4215044 0.113469 0.4263793 0.9167606 0.4153763 0.877618 0.470255 0.8756331 0.4277939 0.1907159 0.4294045 0.1908715 0.3588583 0.2820352 0.5488235 0.2829892 0.5488235 0.2617574 0.5503962 0.2617575 0.4311021 0.2711766 0.4300174 0.2712075 0.4272834 0.2559245 0.6093062 0.007761299 0.6093062 0.9907157 0.5912199 0.9907157 0.4311021 0.2711766 0.4278005 0.2538493 0.4284543 0.2512401 0.2571336 0.614008 0.2372649 0.6419687 0.14797 0.5882798 0.4706795 0.7526223 0.4690437 0.7526293 0.4689383 0.7124792 0.4241349 0.9171363 0.4313455 0.9555706 0.4136584 0.9567973 0.4125714 0.9569036 0.4049705 0.9180812 0.4060686 0.9179697 0.4049705 0.9180812 0.3937968 0.8789935 0.3949026 0.8788537 0.3937968 0.8789935 0.4049705 0.9180812 0.3674551 0.9272338 0.433581 0.9553105 0.4324327 0.9554748 0.4252418 0.917028 0.4263793 0.9167606 0.4252418 0.917028 0.4142544 0.8779843 0.3674551 0.9272338 0.4049705 0.9180812 0.4125714 0.9569036 0.4131327 0.8781192 0.4241349 0.9171363 0.4060686 0.9179697 0.4142544 0.8779843 0.4252418 0.917028 0.4241349 0.9171363 0.4252418 0.917028 0.4324327 0.9554748 0.4313455 0.9555706 0.3983593 0.8385039 0.4131327 0.8781192 0.3949026 0.8788537 0.3786429 0.8398491 0.359227 0.8006202 0.3603607 0.8003591 0.3421112 0.8565793 0.3239369 0.8213745 0.359227 0.8006202 0.3937968 0.8789935 0.3786429 0.8398491 0.3797574 0.8396537 0.3567849 0.8919255 0.3421112 0.8565793 0.3786429 0.8398491 0.3212616 0.7138411 0.3203209 0.7147171 0.2365128 0.6430227 0.4250064 0.7951405 0.3547834 0.6950442 0.4260345 0.7316897 0.3547834 0.6950442 0.3866899 0.6794651 0.4260345 0.7316897 0.2779556 0.5854141 0.2580553 0.6127982 0.1670613 0.5495642 0.2892435 0.5715276 0.2794041 0.5836914 0.1897182 0.5110976 0.2372649 0.6419687 0.2365128 0.6430227 0.1474347 0.5894674 0.2779556 0.5854141 0.3866899 0.6794651 0.3547834 0.6950442 0.4142544 0.8779843 0.3995057 0.8383179 0.4006471 0.8378363 0.2358232 0.6439757 0.3193773 0.7153801 0.3045321 0.7239314 0.3866899 0.6794651 0.3879341 0.678392 0.4254816 0.7289646 0.2571336 0.614008 0.3534914 0.6958128 0.3212616 0.7138411 0.1733625 0.3972866 0.06844669 0.423556 0.06756883 0.381077 0.3817625 0.7978662 0.3806752 0.7985107 0.3203209 0.7147171 0.3064674 0.5462208 0.2899001 0.5707932 0.2031618 0.4915763 0.1219964 0.6511319 0.139608 0.6098471 0.2252032 0.6589056 0.2728498 0.7531193 0.2018789 0.6932609 0.2252032 0.6589056 0.2779556 0.5854141 0.1885898 0.5130996 0.1891485 0.5121463 0.2779556 0.5854141 0.2787076 0.584512 0.3879341 0.678392 0.2358232 0.6439757 0.2258629 0.6579781 0.1400406 0.6087087 0.2025132 0.4925383 0.2031618 0.4915763 0.2899001 0.5707932 0.1891485 0.5121463 0.1897182 0.5110976 0.2794041 0.5836914 0.3879341 0.678392 0.2787076 0.584512 0.2794041 0.5836914 0.3879341 0.678392 0.3888526 0.6777346 0.4250462 0.7267965 0.1469552 0.5906156 0.1474347 0.5894674 0.2365128 0.6430227 0.3193773 0.7153801 0.2358232 0.6439757 0.2365128 0.6430227 0.3795037 0.7987753 0.3193773 0.7153801 0.3203209 0.7147171 0.139608 0.6098471 0.1400406 0.6087087 0.2258629 0.6579781 0.3035991 0.7245712 0.2252032 0.6589056 0.2258629 0.6579781 0.166271 0.5510793 0.1670613 0.5495642 0.2580553 0.6127982 0.3534914 0.6958128 0.2571336 0.614008 0.2580553 0.6127982 0.4233028 0.7952437 0.3534914 0.6958128 0.3547834 0.6950442 0.4324327 0.9554748 0.4361864 0.9933108 0.4351021 0.9934042 0.4136584 0.9567973 0.4178934 0.9948075 0.4168246 0.9949125 0.437335 0.9931963 0.4361864 0.9933108 0.4324327 0.9554748 0.4313455 0.9555706 0.4351021 0.9934042 0.4178934 0.9948075 0.4125714 0.9569036 0.4168246 0.9949125 0.3789073 0.9999009 0.2728498 0.7531193 0.3035991 0.7245712 0.359227 0.8006202 0.3995057 0.8383179 0.4142544 0.8779843 0.4131327 0.8781192 0.4743911 0.9912797 0.4728869 0.9913305 0.4716008 0.9536455 0.5503964 0.9907159 0.5488237 0.9907159 0.5488235 0.9513977 0.5503963 0.872761 0.5488236 0.872761 0.5488236 0.8334426 0.4703978 0.6716109 0.4687703 0.6716161 0.4686588 0.631087 0.5503964 0.6368515 0.5488237 0.6368516 0.5488236 0.5975335 0.4006471 0.8378363 0.3995057 0.8383179 0.3806752 0.7985107 0.4731245 0.9536052 0.4716008 0.9536455 0.4708216 0.9150899 0.5503963 0.9513976 0.5488235 0.9513977 0.5488235 0.9120793 0.4723812 0.9150633 0.4708216 0.9150899 0.470255 0.8756331 0.5503963 0.9120793 0.5488235 0.9120793 0.5488236 0.872761 0.5503963 0.8334426 0.5488236 0.8334426 0.5488237 0.7941242 0.5503964 0.754806 0.5503964 0.7941243 0.5488237 0.7941242 0.4701765 0.5909363 0.4685764 0.5909394 0.4685109 0.551118 0.5503964 0.5975334 0.5488236 0.5975335 0.5488236 0.5582154 0.4710333 0.192287 0.4716468 0.153481 0.4731792 0.1535061 0.4702727 0.631083 0.4686588 0.631087 0.4685764 0.5909394 0.5503965 0.6761695 0.5488237 0.6761695 0.5488237 0.6368516 0.5503964 0.754806 0.5488236 0.7548061 0.5488237 0.7367196 0.5503964 0.7154877 0.5488237 0.7154876 0.5488237 0.6761695 0.4704809 0.2320046 0.4284543 0.2512401 0.4294045 0.1908715 0.4250064 0.7951405 0.4697676 0.835253 0.4006471 0.8378363 0.5503964 0.7367196 0.5488237 0.7367196 0.5488237 0.7154876 0.4296639 0.7112866 0.4254816 0.7289646 0.4250462 0.7267965 0.4260345 0.7316897 0.4254816 0.7289646 0.4296639 0.7112866 0.0618903 0.5138012 0.06578028 0.4700339 0.1885898 0.5130996 0.06578028 0.4700339 0.06848531 0.4252984 0.1739906 0.3987813 0.01888203 0.5100796 0.06166362 0.5155411 0.05606418 0.5582644 0.02553367 0.3836141 0.02545768 0.3823298 0.06740033 0.3798481 0.02553367 0.3836141 0.06756883 0.381077 0.06844669 0.423556 0.1564096 0.4719423 0.07343107 0.4701704 0.1918885 0.4328633 0.1914182 0.4318434 0.1918885 0.4328633 0.07343107 0.4701704 0.14797 0.5882798 0.1474347 0.5894674 0.05575072 0.5595106 0.06578028 0.4700339 0.06980061 0.4701071 0.1891485 0.5121463 0.1564096 0.4719423 0.2025132 0.4925383 0.1897182 0.5110976 0.1891485 0.5121463 0.06980061 0.4701071 0.07343107 0.4701704 0.2025132 0.4925383 0.1564096 0.4719423 0.1623008 0.4718644 0.2325406 0.4805804 0.2031618 0.4915763 0.1623008 0.4718644 0.023117 0.4674583 0.06578028 0.4700339 0.0618903 0.5138012 0.4700985 0.5511155 0.4685109 0.551118 0.4684591 0.5116032 0.5503963 0.5188972 0.5503965 0.5582154 0.5488236 0.5582154 0.06731075 0.3786232 0.02538663 0.3811187 0.02444702 0.3620446 0.0190972 0.5083706 0.0618903 0.5138012 0.06166362 0.5155411 0.02533662 0.4234265 0.06844669 0.423556 0.06848531 0.4252984 0.3882201 0.1481379 0.4054042 0.1495276 0.386909 0.1859347 0.3879836 0.1862249 0.386909 0.1859347 0.4054042 0.1495276 0.3273823 0.2597712 0.3143948 0.2507816 0.3693056 0.1837316 0.06640148 0.3590072 0.1529085 0.3408927 0.1577913 0.3585672 0.1526131 0.3397806 0.06631451 0.3578164 0.06007993 0.3163896 0.1529085 0.3408927 0.06640148 0.3590072 0.06631451 0.3578164 0.1739906 0.3987813 0.06848531 0.4252984 0.06844669 0.423556 0.3682759 0.1834467 0.3693056 0.1837316 0.3143948 0.2507816 0.3795037 0.7987753 0.3983593 0.8385039 0.3797574 0.8396537 0.3806752 0.7985107 0.3995057 0.8383179 0.3983593 0.8385039 0.3193773 0.7153801 0.3795037 0.7987753 0.3603607 0.8003591 0.1469552 0.5906156 0.1400406 0.6087087 0.05226331 0.5808398 0.04047656 0.6244922 0.05203652 0.5820615 0.139608 0.6098471 0.05203652 0.5820615 0.05226331 0.5808398 0.1400406 0.6087087 0.06166362 0.5155411 0.0618903 0.5138012 0.1670613 0.5495642 0.359227 0.8006202 0.3035991 0.7245712 0.3045321 0.7239314 0.02538663 0.3811187 0.06731075 0.3786232 0.06740033 0.3798481 0.05552059 0.5607486 0.05575072 0.5595106 0.1474347 0.5894674 0.4044007 0.3148242 0.4055032 0.3128789 0.4060033 0.6682096 0.4264199 0.3103867 0.4266188 0.6714126 0.4060033 0.6682096 0.4289596 0.6713632 0.4277553 0.6713885 0.4275518 0.3104349 0.3641455 0.5837609 0.3734744 0.382639 0.4044007 0.3148242 0.4686325 0.4721226 0.4684591 0.5116032 0.4289596 0.6713632 0.4277553 0.6713885 0.4266188 0.6714126 0.4264199 0.3103867 0.2996718 0.4071168 0.2875674 0.3866203 0.4044007 0.3148242 0.4044007 0.3148242 0.2875674 0.3866203 0.2870507 0.3858916 0.4287502 0.3104856 0.4320845 0.2711526 0.4701197 0.2709994 0.4287502 0.3104856 0.4275518 0.3104349 0.4311021 0.2711766 0.4264199 0.3103867 0.4300174 0.2712075 0.4311021 0.2711766 0.4055032 0.3128789 0.3898693 0.3018407 0.4300174 0.2712075 0.3898693 0.3018407 0.4272834 0.2559245 0.4300174 0.2712075 0.3064674 0.5462208 0.3641455 0.5837609 0.4050498 0.6660093 0.2892435 0.5715276 0.4060033 0.6682096 0.3888526 0.6777346 0.2892435 0.5715276 0.2899001 0.5707932 0.4050498 0.6660093 0.4284543 0.2512401 0.3879445 0.3000447 0.3588583 0.2820352 0.4306687 0.7113519 0.4296639 0.7112866 0.4277553 0.6713885 0.4296639 0.7112866 0.4285572 0.7112053 0.4266188 0.6714126 0.4250462 0.7267965 0.3888526 0.6777346 0.4285572 0.7112053 0.3888526 0.6777346 0.4060033 0.6682096 0.4285572 0.7112053 0.4701197 0.2709994 0.4704809 0.2320046 0.4720575 0.2320215 0.4696884 0.3112344 0.4701197 0.2709994 0.4717035 0.2710161 0.4705578 0.7124726 0.4689383 0.7124792 0.4687703 0.6716161 0.4689383 0.7124792 0.4306687 0.7113519 0.4289596 0.6713632 0.625 0.8750001 0.625 0.8750001 0.625 0.8750001 0.625 0.8750001 0.625 0.8750001 0.625 0.8750001 0.625 0.8750001 0.625 0.8750001 0.625 0.8750001 0.625 0.8750001 0.625 0.8750001 0.625 0.8750001 0.625 0.8750001 0.625 0.8750001 0.625 0.8750001 0.625 0.8750001 0.625 0.8750001 0.625 0.8750001 0.625 0.8750001 0.625 0.8750001 0.625 0.8750001 0.625 0.8750001 0.625 0.8750001 0.625 0.8750001 0.625 0.8750001 0.625 0.8750001 0.625 0.8750001 0.625 0.8750001 0.625 0.8750001 0.625 0.8750001 0.625 0.8750001 0.625 0.8750001 0.625 0.8750001 0.625 0.8750001 0.625 0.8750001 0.625 0.8750001 0.625 0.8750001 0.625 0.8750001 0.625 0.8750001 0.625 0.8750001 0.625 0.8750001 0.625 0.8750001 0.625 0.8750001 0.625 0.8750001 0.625 0.8750001 0.625 0.8750001 0.625 0.8750001 0.625 0.8750001 0.625 0.8750001 0.625 0.8750001 0.625 0.8750001 0.625 0.8750001 0.625 0.8750001 0.625 0.8750001 0.625 0.8750001 0.625 0.8750001 0.625 0.8750001 0.625 0.8750001 0.625 0.8750001 0.625 0.8750001 0.625 0.8750001 0.625 0.8750001 0.625 0.8750001 0.625 0.8750001 0.625 0.8750001 0.625 0.8750001 0.625 0.8750001 0.625 0.8750001 0.625 0.8750001 0.625 0.8750001 0.625 0.8750001 0.625 0.8750001 0.625 0.8750001 0.625 0.8750001 0.625 0.8750001 0.625 0.8750001 0.625 0.8750001 0.625 0.8750001 0.625 0.8750001 0.625 0.8750001 0.625 0.8750001 0.625 0.8750001 0.625 0.8750001 0.625 0.8750001 0.625 0.8750001 0.625 0.8750001 0.625 0.8750001 0.625 0.8750001 0.625 0.8750001 0.625 0.8750001 0.625 0.8750001 0.625 0.8750001 0.625 0.8750001 0.625 0.8750001 0.625 0.8750001 0.625 0.8750001 0.625 0.8750001 0.625 0.8750001 0.625 0.8750001 0.625 0.8750001 0.625 0.8750001 0.625 0.8750001 0.625 0.8750001 0.625 0.8750001 0.625 0.8750001 0.625 0.8750001 0.625 0.8750001 0.625 0.8750001 0.625 0.8750001 0.625 0.8750001 0.625 0.8750001 0.625 0.8750001 0.625 0.8750001 0.625 0.8750001 0.625 0.8750001 0.625 0.8750001 0.625 0.8750001 0.625 0.8750001 0.625 0.8750001 0.625 0.8750001 0.625 0.8750001 0.625 0.8750001 0.625 0.8750001 0.625 0.8750001 0.625 0.8750001 0.625 0.8750001 0.625 0.8750001 0.625 0.8750001 0.625 0.8750001 0.625 0.8750001 0.625 0.8750001 0.625 0.8750001 0.625 0.8750001 0.625 0.8750001 0.625 0.8750001 0.625 0.8750001 0.625 0.8750001 0.625 0.8750001 0.625 0.8750001 0.625 0.8750001 0.625 0.8750001 0.625 0.8750001 0.625 0.8750001 0.625 0.8750001 0.625 0.8750001 0.625 0.8750001 0.625 0.8750001 0.625 0.8750001 0.625 0.8750001 0.625 0.8750001 0.625 0.8750001 0.625 0.8750001 0.625 0.8750001 0.625 0.8750001 0.625 0.8750001 0.625 0.8750001 0.625 0.8750001 0.625 0.8750001 0.625 0.8750001 0.625 0.8750001 0.625 0.8750001 0.625 0.8750001 0.625 0.8750001 0.625 0.8750001 0.625 0.8750001 0.625 0.8750001 0.625 0.8750001 0.625 0.8750001 0.625 0.8750001 0.625 0.8750001 0.625 0.8750001 0.625 0.8750001 0.625 0.8750001 0.625 0.8750001 0.625 0.8750001 0.625 0.8750001 0.625 0.8750001 0.625 0.8750001 0.625 0.8750001 0.625 0.8750001 0.625 0.8750001 0.625 0.8750001 0.625 0.8750001 0.625 0.8750001 0.625 0.8750001 0.625 0.8750001 0.625 0.8750001 0.625 0.8750001 0.625 0.8750001 0.625 0.8750001 0.625 0.8750001 0.625 0.8750001 0.625 0.8750001 0.625 0.8750001 0.625 0.8750001 0.625 0.8750001 0.625 0.8750001 0.625 0.8750001 0.625 0.8750001 0.625 0.8750001 0.625 0.8750001 0.625 0.8750001 0.625 0.8750001 0.625 0.8750001 0.625 0.8750001 0.625 0.8750001 0.625 0.8750001 0.625 0.8750001 0.625 0.8750001 0.625 0.8750001 0.625 0.8750001 0.625 0.8750001 0.625 0.8750001 0.625 0.8750001 0.625 0.8750001 0.625 0.8750001 0.625 0.8750001 0.625 0.8750001 0.625 0.8750001 0.625 0.8750001 0.625 0.8750001 0.625 0.8750001 0.625 0.8750001 0.625 0.8750001 0.625 0.8750001 0.625 0.8750001 0.625 0.8750001 0.625 0.8750001 0.625 0.8750001 0.625 0.8750001 0.625 0.8750001 0.625 0.8750001 0.625 0.8750001 0.625 0.8750001 0.625 0.8750001 0.625 0.8750001 0.625 0.8750001 0.625 0.8750001 0.625 0.8750001 0.625 0.8750001 0.625 0.8750001 0.625 0.8750001 0.625 0.8750001 0.625 0.8750001 0.625 0.8750001 0.625 0.8750001 0.625 0.8750001 0.625 0.8750001 0.625 0.8750001 0.625 0.8750001 0.625 0.8750001 0.625 0.8750001 0.625 0.8750001 0.625 0.8750001 0.625 0.8750001 0.625 0.8750001 0.625 0.8750001 0.625 0.8750001 0.625 0.8750001 0.625 0.8750001 0.625 0.8750001 0.625 0.8750001 0.625 0.8750001 0.625 0.8750001 0.625 0.8750001 0.625 0.8750001 0.625 0.8750001 0.625 0.8750001 0.625 0.8750001 0.625 0.8750001 0.625 0.8750001 0.625 0.8750001 0.625 0.8750001 0.625 0.8750001 0.625 0.8750001 0.625 0.8750001 0.625 0.8750001 0.625 0.8750001 0.625 0.8750001 0.625 0.8750001 0.625 0.8750001 0.625 0.8750001 0.625 0.8750001 0.625 0.8750001 0.625 0.8750001 0.625 0.8750001 0.625 0.8750001 0.625 0.8750001 0.625 0.8750001 0.625 0.8750001 0.625 0.8750001 0.625 0.8750001 0.625 0.8750001 0.625 0.8750001 0.625 0.8750001 0.625 0.8750001 0.625 0.8750001 0.625 0.8750001 0.625 0.8750001 0.625 0.8750001 0.625 0.8750001 0.625 0.8750001 0.625 0.8750001 0.625 0.8750001 0.625 0.8750001 0.625 0.8750001 0.625 0.8750001 0.625 0.8750001 0.625 0.8750001 0.625 0.8750001 0.625 0.8750001 0.625 0.8750001 0.625 0.8750001 0.625 0.8750001 0.625 0.8750001 0.625 0.8750001 0.625 0.8750001 0.625 0.8750001 0.625 0.8750001 0.625 0.8750001 0.625 0.8750001 0.625 0.8750001 0.625 0.8750001 0.625 0.8750001 0.625 0.8750001 0.625 0.8750001 0.625 0.8750001 0.625 0.8750001 0.625 0.8750001 0.625 0.8750001</float_array>
          <technique_common>
            <accessor source="#Freeway_Join_Freeway_2_mesh-mesh-map-0-array" count="7623" stride="2">
              <param name="S" type="float"/>
              <param name="T" type="float"/>
            </accessor>
          </technique_common>
        </source>
        <vertices id="Freeway_Join_Freeway_2_mesh-mesh-vertices">
          <input semantic="POSITION" source="#Freeway_Join_Freeway_2_mesh-mesh-positions"/>
        </vertices>
        <triangles material="Road-material" count="2321">
          <input semantic="VERTEX" source="#Freeway_Join_Freeway_2_mesh-mesh-vertices" offset="0"/>
          <input semantic="NORMAL" source="#Freeway_Join_Freeway_2_mesh-mesh-normals" offset="1"/>
          <input semantic="TEXCOORD" source="#Freeway_Join_Freeway_2_mesh-mesh-map-0" offset="2" set="0"/>
          <p>3 0 0 0 0 1 1 0 2 7 1 3 2 1 4 3 1 5 5 2 6 6 2 7 7 2 8 1 3 9 4 3 10 5 3 11 0 4 12 6 4 13 4 4 14 7 5 15 9 5 16 10 5 17 11 6 18 12 6 19 8 6 20 5 7 21 10 7 22 11 7 23 1 8 24 9 8 25 3 8 26 1 9 27 11 9 28 8 9 29 14 10 30 12 10 31 15 10 32 9 11 33 14 11 34 10 11 35 10 12 36 15 12 37 11 12 38 8 13 39 13 13 40 9 13 41 16 14 42 18 14 43 19 14 44 22 15 45 20 15 46 23 15 47 18 16 48 23 16 49 19 16 50 16 17 51 21 17 52 17 17 53 19 18 54 20 18 55 16 18 56 17 19 57 22 19 58 18 19 59 27 20 60 25 20 61 26 20 62 31 21 63 29 21 64 28 21 65 33 22 66 30 22 67 31 22 68 34 23 69 29 23 70 35 23 71 33 24 72 28 24 73 34 24 74 35 25 75 30 25 76 32 25 77 25 26 78 32 26 79 26 26 80 27 27 81 34 27 82 24 27 83 25 28 84 34 28 85 35 28 86 26 29 87 33 29 88 27 29 89 36 30 90 38 30 91 39 30 92 43 31 93 41 31 94 40 31 95 46 15 96 42 15 97 47 15 98 44 32 99 42 32 100 43 32 101 45 33 102 41 33 103 46 33 104 37 34 105 45 34 106 46 34 107 38 35 108 44 35 109 39 35 110 38 15 111 46 15 112 47 15 113 39 36 114 45 36 115 36 36 116 55 37 117 52 37 118 53 37 119 55 38 120 58 38 121 54 38 122 57 39 123 58 39 124 59 39 125 53 40 126 56 40 127 57 40 128 54 4 129 56 4 130 52 4 131 55 41 132 62 41 133 59 41 134 63 42 135 64 42 136 60 42 137 59 43 138 63 43 139 57 43 140 53 44 141 61 44 142 55 44 143 53 45 144 63 45 145 60 45 146 66 15 147 64 15 148 67 15 149 61 46 150 66 46 151 62 46 152 63 47 153 66 47 154 67 47 155 60 48 156 65 48 157 61 48 158 68 4 159 70 4 160 71 4 161 74 15 162 72 15 163 75 15 164 70 49 165 75 49 166 71 49 167 68 50 168 73 50 169 69 50 170 71 51 171 72 51 172 68 51 173 69 52 174 74 52 175 70 52 176 79 53 177 77 53 178 78 53 179 83 54 180 81 54 181 80 54 182 85 55 183 82 55 184 83 55 185 86 56 186 81 56 187 87 56 188 86 57 189 83 57 190 80 57 191 87 58 192 82 58 193 84 58 194 77 59 195 84 59 196 78 59 197 76 60 198 85 60 199 86 60 200 77 61 201 86 61 202 87 61 203 78 62 204 85 62 205 79 62 206 91 63 207 89 63 208 90 63 209 94 64 210 92 64 211 95 64 212 98 15 213 94 15 214 99 15 215 96 65 216 94 65 217 95 65 218 97 66 219 93 66 220 98 66 221 89 67 222 97 67 223 98 67 224 90 68 225 96 68 226 91 68 227 90 15 228 98 15 229 99 15 230 88 69 231 96 69 232 97 69 233 107 70 234 104 70 235 105 70 236 111 71 237 106 71 238 107 71 239 109 72 240 110 72 241 111 72 242 105 73 243 108 73 244 109 73 245 106 4 246 108 4 247 104 4 248 107 74 249 114 74 250 111 74 251 115 75 252 116 75 253 112 75 254 109 76 255 114 76 256 115 76 257 105 77 258 113 77 259 107 77 260 105 78 261 115 78 262 112 78 263 119 79 264 117 79 265 116 79 266 114 80 267 117 80 268 118 80 269 114 81 270 119 81 271 115 81 272 112 82 273 117 82 274 113 82 275 123 4 276 121 4 277 122 4 278 127 15 279 125 15 280 124 15 281 122 83 282 127 83 283 123 83 284 120 84 285 125 84 286 121 84 287 123 85 288 124 85 289 120 85 290 121 86 291 126 86 292 122 86 293 128 87 294 130 87 295 131 87 296 134 88 297 132 88 298 135 88 299 137 89 300 134 89 301 135 89 302 138 90 303 133 90 304 139 90 305 137 91 306 132 91 307 138 91 308 136 92 309 133 92 310 134 92 311 130 93 312 139 93 313 136 93 314 131 94 315 138 94 316 128 94 317 129 95 318 138 95 319 139 95 320 130 96 321 137 96 322 131 96 323 143 97 324 141 97 325 142 97 326 147 98 327 145 98 328 144 98 329 150 15 330 146 15 331 151 15 332 148 99 333 146 99 334 147 99 335 149 100 336 145 100 337 150 100 338 141 101 339 149 101 340 150 101 341 142 102 342 148 102 343 143 102 344 141 103 345 151 103 346 142 103 347 140 104 348 148 104 349 149 104 350 159 105 351 156 105 352 157 105 353 163 106 354 158 106 355 159 106 356 161 107 357 162 107 358 163 107 359 157 108 360 160 108 361 161 108 362 158 109 363 160 109 364 156 109 365 159 110 366 166 110 367 163 110 368 167 111 369 168 111 370 164 111 371 163 112 372 167 112 373 161 112 374 157 113 375 165 113 376 159 113 377 161 114 378 164 114 379 157 114 380 170 15 381 168 15 382 171 15 383 165 115 384 170 115 385 166 115 386 166 116 387 171 116 388 167 116 389 164 117 390 169 117 391 165 117 392 175 118 393 173 118 394 174 118 395 179 119 396 177 119 397 176 119 398 174 120 399 179 120 400 175 120 401 172 121 402 177 121 403 173 121 404 175 122 405 176 122 406 172 122 407 173 123 408 178 123 409 174 123 410 180 124 411 182 124 412 183 124 413 187 125 414 185 125 415 184 125 416 189 126 417 186 126 418 187 126 419 190 127 420 185 127 421 191 127 422 190 128 423 187 128 424 184 128 425 188 129 426 185 129 427 186 129 428 182 130 429 191 130 430 188 130 431 183 131 432 190 131 433 180 131 434 181 132 435 190 132 436 191 132 437 182 133 438 189 133 439 183 133 440 195 134 441 193 134 442 194 134 443 199 135 444 197 135 445 196 135 446 203 136 447 197 136 448 198 136 449 200 137 450 198 137 451 199 137 452 201 138 453 197 138 454 202 138 455 193 139 456 201 139 457 202 139 458 194 140 459 200 140 460 195 140 461 193 141 462 203 141 463 194 141 464 195 142 465 201 142 466 192 142 467 209 143 468 210 143 469 208 143 470 215 144 471 210 144 472 211 144 473 213 145 474 214 145 475 215 145 476 209 146 477 212 146 478 213 146 479 210 147 480 212 147 481 208 147 482 211 148 483 218 148 484 215 148 485 219 149 486 220 149 487 216 149 488 213 150 489 218 150 490 219 150 491 209 151 492 217 151 493 211 151 494 209 152 495 219 152 496 216 152 497 222 15 498 220 15 499 223 15 500 217 153 501 222 153 502 218 153 503 218 154 504 223 154 505 219 154 506 216 155 507 221 155 508 217 155 509 224 4 510 226 4 511 227 4 512 230 15 513 228 15 514 231 15 515 226 145 516 231 145 517 227 145 518 224 143 519 229 143 520 225 143 521 227 146 522 228 146 523 224 146 524 225 144 525 230 144 526 226 144 527 232 156 528 234 156 529 235 156 530 238 157 531 236 157 532 239 157 533 241 158 534 238 158 535 239 158 536 242 143 537 237 143 538 243 143 539 241 159 540 236 159 541 242 159 542 243 160 543 238 160 544 240 160 545 233 161 546 240 161 547 234 161 548 235 162 549 242 162 550 232 162 551 233 163 552 242 163 553 243 163 554 234 145 555 241 145 556 235 145 557 244 164 558 246 164 559 247 164 560 250 165 561 248 165 562 251 165 563 254 15 564 250 15 565 255 15 566 252 166 567 250 166 568 251 166 569 253 143 570 249 143 571 254 143 572 245 167 573 253 167 574 254 167 575 246 145 576 252 145 577 247 145 578 245 15 579 255 15 580 246 15 581 247 168 582 253 168 583 244 168 584 263 146 585 260 146 586 261 146 587 267 143 588 262 143 589 263 143 590 265 144 591 266 144 592 267 144 593 261 145 594 264 145 595 265 145 596 262 4 597 264 4 598 260 4 599 263 169 600 270 169 601 267 169 602 271 170 603 272 170 604 268 170 605 267 171 606 271 171 607 265 171 608 261 172 609 269 172 610 263 172 611 265 173 612 268 173 613 261 173 614 274 15 615 272 15 616 275 15 617 269 174 618 274 174 619 270 174 620 270 175 621 275 175 622 271 175 623 268 176 624 273 176 625 269 176 626 276 4 627 278 4 628 279 4 629 282 15 630 280 15 631 283 15 632 278 144 633 283 144 634 279 144 635 276 146 636 281 146 637 277 146 638 279 145 639 280 145 640 276 145 641 277 143 642 282 143 643 278 143 644 284 177 645 286 177 646 287 177 647 290 178 648 288 178 649 291 178 650 293 144 651 290 144 652 291 144 653 294 179 654 289 179 655 295 179 656 293 180 657 288 180 658 294 180 659 295 181 660 290 181 661 292 181 662 285 182 663 292 182 664 286 182 665 287 183 666 294 183 667 284 183 668 285 146 669 294 146 670 295 146 671 286 184 672 293 184 673 287 184 674 296 185 675 298 185 676 299 185 677 302 186 678 300 186 679 303 186 680 307 15 681 301 15 682 302 15 683 304 187 684 302 187 685 303 187 686 305 188 687 301 188 688 306 188 689 297 146 690 305 146 691 306 146 692 298 189 693 304 189 694 299 189 695 297 15 696 307 15 697 298 15 698 299 190 699 305 190 700 296 190 701 315 146 702 312 146 703 313 146 704 315 143 705 318 143 706 314 143 707 317 144 708 318 144 709 319 144 710 313 145 711 316 145 712 317 145 713 314 191 714 316 191 715 312 191 716 319 192 717 321 192 718 322 192 719 323 193 720 324 193 721 320 193 722 319 194 723 323 194 724 317 194 725 313 195 726 321 195 727 315 195 728 317 196 729 320 196 730 313 196 731 326 15 732 324 15 733 327 15 734 322 197 735 325 197 736 326 197 737 322 198 738 327 198 739 323 198 740 320 199 741 325 199 742 321 199 743 328 4 744 330 4 745 331 4 746 334 15 747 332 15 748 335 15 749 330 144 750 335 144 751 331 144 752 328 146 753 333 146 754 329 146 755 331 145 756 332 145 757 328 145 758 329 143 759 334 143 760 330 143 761 336 200 762 338 200 763 339 200 764 342 201 765 340 201 766 343 201 767 345 202 768 342 202 769 343 202 770 346 203 771 341 203 772 347 203 773 345 204 774 340 204 775 346 204 776 347 205 777 342 205 778 344 205 779 337 206 780 344 206 781 338 206 782 339 207 783 346 207 784 336 207 785 337 208 786 346 208 787 347 208 788 338 144 789 345 144 790 339 144 791 348 209 792 350 209 793 351 209 794 354 210 795 352 210 796 355 210 797 358 15 798 354 15 799 359 15 800 356 144 801 354 144 802 355 144 803 357 146 804 353 146 805 358 146 806 349 146 807 357 146 808 358 146 809 350 211 810 356 211 811 351 211 812 349 15 813 359 15 814 350 15 815 351 212 816 357 212 817 348 212 818 367 146 819 364 146 820 365 146 821 371 143 822 366 143 823 367 143 824 369 144 825 370 144 826 371 144 827 365 145 828 368 145 829 369 145 830 366 4 831 368 4 832 364 4 833 371 213 834 373 213 835 374 213 836 375 214 837 376 214 838 372 214 839 371 215 840 375 215 841 369 215 842 365 216 843 373 216 844 367 216 845 369 217 846 372 217 847 365 217 848 378 15 849 376 15 850 379 15 851 373 218 852 378 218 853 374 218 854 374 219 855 379 219 856 375 219 857 372 220 858 377 220 859 373 220 860 380 4 861 382 4 862 383 4 863 386 15 864 384 15 865 387 15 866 382 144 867 387 144 868 383 144 869 380 146 870 385 146 871 381 146 872 383 145 873 384 145 874 380 145 875 381 143 876 386 143 877 382 143 878 388 221 879 390 221 880 391 221 881 394 201 882 392 201 883 395 201 884 397 144 885 394 144 886 395 144 887 398 222 888 393 222 889 399 222 890 397 204 891 392 204 892 398 204 893 399 205 894 394 205 895 396 205 896 389 206 897 396 206 898 390 206 899 391 207 900 398 207 901 388 207 902 389 223 903 398 223 904 399 223 905 390 144 906 397 144 907 391 144 908 400 209 909 402 209 910 403 209 911 406 224 912 404 224 913 407 224 914 410 15 915 406 15 916 411 15 917 408 144 918 406 144 919 407 144 920 409 146 921 405 146 922 410 146 923 401 146 924 409 146 925 410 146 926 402 225 927 408 225 928 403 225 929 401 15 930 411 15 931 402 15 932 403 226 933 409 226 934 400 226 935 419 146 936 416 146 937 417 146 938 423 143 939 418 143 940 419 143 941 421 144 942 422 144 943 423 144 944 417 145 945 420 145 946 421 145 947 418 4 948 420 4 949 416 4 950 423 227 951 425 227 952 426 227 953 427 228 954 428 228 955 424 228 956 423 229 957 427 229 958 421 229 959 417 230 960 425 230 961 419 230 962 421 231 963 424 231 964 417 231 965 430 15 966 428 15 967 431 15 968 425 232 969 430 232 970 426 232 971 426 233 972 431 233 973 427 233 974 424 234 975 429 234 976 425 234 977 432 4 978 434 4 979 435 4 980 438 15 981 436 15 982 439 15 983 434 144 984 439 144 985 435 144 986 432 146 987 437 146 988 433 146 989 435 145 990 436 145 991 432 145 992 433 143 993 438 143 994 434 143 995 440 235 996 442 235 997 443 235 998 446 201 999 444 201 1000 447 201 1001 449 144 1002 446 144 1003 447 144 1004 450 236 1005 445 236 1006 451 236 1007 449 237 1008 444 237 1009 450 237 1010 451 238 1011 446 238 1012 448 238 1013 441 239 1014 448 239 1015 442 239 1016 443 240 1017 450 240 1018 440 240 1019 441 241 1020 450 241 1021 451 241 1022 442 144 1023 449 144 1024 443 144 1025 452 242 1026 454 242 1027 455 242 1028 458 243 1029 456 243 1030 459 243 1031 462 15 1032 458 15 1033 463 15 1034 460 144 1035 458 144 1036 459 144 1037 461 146 1038 457 146 1039 462 146 1040 453 146 1041 461 146 1042 462 146 1043 454 244 1044 460 244 1045 455 244 1046 453 15 1047 463 15 1048 454 15 1049 455 245 1050 461 245 1051 452 245 1052 471 146 1053 468 146 1054 469 146 1055 475 143 1056 470 143 1057 471 143 1058 473 144 1059 474 144 1060 475 144 1061 469 145 1062 472 145 1063 473 145 1064 470 246 1065 472 246 1066 468 246 1067 475 247 1068 477 247 1069 478 247 1070 476 248 1071 483 248 1072 480 248 1073 475 249 1074 479 249 1075 473 249 1076 469 250 1077 477 251 1078 471 252 1079 473 253 1080 476 253 1081 469 253 1082 482 15 1083 480 15 1084 483 15 1085 477 254 1086 482 254 1087 478 254 1088 478 255 1089 483 255 1090 479 255 1091 476 256 1092 481 256 1093 477 256 1094 484 4 1095 486 4 1096 487 4 1097 490 15 1098 488 15 1099 491 15 1100 486 144 1101 491 144 1102 487 144 1103 484 146 1104 489 146 1105 485 146 1106 487 145 1107 488 145 1108 484 145 1109 485 143 1110 490 143 1111 486 143 1112 492 257 1113 494 257 1114 495 257 1115 498 258 1116 496 258 1117 499 258 1118 501 144 1119 498 144 1120 499 144 1121 502 259 1122 497 259 1123 503 259 1124 501 260 1125 496 260 1126 502 260 1127 503 261 1128 498 261 1129 500 261 1130 493 262 1131 500 262 1132 494 262 1133 495 263 1134 502 263 1135 492 263 1136 493 264 1137 502 264 1138 503 264 1139 494 144 1140 501 144 1141 495 144 1142 504 265 1143 506 265 1144 507 265 1145 510 224 1146 508 224 1147 511 224 1148 514 15 1149 510 15 1150 515 15 1151 512 144 1152 510 144 1153 511 144 1154 513 146 1155 509 146 1156 514 146 1157 505 146 1158 513 146 1159 514 146 1160 506 266 1161 512 266 1162 507 266 1163 505 15 1164 515 15 1165 506 15 1166 507 267 1167 513 267 1168 504 267 1169 523 268 1170 520 268 1171 521 268 1172 527 269 1173 522 269 1174 523 269 1175 525 270 1176 526 270 1177 527 270 1178 521 271 1179 524 271 1180 525 271 1181 520 272 1182 526 272 1183 524 272 1184 527 273 1185 529 273 1186 530 273 1187 528 274 1188 535 274 1189 532 274 1190 527 275 1191 531 275 1192 525 275 1193 521 276 1194 529 276 1195 523 276 1196 521 277 1197 531 277 1198 528 277 1199 535 15 1200 533 15 1201 532 15 1202 529 278 1203 534 278 1204 530 278 1205 530 279 1206 535 279 1207 531 279 1208 528 280 1209 533 280 1210 529 280 1211 536 4 1212 538 4 1213 539 4 1214 542 15 1215 540 15 1216 543 15 1217 538 281 1218 543 281 1219 539 281 1220 536 282 1221 541 282 1222 537 282 1223 539 283 1224 540 283 1225 536 283 1226 537 284 1227 542 284 1228 538 284 1229 544 285 1230 546 285 1231 547 285 1232 550 286 1233 548 286 1234 551 286 1235 553 287 1236 550 287 1237 551 287 1238 554 288 1239 549 288 1240 555 288 1241 553 289 1242 548 289 1243 554 289 1244 555 290 1245 550 290 1246 552 290 1247 545 291 1248 552 291 1249 546 291 1250 547 292 1251 554 292 1252 544 292 1253 545 293 1254 554 293 1255 555 293 1256 546 294 1257 553 294 1258 547 294 1259 559 295 1260 557 295 1261 558 295 1262 563 296 1263 561 296 1264 560 296 1265 567 15 1266 561 15 1267 562 15 1268 564 297 1269 562 297 1270 563 297 1271 565 298 1272 561 298 1273 566 298 1274 557 299 1275 565 299 1276 566 299 1277 558 300 1278 564 300 1279 559 300 1280 558 15 1281 566 15 1282 567 15 1283 559 301 1284 565 301 1285 556 301 1286 575 302 1287 572 302 1288 573 302 1289 579 303 1290 574 303 1291 575 303 1292 577 304 1293 578 304 1294 579 304 1295 573 305 1296 576 305 1297 577 305 1298 574 4 1299 576 4 1300 572 4 1301 575 306 1302 582 306 1303 579 306 1304 580 307 1305 587 307 1306 584 307 1307 577 308 1308 582 308 1309 583 308 1310 575 309 1311 580 309 1312 581 309 1313 577 310 1314 580 310 1315 573 310 1316 587 15 1317 585 15 1318 584 15 1319 582 311 1320 585 311 1321 586 311 1322 582 312 1323 587 312 1324 583 312 1325 580 313 1326 585 313 1327 581 313 1328 591 4 1329 589 4 1330 590 4 1331 595 15 1332 593 15 1333 592 15 1334 590 314 1335 595 314 1336 591 314 1337 588 315 1338 593 315 1339 589 315 1340 591 316 1341 592 316 1342 588 316 1343 589 317 1344 594 317 1345 590 317 1346 596 318 1347 598 318 1348 599 318 1349 603 319 1350 601 319 1351 600 319 1352 605 320 1353 602 320 1354 603 320 1355 606 321 1356 601 321 1357 607 321 1358 606 322 1359 603 322 1360 600 322 1361 604 323 1362 601 323 1363 602 323 1364 598 324 1365 607 324 1366 604 324 1367 596 325 1368 605 325 1369 606 325 1370 597 326 1371 606 326 1372 607 326 1373 598 327 1374 605 327 1375 599 327 1376 608 328 1377 610 328 1378 611 328 1379 615 329 1380 613 329 1381 612 329 1382 619 15 1383 613 15 1384 614 15 1385 616 330 1386 614 330 1387 615 330 1388 617 331 1389 613 331 1390 618 331 1391 609 332 1392 617 332 1393 618 332 1394 610 333 1395 616 333 1396 611 333 1397 610 15 1398 618 15 1399 619 15 1400 611 334 1401 617 334 1402 608 334 1403 627 335 1404 624 335 1405 625 335 1406 627 336 1407 630 336 1408 626 336 1409 629 337 1410 630 337 1411 631 337 1412 625 338 1413 628 338 1414 629 338 1415 624 339 1416 630 339 1417 628 339 1418 631 340 1419 633 340 1420 634 340 1421 635 341 1422 636 341 1423 632 341 1424 631 342 1425 635 342 1426 629 342 1427 625 343 1428 633 343 1429 627 343 1430 625 344 1431 635 344 1432 632 344 1433 639 15 1434 637 15 1435 636 15 1436 633 345 1437 638 345 1438 634 345 1439 634 346 1440 639 346 1441 635 346 1442 632 347 1443 637 347 1444 633 347 1445 640 348 1446 642 348 1447 643 348 1448 646 15 1449 644 15 1450 647 15 1451 642 349 1452 647 349 1453 643 349 1454 640 350 1455 645 350 1456 641 350 1457 643 351 1458 644 351 1459 640 351 1460 641 352 1461 646 352 1462 642 352 1463 648 353 1464 650 353 1465 651 353 1466 654 354 1467 652 354 1468 655 354 1469 657 355 1470 654 355 1471 655 355 1472 658 356 1473 653 356 1474 659 356 1475 658 357 1476 655 357 1477 652 357 1478 656 358 1479 653 358 1480 654 358 1481 649 359 1482 656 359 1483 650 359 1484 648 360 1485 657 360 1486 658 360 1487 649 361 1488 658 361 1489 659 361 1490 650 362 1491 657 362 1492 651 362 1493 663 363 1494 661 363 1495 662 363 1496 667 364 1497 665 364 1498 664 364 1499 671 365 1500 665 365 1501 666 365 1502 668 366 1503 666 366 1504 667 366 1505 669 367 1506 665 367 1507 670 367 1508 661 368 1509 669 368 1510 670 368 1511 662 369 1512 668 369 1513 663 369 1514 662 370 1515 670 370 1516 671 370 1517 663 371 1518 669 371 1519 660 371 1520 679 372 1521 676 372 1522 677 372 1523 683 373 1524 678 373 1525 679 373 1526 681 374 1527 682 374 1528 683 374 1529 677 375 1530 680 375 1531 681 375 1532 676 376 1533 682 376 1534 680 376 1535 679 377 1536 686 377 1537 683 377 1538 687 378 1539 688 378 1540 684 378 1541 683 379 1542 687 379 1543 681 379 1544 679 380 1545 684 380 1546 685 380 1547 677 381 1548 687 381 1549 684 381 1550 690 15 1551 688 15 1552 691 15 1553 686 382 1554 689 382 1555 690 382 1556 686 383 1557 691 383 1558 687 383 1559 685 384 1560 688 384 1561 689 384 1562 692 385 1563 694 385 1564 695 385 1565 698 386 1566 696 386 1567 699 386 1568 694 387 1569 699 387 1570 695 387 1571 692 388 1572 697 388 1573 693 388 1574 695 389 1575 696 389 1576 692 389 1577 693 390 1578 698 390 1579 694 390 1580 700 391 1581 702 391 1582 703 391 1583 707 392 1584 705 392 1585 704 392 1586 709 393 1587 706 393 1588 707 393 1589 710 394 1590 705 394 1591 711 394 1592 709 395 1593 704 395 1594 710 395 1595 708 396 1596 705 396 1597 706 396 1598 702 397 1599 711 397 1600 708 397 1601 700 398 1602 709 398 1603 710 398 1604 701 399 1605 710 399 1606 711 399 1607 702 400 1608 709 400 1609 703 400 1610 715 401 1611 713 401 1612 714 401 1613 719 402 1614 717 402 1615 716 402 1616 723 403 1617 717 403 1618 718 403 1619 720 404 1620 718 404 1621 719 404 1622 721 405 1623 717 405 1624 722 405 1625 713 406 1626 721 406 1627 722 406 1628 714 407 1629 720 407 1630 715 407 1631 714 15 1632 722 15 1633 723 15 1634 715 408 1635 721 408 1636 712 408 1637 731 145 1638 728 145 1639 729 145 1640 735 146 1641 730 146 1642 731 146 1643 733 143 1644 734 143 1645 735 143 1646 729 144 1647 732 144 1648 733 144 1649 730 409 1650 732 409 1651 728 409 1652 731 410 1653 738 410 1654 735 410 1655 739 411 1656 740 411 1657 736 411 1658 735 412 1659 739 412 1660 733 412 1661 731 150 1662 736 150 1663 737 150 1664 733 148 1665 736 148 1666 729 148 1667 742 15 1668 740 15 1669 743 15 1670 737 413 1671 742 413 1672 738 413 1673 739 414 1674 742 414 1675 743 414 1676 736 415 1677 741 415 1678 737 415 1679 744 4 1680 746 4 1681 747 4 1682 750 15 1683 748 15 1684 751 15 1685 746 143 1686 751 143 1687 747 143 1688 744 145 1689 749 145 1690 745 145 1691 747 144 1692 748 144 1693 744 144 1694 745 146 1695 750 146 1696 746 146 1697 752 416 1698 754 416 1699 755 416 1700 758 417 1701 756 417 1702 759 417 1703 761 418 1704 758 418 1705 759 418 1706 762 419 1707 757 419 1708 763 419 1709 761 420 1710 756 420 1711 762 420 1712 763 421 1713 758 421 1714 760 421 1715 753 422 1716 760 422 1717 754 422 1718 755 423 1719 762 423 1720 752 423 1721 753 424 1722 762 424 1723 763 424 1724 754 425 1725 761 425 1726 755 425 1727 764 426 1728 766 426 1729 767 426 1730 770 427 1731 768 427 1732 771 427 1733 774 15 1734 770 15 1735 775 15 1736 772 428 1737 770 428 1738 771 428 1739 773 145 1740 769 145 1741 774 145 1742 765 429 1743 773 429 1744 774 429 1745 766 143 1746 772 143 1747 767 143 1748 765 15 1749 775 15 1750 766 15 1751 767 430 1752 773 430 1753 764 430 1754 783 144 1755 780 144 1756 781 144 1757 787 145 1758 782 145 1759 783 145 1760 785 146 1761 786 146 1762 787 146 1763 781 431 1764 784 431 1765 785 431 1766 782 432 1767 784 432 1768 780 432 1769 787 433 1770 789 433 1771 790 433 1772 791 434 1773 792 434 1774 788 434 1775 787 435 1776 791 435 1777 785 435 1778 783 436 1779 788 436 1780 789 436 1781 785 437 1782 788 437 1783 781 437 1784 795 15 1785 793 15 1786 792 15 1787 789 438 1788 794 438 1789 790 438 1790 790 439 1791 795 439 1792 791 439 1793 788 440 1794 793 440 1795 789 440 1796 796 4 1797 798 4 1798 799 4 1799 802 15 1800 800 15 1801 803 15 1802 798 146 1803 803 146 1804 799 146 1805 796 144 1806 801 144 1807 797 144 1808 799 143 1809 800 143 1810 796 143 1811 797 145 1812 802 145 1813 798 145 1814 804 441 1815 806 441 1816 807 441 1817 810 442 1818 808 442 1819 811 442 1820 813 146 1821 810 146 1822 811 146 1823 814 443 1824 809 443 1825 815 443 1826 813 444 1827 808 444 1828 814 444 1829 815 445 1830 810 445 1831 812 445 1832 805 446 1833 812 446 1834 806 446 1835 807 447 1836 814 447 1837 804 447 1838 805 448 1839 814 448 1840 815 448 1841 806 146 1842 813 146 1843 807 146 1844 816 449 1845 818 449 1846 819 449 1847 822 450 1848 820 450 1849 823 450 1850 826 15 1851 822 15 1852 827 15 1853 824 451 1854 822 451 1855 823 451 1856 825 144 1857 821 144 1858 826 144 1859 817 144 1860 825 144 1861 826 144 1862 818 452 1863 824 452 1864 819 452 1865 817 15 1866 827 15 1867 818 15 1868 819 453 1869 825 453 1870 816 453 1871 835 144 1872 832 144 1873 833 144 1874 839 145 1875 834 145 1876 835 145 1877 837 146 1878 838 146 1879 839 146 1880 833 454 1881 836 454 1882 837 454 1883 834 455 1884 836 455 1885 832 455 1886 835 456 1887 842 456 1888 839 456 1889 843 457 1890 844 457 1891 840 457 1892 839 458 1893 843 458 1894 837 458 1895 835 459 1896 840 459 1897 841 459 1898 837 460 1899 840 460 1900 833 460 1901 846 15 1902 844 15 1903 847 15 1904 841 461 1905 846 461 1906 842 461 1907 842 462 1908 847 462 1909 843 462 1910 840 463 1911 845 463 1912 841 463 1913 848 4 1914 850 4 1915 851 4 1916 854 15 1917 852 15 1918 855 15 1919 850 146 1920 855 146 1921 851 146 1922 848 144 1923 853 144 1924 849 144 1925 851 143 1926 852 143 1927 848 143 1928 849 145 1929 854 145 1930 850 145 1931 856 464 1932 858 464 1933 859 464 1934 862 465 1935 860 465 1936 863 465 1937 865 146 1938 862 146 1939 863 146 1940 866 466 1941 861 466 1942 867 466 1943 865 467 1944 860 467 1945 866 467 1946 867 468 1947 862 468 1948 864 468 1949 857 469 1950 864 469 1951 858 469 1952 859 470 1953 866 470 1954 856 470 1955 857 471 1956 866 471 1957 867 471 1958 858 472 1959 865 472 1960 859 472 1961 871 473 1962 869 473 1963 870 473 1964 875 474 1965 873 474 1966 872 474 1967 879 15 1968 873 15 1969 874 15 1970 876 475 1971 874 475 1972 875 475 1973 877 476 1974 873 476 1975 878 476 1976 869 144 1977 877 144 1978 878 144 1979 870 477 1980 876 477 1981 871 477 1982 869 15 1983 879 15 1984 870 15 1985 871 478 1986 877 478 1987 868 478 1988 887 144 1989 884 144 1990 885 144 1991 891 145 1992 886 145 1993 887 145 1994 889 146 1995 890 146 1996 891 146 1997 885 143 1998 888 143 1999 889 143 2000 886 479 2001 888 479 2002 884 479 2003 891 480 2004 893 480 2005 894 480 2006 892 481 2007 899 481 2008 896 481 2009 891 482 2010 895 482 2011 889 482 2012 885 483 2013 893 483 2014 887 483 2015 889 484 2016 892 484 2017 885 484 2018 898 15 2019 896 15 2020 899 15 2021 893 485 2022 898 485 2023 894 485 2024 894 486 2025 899 486 2026 895 486 2027 892 487 2028 897 487 2029 893 487 2030 900 4 2031 902 4 2032 903 4 2033 906 15 2034 904 15 2035 907 15 2036 902 146 2037 907 146 2038 903 146 2039 900 144 2040 905 144 2041 901 144 2042 903 143 2043 904 143 2044 900 143 2045 901 145 2046 906 145 2047 902 145 2048 908 488 2049 910 488 2050 911 488 2051 914 489 2052 912 489 2053 915 489 2054 917 146 2055 914 146 2056 915 146 2057 918 490 2058 913 490 2059 919 490 2060 917 491 2061 912 491 2062 918 491 2063 919 492 2064 914 492 2065 916 492 2066 909 493 2067 916 493 2068 910 493 2069 911 494 2070 918 494 2071 908 494 2072 909 495 2073 918 495 2074 919 495 2075 910 146 2076 917 146 2077 911 146 2078 920 496 2079 922 496 2080 923 496 2081 926 497 2082 924 497 2083 927 497 2084 930 15 2085 926 15 2086 931 15 2087 928 146 2088 926 146 2089 927 146 2090 929 144 2091 925 144 2092 930 144 2093 921 144 2094 929 144 2095 930 144 2096 922 498 2097 928 498 2098 923 498 2099 921 15 2100 931 15 2101 922 15 2102 923 499 2103 929 499 2104 920 499 2105 939 144 2106 936 144 2107 937 144 2108 943 145 2109 938 145 2110 939 145 2111 941 146 2112 942 146 2113 943 146 2114 937 500 2115 940 500 2116 941 500 2117 938 501 2118 940 501 2119 936 501 2120 943 502 2121 945 502 2122 946 502 2123 947 503 2124 948 503 2125 944 503 2126 943 504 2127 947 504 2128 941 504 2129 939 505 2130 944 505 2131 945 505 2132 941 506 2133 944 506 2134 937 506 2135 951 15 2136 949 15 2137 948 15 2138 945 507 2139 950 507 2140 946 507 2141 946 508 2142 951 508 2143 947 508 2144 944 509 2145 949 509 2146 945 509 2147 952 4 2148 954 4 2149 955 4 2150 958 15 2151 956 15 2152 959 15 2153 954 146 2154 959 146 2155 955 146 2156 952 144 2157 957 144 2158 953 144 2159 955 143 2160 956 143 2161 952 143 2162 953 145 2163 958 145 2164 954 145 2165 960 510 2166 962 510 2167 963 510 2168 966 511 2169 964 511 2170 967 511 2171 969 146 2172 966 146 2173 967 146 2174 970 512 2175 965 512 2176 971 512 2177 969 513 2178 964 513 2179 970 513 2180 971 514 2181 966 514 2182 968 514 2183 961 515 2184 968 515 2185 962 515 2186 963 516 2187 970 516 2188 960 516 2189 961 517 2190 970 517 2191 971 517 2192 962 518 2193 969 518 2194 963 518 2195 972 519 2196 974 519 2197 975 519 2198 978 520 2199 976 520 2200 979 520 2201 982 15 2202 978 15 2203 983 15 2204 980 146 2205 978 146 2206 979 146 2207 981 144 2208 977 144 2209 982 144 2210 973 144 2211 981 144 2212 982 144 2213 974 521 2214 980 521 2215 975 521 2216 973 15 2217 983 15 2218 974 15 2219 975 522 2220 981 522 2221 972 522 2222 991 144 2223 988 144 2224 989 144 2225 995 145 2226 990 145 2227 991 145 2228 993 146 2229 994 146 2230 995 146 2231 989 143 2232 992 143 2233 993 143 2234 990 4 2235 992 4 2236 988 4 2237 991 523 2238 998 523 2239 995 523 2240 999 524 2241 1000 524 2242 996 524 2243 995 525 2244 999 525 2245 993 525 2246 989 526 2247 997 526 2248 991 526 2249 993 527 2250 996 527 2251 989 527 2252 1003 528 2253 1001 528 2254 1000 528 2255 997 529 2256 1002 529 2257 998 529 2258 998 530 2259 1003 530 2260 999 530 2261 996 531 2262 1001 531 2263 997 531 2264 1004 4 2265 1006 4 2266 1007 4 2267 1010 15 2268 1008 15 2269 1011 15 2270 1006 146 2271 1011 146 2272 1007 146 2273 1004 144 2274 1009 144 2275 1005 144 2276 1007 143 2277 1008 143 2278 1004 143 2279 1005 145 2280 1010 145 2281 1006 145 2282 1012 532 2283 1014 532 2284 1015 532 2285 1018 533 2286 1016 533 2287 1019 533 2288 1021 146 2289 1018 146 2290 1019 146 2291 1022 534 2292 1017 534 2293 1023 534 2294 1021 535 2295 1016 535 2296 1022 535 2297 1023 536 2298 1018 536 2299 1020 536 2300 1013 515 2301 1020 515 2302 1014 515 2303 1015 516 2304 1022 516 2305 1012 516 2306 1013 144 2307 1022 144 2308 1023 144 2309 1014 146 2310 1021 146 2311 1015 146 2312 1024 449 2313 1026 449 2314 1027 449 2315 1030 537 2316 1028 537 2317 1031 537 2318 1034 15 2319 1030 15 2320 1035 15 2321 1032 538 2322 1030 538 2323 1031 538 2324 1033 144 2325 1029 144 2326 1034 144 2327 1025 144 2328 1033 144 2329 1034 144 2330 1026 539 2331 1032 539 2332 1027 539 2333 1025 15 2334 1035 15 2335 1026 15 2336 1027 453 2337 1033 453 2338 1024 453 2339 1043 144 2340 1040 144 2341 1041 144 2342 1047 145 2343 1042 145 2344 1043 145 2345 1045 146 2346 1046 146 2347 1047 146 2348 1041 500 2349 1044 500 2350 1045 500 2351 1042 540 2352 1044 540 2353 1040 540 2354 1047 541 2355 1049 541 2356 1050 541 2357 1051 542 2358 1052 542 2359 1048 542 2360 1047 504 2361 1051 504 2362 1045 504 2363 1043 543 2364 1048 543 2365 1049 543 2366 1045 544 2367 1048 544 2368 1041 544 2369 1054 15 2370 1052 15 2371 1055 15 2372 1049 545 2373 1054 545 2374 1050 545 2375 1050 546 2376 1055 546 2377 1051 546 2378 1048 547 2379 1053 547 2380 1049 547 2381 1056 4 2382 1058 4 2383 1059 4 2384 1062 15 2385 1060 15 2386 1063 15 2387 1058 146 2388 1063 146 2389 1059 146 2390 1056 144 2391 1061 144 2392 1057 144 2393 1059 143 2394 1060 143 2395 1056 143 2396 1057 145 2397 1062 145 2398 1058 145 2399 1064 510 2400 1066 510 2401 1067 510 2402 1070 548 2403 1068 548 2404 1071 548 2405 1073 146 2406 1070 146 2407 1071 146 2408 1074 549 2409 1069 549 2410 1075 549 2411 1073 550 2412 1068 550 2413 1074 550 2414 1075 551 2415 1070 551 2416 1072 551 2417 1065 515 2418 1072 515 2419 1066 515 2420 1067 552 2421 1074 552 2422 1064 552 2423 1065 553 2424 1074 553 2425 1075 553 2426 1066 554 2427 1073 554 2428 1067 554 2429 1076 555 2430 1078 555 2431 1079 555 2432 1083 556 2433 1081 556 2434 1080 556 2435 1086 15 2436 1082 15 2437 1087 15 2438 1084 146 2439 1082 146 2440 1083 146 2441 1085 144 2442 1081 144 2443 1086 144 2444 1077 144 2445 1085 144 2446 1086 144 2447 1078 557 2448 1084 557 2449 1079 557 2450 1077 15 2451 1087 15 2452 1078 15 2453 1079 522 2454 1085 522 2455 1076 522 2456 1095 144 2457 1092 144 2458 1093 144 2459 1099 145 2460 1094 145 2461 1095 145 2462 1097 146 2463 1098 146 2464 1099 146 2465 1093 143 2466 1096 143 2467 1097 143 2468 1094 558 2469 1096 558 2470 1092 558 2471 1095 559 2472 1102 559 2473 1099 559 2474 1100 560 2475 1107 560 2476 1104 560 2477 1099 561 2478 1103 561 2479 1097 561 2480 1093 562 2481 1101 562 2482 1095 562 2483 1093 563 2484 1103 563 2485 1100 563 2486 1106 15 2487 1104 15 2488 1107 15 2489 1101 564 2490 1106 564 2491 1102 564 2492 1102 565 2493 1107 565 2494 1103 565 2495 1100 566 2496 1105 566 2497 1101 566 2498 1108 4 2499 1110 4 2500 1111 4 2501 1114 15 2502 1112 15 2503 1115 15 2504 1110 146 2505 1115 146 2506 1111 146 2507 1108 144 2508 1113 144 2509 1109 144 2510 1111 143 2511 1112 143 2512 1108 143 2513 1109 145 2514 1114 145 2515 1110 145 2516 1116 567 2517 1118 567 2518 1119 567 2519 1122 568 2520 1120 568 2521 1123 568 2522 1125 569 2523 1122 569 2524 1123 569 2525 1126 570 2526 1121 570 2527 1127 570 2528 1125 571 2529 1120 571 2530 1126 571 2531 1127 572 2532 1122 572 2533 1124 572 2534 1117 573 2535 1124 573 2536 1118 573 2537 1119 574 2538 1126 574 2539 1116 574 2540 1117 575 2541 1126 575 2542 1127 575 2543 1118 146 2544 1125 146 2545 1119 146 2546 1128 576 2547 1130 576 2548 1131 576 2549 1134 577 2550 1132 577 2551 1135 577 2552 1138 15 2553 1134 15 2554 1139 15 2555 1136 578 2556 1134 578 2557 1135 578 2558 1137 144 2559 1133 144 2560 1138 144 2561 1129 144 2562 1137 144 2563 1138 144 2564 1130 579 2565 1136 579 2566 1131 579 2567 1129 15 2568 1139 15 2569 1130 15 2570 1131 580 2571 1137 580 2572 1128 580 2573 1305 581 2574 1145 581 2575 1306 581 2576 1148 582 2577 1310 582 2578 1309 582 2579 1160 583 2580 1153 583 2581 1158 583 2582 1159 584 2583 1158 584 2584 1157 584 2585 1151 146 2586 1155 146 2587 1152 146 2588 1150 144 2589 1157 144 2590 1149 144 2591 1167 585 2592 1169 585 2593 1168 585 2594 1167 146 2595 1162 146 2596 1161 146 2597 1173 586 2598 1175 586 2599 1209 586 2600 1154 587 2601 1156 587 2602 1155 587 2603 1151 588 2604 1406 588 2605 1371 588 2606 1190 589 2607 1188 589 2608 1192 589 2609 1189 590 2610 1192 590 2611 1191 590 2612 1191 591 2613 1202 591 2614 1201 591 2615 1180 592 2616 1201 592 2617 1179 592 2618 1187 593 2619 1181 593 2620 1182 593 2621 1185 594 2622 1182 594 2623 1196 594 2624 1189 595 2625 1180 595 2626 1178 595 2627 1192 596 2628 1186 596 2629 1202 596 2630 1185 597 2631 1188 597 2632 1187 597 2633 1187 598 2634 1183 598 2635 1184 598 2636 1198 589 2637 1202 589 2638 1186 589 2639 1203 599 2640 1199 599 2641 1200 599 2642 1203 600 2643 1193 600 2644 1194 600 2645 1201 601 2646 1204 601 2647 1203 601 2648 1201 602 2649 1194 602 2650 1179 602 2651 1240 603 2652 1217 603 2653 1216 603 2654 1259 604 2655 1205 604 2656 1280 604 2657 1253 605 2658 1211 605 2659 1210 605 2660 1227 606 2661 1225 606 2662 1223 606 2663 1236 607 2664 1216 607 2665 1215 607 2666 1211 608 2667 1257 608 2668 1212 608 2669 1205 609 2670 1185 609 2671 1196 609 2672 1241 610 2673 1250 610 2674 1243 610 2675 1234 611 2676 1212 611 2677 1213 611 2678 1256 612 2679 1217 612 2680 1258 612 2681 1238 613 2682 1215 613 2683 1214 613 2684 1242 614 2685 1218 614 2686 1217 614 2687 1222 615 2688 1207 615 2689 1206 615 2690 1249 616 2691 1219 616 2692 1220 616 2693 1251 617 2694 1220 617 2695 1221 617 2696 1211 618 2697 1228 618 2698 1210 618 2699 1233 619 2700 1211 619 2701 1212 619 2702 1225 620 2703 1232 620 2704 1226 620 2705 1246 621 2706 1241 621 2707 1237 621 2708 1228 622 2709 1209 622 2710 1210 622 2711 1224 623 2712 1223 623 2713 1225 623 2714 1230 624 2715 1228 624 2716 1231 624 2717 1233 625 2718 1230 625 2719 1231 625 2720 1235 626 2721 1233 626 2722 1234 626 2723 1236 627 2724 1239 627 2725 1237 627 2726 1240 628 2727 1237 628 2728 1241 628 2729 1243 629 2730 1240 629 2731 1241 629 2732 1244 630 2733 1242 630 2734 1243 630 2735 1248 631 2736 1247 631 2737 1249 631 2738 1251 632 2739 1248 632 2740 1249 632 2741 1255 633 2742 1254 633 2743 1256 633 2744 1258 634 2745 1255 634 2746 1256 634 2747 1410 635 2748 1374 635 2749 1373 635 2750 1215 636 2751 1256 636 2752 1254 636 2753 1184 637 2754 1263 637 2755 1262 637 2756 1190 638 2757 1265 638 2758 1264 638 2759 1184 639 2760 1261 639 2761 1181 639 2762 1183 640 2763 1264 640 2764 1263 640 2765 1178 641 2766 1265 641 2767 1189 641 2768 1200 642 2769 1221 642 2770 1193 642 2771 1431 643 2772 1355 643 2773 1364 643 2774 1197 644 2775 1186 644 2776 1185 644 2777 1223 645 2778 1267 645 2779 1266 645 2780 1267 646 2781 1206 646 2782 1268 646 2783 1370 647 2784 1483 647 2785 1473 647 2786 1449 648 2787 1473 648 2788 1477 648 2789 1282 649 2790 1284 649 2791 1285 649 2792 1279 650 2793 1276 650 2794 1278 650 2795 1281 651 2796 1274 651 2797 1284 651 2798 1287 652 2799 1290 652 2800 1289 652 2801 1310 653 2802 1420 653 2803 1271 653 2804 1420 654 2805 1319 654 2806 1271 654 2807 1306 655 2808 1307 655 2809 1305 655 2810 1457 656 2811 1146 656 2812 1438 656 2813 1309 657 2814 1312 657 2815 1311 657 2816 1420 658 2817 1147 658 2818 1460 658 2819 1318 659 2820 1315 659 2821 1317 659 2822 1322 660 2823 1323 660 2824 1321 660 2825 1420 661 2826 1481 661 2827 1485 661 2828 1438 662 2829 1477 662 2830 1482 662 2831 1485 663 2832 1450 663 2833 1420 663 2834 1448 664 2835 1444 664 2836 1449 664 2837 1182 665 2838 1282 665 2839 1196 665 2840 1181 666 2841 1281 666 2842 1182 666 2843 1181 667 2844 1261 667 2845 1269 667 2846 1245 668 2847 1205 668 2848 1218 668 2849 1436 669 2850 1431 669 2851 1448 669 2852 1286 670 2853 1278 670 2854 1277 670 2855 1341 671 2856 1425 671 2857 1414 671 2858 1423 672 2859 1341 672 2860 1342 672 2861 1269 673 2862 1273 673 2863 1274 673 2864 1420 674 2865 1479 674 2866 1481 674 2867 1289 675 2868 1286 675 2869 1277 675 2870 1439 676 2871 1430 676 2872 1420 676 2873 1269 677 2874 1261 677 2875 1272 677 2876 1319 678 2877 1146 678 2878 1305 678 2879 1218 679 2880 1205 679 2881 1195 679 2882 1466 680 2883 1465 680 2884 1438 680 2885 1328 649 2886 1292 649 2887 1329 649 2888 1420 681 2889 1460 681 2890 1470 681 2891 1420 682 2892 1452 682 2893 1441 682 2894 1296 649 2895 1287 649 2896 1295 649 2897 1331 683 2898 1296 683 2899 1295 683 2900 1308 684 2901 1316 684 2902 1307 684 2903 1449 685 2904 1477 685 2905 1438 685 2906 1436 686 2907 1448 686 2908 1438 686 2909 1312 687 2910 1321 687 2911 1311 687 2912 1445 688 2913 1270 688 2914 1300 688 2915 1301 689 2916 1433 689 2917 1446 689 2918 1447 690 2919 1303 690 2920 1270 690 2921 1309 691 2922 1446 691 2923 1148 691 2924 1424 692 2925 1435 692 2926 1438 692 2927 1304 693 2928 1317 693 2929 1316 693 2930 1420 694 2931 1472 694 2932 1479 694 2933 1438 695 2934 1464 695 2935 1466 695 2936 1323 683 2937 1332 683 2938 1320 683 2939 1420 696 2940 1470 696 2941 1472 696 2942 1432 697 2943 1283 697 2944 1302 697 2945 1457 698 2946 1438 698 2947 1465 698 2948 1446 699 2949 1459 699 2950 1148 699 2951 1480 700 2952 1446 700 2953 1484 700 2954 1446 701 2955 1471 701 2956 1469 701 2957 1446 702 2958 1451 702 2959 1478 702 2960 1446 703 2961 1442 703 2962 1440 703 2963 1446 704 2964 1440 704 2965 1451 704 2966 1446 705 2967 1478 705 2968 1484 705 2969 1438 706 2970 1448 706 2971 1449 706 2972 1420 707 2973 1450 707 2974 1452 707 2975 1446 708 2976 1429 708 2977 1428 708 2978 1446 709 2979 1480 709 2980 1468 709 2981 1258 710 2982 1218 710 2983 1195 710 2984 1420 711 2985 1441 711 2986 1443 711 2987 1336 712 2988 1294 712 2989 1331 712 2990 1320 713 2991 1334 713 2992 1333 713 2993 1291 714 2994 1282 714 2995 1285 714 2996 1280 687 2997 1196 687 2998 1282 687 2999 1342 715 3000 1437 715 3001 1423 715 3002 1195 716 3003 1257 716 3004 1258 716 3005 1334 717 3006 1336 717 3007 1333 717 3008 1420 718 3009 1443 718 3010 1439 718 3011 1446 719 3012 1468 719 3013 1471 719 3014 1438 720 3015 1435 720 3016 1436 720 3017 1446 721 3018 1469 721 3019 1459 721 3020 1446 722 3021 1428 722 3022 1442 722 3023 1429 723 3024 1446 723 3025 1427 723 3026 1213 724 3027 1328 724 3028 1330 724 3029 1420 725 3030 1430 725 3031 1426 725 3032 1326 726 3033 1235 726 3034 1234 726 3035 1303 727 3036 1432 727 3037 1302 727 3038 1326 728 3039 1213 728 3040 1325 728 3041 1408 729 3042 1371 729 3043 1406 729 3044 1477 730 3045 1483 730 3046 1482 730 3047 1348 731 3048 1350 731 3049 1352 731 3050 1349 732 3051 1352 732 3052 1350 732 3053 1351 733 3054 1361 733 3055 1352 733 3056 1360 734 3057 1340 734 3058 1339 734 3059 1341 735 3060 1347 735 3061 1342 735 3062 1342 736 3063 1345 736 3064 1355 736 3065 1340 737 3066 1349 737 3067 1338 737 3068 1346 738 3069 1352 738 3070 1361 738 3071 1345 739 3072 1348 739 3073 1346 739 3074 1347 740 3075 1343 740 3076 1348 740 3077 1357 741 3078 1361 741 3079 1363 741 3080 1362 742 3081 1358 742 3082 1363 742 3083 1354 743 3084 1359 743 3085 1362 743 3086 1360 744 3087 1363 744 3088 1361 744 3089 1339 745 3090 1362 745 3091 1360 745 3092 1373 746 3093 1392 746 3094 1372 746 3095 1370 747 3096 1473 747 3097 1412 747 3098 1368 748 3099 1405 748 3100 1367 748 3101 1381 749 3102 1382 749 3103 1379 749 3104 1372 750 3105 1390 750 3106 1371 750 3107 1368 751 3108 1409 751 3109 1407 751 3110 1345 752 3111 1364 752 3112 1355 752 3113 1393 753 3114 1402 753 3115 1400 753 3116 1369 754 3117 1388 754 3118 1370 754 3119 1408 755 3120 1373 755 3121 1372 755 3122 1254 756 3123 1214 756 3124 1215 756 3125 1374 757 3126 1394 757 3127 1373 757 3128 1366 758 3129 1378 758 3130 1365 758 3131 1375 759 3132 1401 759 3133 1376 759 3134 1377 760 3135 1401 760 3136 1403 760 3137 1368 761 3138 1383 761 3139 1385 761 3140 1368 762 3141 1387 762 3142 1369 762 3143 1393 763 3144 1398 763 3145 1391 763 3146 1379 764 3147 1380 764 3148 1381 764 3149 1383 765 3150 1384 765 3151 1385 765 3152 1387 766 3153 1384 766 3154 1386 766 3155 1387 767 3156 1389 767 3157 1388 767 3158 1391 768 3159 1392 768 3160 1393 768 3161 1395 769 3162 1392 769 3163 1394 769 3164 1396 770 3165 1394 770 3166 1397 770 3167 1399 771 3168 1400 771 3169 1401 771 3170 1403 772 3171 1400 772 3172 1402 772 3173 1406 773 3174 1407 773 3175 1408 773 3176 1410 774 3177 1407 774 3178 1409 774 3179 1411 775 3180 1409 775 3181 1412 775 3182 1344 776 3183 1416 776 3184 1343 776 3185 1350 777 3186 1418 777 3187 1349 777 3188 1414 778 3189 1344 778 3190 1341 778 3191 1343 779 3192 1417 779 3193 1350 779 3194 1349 780 3195 1413 780 3196 1338 780 3197 1377 781 3198 1359 781 3199 1353 781 3200 1356 782 3201 1346 782 3202 1357 782 3203 1422 783 3204 1425 783 3205 1424 783 3206 1427 784 3207 1430 784 3208 1429 784 3209 1442 785 3210 1441 785 3211 1440 785 3212 1464 786 3213 1467 786 3214 1466 786 3215 1471 787 3216 1470 787 3217 1469 787 3218 1364 788 3219 1397 788 3220 1374 788 3221 1424 789 3222 1423 789 3223 1435 789 3224 1429 790 3225 1439 790 3226 1428 790 3227 1435 791 3228 1437 791 3229 1436 791 3230 1428 792 3231 1443 792 3232 1442 792 3233 1440 793 3234 1452 793 3235 1451 793 3236 1478 794 3237 1452 794 3238 1450 794 3239 1465 795 3240 1458 795 3241 1457 795 3242 1469 796 3243 1460 796 3244 1459 796 3245 1293 651 3246 1291 651 3247 1292 651 3248 1271 797 3249 1337 797 3250 1334 797 3251 1466 798 3252 1456 798 3253 1465 798 3254 1468 799 3255 1472 799 3256 1471 799 3257 1319 800 3258 1335 800 3259 1329 800 3260 1337 801 3261 1271 801 3262 1294 801 3263 1259 802 3264 1280 802 3265 1293 802 3266 1271 803 3267 1334 803 3268 1332 803 3269 1286 804 3270 1271 804 3271 1279 804 3272 1317 805 3273 1319 805 3274 1316 805 3275 1271 806 3276 1322 806 3277 1312 806 3278 1271 807 3279 1288 807 3280 1296 807 3281 1292 808 3282 1319 808 3283 1329 808 3284 1285 809 3285 1319 809 3286 1291 809 3287 1425 810 3288 1421 810 3289 1414 810 3290 1478 811 3291 1485 811 3292 1484 811 3293 1480 812 3294 1479 812 3295 1468 812 3296 1328 813 3297 1259 813 3298 1293 813 3299 1412 814 3300 1364 814 3301 1411 814 3302 1431 815 3303 1412 815 3304 1444 815 3305 1484 816 3306 1481 816 3307 1480 816 3308 1438 817 3309 1422 817 3310 1424 817 3311 1274 818 3312 1319 818 3313 1284 818 3314 1271 819 3315 1332 819 3316 1324 819 3317 1319 820 3318 1317 820 3319 1315 820 3320 1271 821 3321 1324 821 3322 1322 821 3323 1374 822 3324 1411 822 3325 1364 822 3326 1475 823 3327 1389 823 3328 1476 823 3329 1307 824 3330 1316 824 3331 1319 824 3332 1370 825 3333 1475 825 3334 1474 825 3335 1404 826 3336 1367 826 3337 1405 826 3338 1444 827 3339 1412 827 3340 1473 827 3341 1209 828 3342 1253 828 3343 1210 828 3344 1172 829 3345 1151 829 3346 1152 829 3347 1163 144 3348 1238 144 3349 1214 144 3350 1173 830 3351 1209 830 3352 1174 830 3353 1163 831 3354 1252 831 3355 1176 831 3356 1266 832 3357 1227 832 3358 1223 832 3359 1228 833 3360 1419 833 3361 1229 833 3362 1371 834 3363 1154 834 3364 1151 834 3365 1209 835 3366 1383 835 3367 1367 835 3368 1266 836 3369 1382 836 3370 1419 836 3371 1383 837 3372 1419 837 3373 1382 837 3374 1379 838 3375 1267 838 3376 1378 838 3377 1365 839 3378 1267 839 3379 1268 839 3380 1307 840 3381 1319 840 3382 1305 840 3383 1271 841 3384 1312 841 3385 1310 841 3386 1319 842 3387 1292 842 3388 1291 842 3389 1271 843 3390 1296 843 3391 1294 843 3392 1271 844 3393 1290 844 3394 1288 844 3395 1174 845 3396 1404 845 3397 1171 845 3398 1271 846 3399 1286 846 3400 1290 846 3401 1457 847 3402 1145 847 3403 1146 847 3404 1148 848 3405 1460 848 3406 1147 848 3407 1239 849 3408 1169 849 3409 1166 849 3410 1171 850 3411 1170 850 3412 1172 850 3413 1176 851 3414 1175 851 3415 1177 851 3416 1204 852 3417 1244 852 3418 1199 852 3419 1245 853 3420 1198 853 3421 1197 853 3422 1243 854 3423 1199 854 3424 1244 854 3425 1166 855 3426 1237 855 3427 1239 855 3428 1247 856 3429 1161 856 3430 1219 856 3431 1246 857 3432 1167 857 3433 1247 857 3434 1253 858 3435 1252 858 3436 1254 858 3437 1200 859 3438 1250 859 3439 1251 859 3440 1396 860 3441 1363 860 3442 1358 860 3443 1397 861 3444 1357 861 3445 1396 861 3446 1395 862 3447 1358 862 3448 1402 862 3449 1391 863 3450 1158 863 3451 1153 863 3452 1149 864 3453 1399 864 3454 1375 864 3455 1157 865 3456 1398 865 3457 1399 865 3458 1170 866 3459 1405 866 3460 1406 866 3461 1359 867 3462 1402 867 3463 1358 867 3464 1164 868 3465 1238 868 3466 1165 868 3467 1153 869 3468 1390 869 3469 1391 869 3470 1313 870 3471 1455 870 3472 1144 870 3473 1299 871 3474 1455 871 3475 1226 871 3476 1461 872 3477 1298 872 3478 1297 872 3479 1453 143 3480 1313 143 3481 1144 143 3482 1306 873 3483 1461 873 3484 1297 873 3485 1454 874 3486 1299 874 3487 1298 874 3488 1145 875 3489 1458 875 3490 1461 875 3491 1207 876 3492 1313 876 3493 1208 876 3494 1313 877 3495 1225 877 3496 1226 877 3497 1306 878 3498 1297 878 3499 1308 878 3500 1304 879 3501 1297 879 3502 1318 879 3503 1297 880 3504 1314 880 3505 1318 880 3506 1297 881 3507 1304 881 3508 1308 881 3509 1297 882 3510 1330 882 3511 1314 882 3512 1297 145 3513 1326 145 3514 1325 145 3515 1299 883 3516 1326 883 3517 1298 883 3518 1327 884 3519 1299 884 3520 1226 884 3521 1366 885 3522 1144 885 3523 1380 885 3524 1381 886 3525 1386 886 3526 1384 886 3527 1381 887 3528 1144 887 3529 1455 887 3530 1461 888 3531 1467 888 3532 1463 888 3533 1461 889 3534 1458 889 3535 1456 889 3536 1456 890 3537 1467 890 3538 1461 890 3539 1213 891 3540 1257 891 3541 1259 891 3542 1474 145 3543 1454 145 3544 1461 145 3545 1475 892 3546 1462 892 3547 1454 892 3548 1455 893 3549 1462 893 3550 1476 893 3551 1319 894 3552 1285 894 3553 1284 894 3554 1271 895 3555 1275 895 3556 1279 895 3557 1319 896 3558 1274 896 3559 1273 896 3560 1278 897 3561 1276 897 3562 1301 897 3563 1301 898 3564 1289 898 3565 1277 898 3566 1301 899 3567 1311 899 3568 1321 899 3569 1301 900 3570 1323 900 3571 1320 900 3572 1301 901 3573 1320 901 3574 1333 901 3575 1301 902 3576 1277 902 3577 1278 902 3578 1301 903 3579 1336 903 3580 1331 903 3581 1301 904 3582 1295 904 3583 1287 904 3584 1301 905 3585 1287 905 3586 1289 905 3587 1301 906 3588 1331 906 3589 1295 906 3590 1301 907 3591 1309 907 3592 1311 907 3593 1301 908 3594 1321 908 3595 1323 908 3596 1333 909 3597 1336 909 3598 1301 909 3599 1330 847 3600 1329 847 3601 1335 847 3602 1482 910 3603 1464 910 3604 1438 910 3605 1314 649 3606 1335 649 3607 1315 649 3608 1325 911 3609 1213 911 3610 1330 911 3611 1335 912 3612 1319 912 3613 1315 912 3614 1482 795 3615 1463 795 3616 1464 795 3617 1474 913 3618 1483 913 3619 1370 913 3620 1483 683 3621 1461 683 3622 1463 683 3623 3 1021 3954 2 1021 3955 0 1021 3956 7 1022 3957 6 1022 3958 2 1022 3959 5 1023 3960 4 1023 3961 6 1023 3962 1 1024 3963 0 1024 3964 4 1024 3965 0 1025 3966 2 1025 3967 6 1025 3968 7 1026 3969 3 1026 3970 9 1026 3971 11 1027 3972 15 1027 3973 12 1027 3974 5 1028 3975 7 1028 3976 10 1028 3977 1 1029 3978 8 1029 3979 9 1029 3980 1 1030 3981 5 1030 3982 11 1030 3983 14 1031 3984 13 1031 3985 12 1031 3986 9 1032 3987 13 1032 3988 14 1032 3989 10 1033 3990 14 1033 3991 15 1033 3992 8 1034 3993 12 1034 3994 13 1034 3995 16 4 3996 17 4 3997 18 4 3998 22 1035 3999 21 1035 4000 20 1035 4001 18 1036 4002 22 1036 4003 23 1036 4004 16 1037 4005 20 1037 4006 21 1037 4007 19 1038 4008 23 1038 4009 20 1038 4010 17 1039 4011 21 1039 4012 22 1039 4013 27 1040 4014 24 1040 4015 25 1040 4016 31 1041 4017 30 1041 4018 29 1041 4019 33 1042 4020 32 1042 4021 30 1042 4022 34 1043 4023 28 1043 4024 29 1043 4025 33 1044 4026 31 1044 4027 28 1044 4028 35 1045 4029 29 1045 4030 30 1045 4031 25 1046 4032 35 1046 4033 32 1046 4034 27 1047 4035 33 1047 4036 34 1047 4037 25 1048 4038 24 1048 4039 34 1048 4040 26 1049 4041 32 1049 4042 33 1049 4043 36 1050 4044 37 1050 4045 38 1050 4046 43 1051 4047 42 1051 4048 41 1051 4049 46 1052 4050 41 1052 4051 42 1052 4052 44 1053 4053 47 1053 4054 42 1053 4055 45 1054 4056 40 1054 4057 41 1054 4058 37 1055 4059 36 1055 4060 45 1055 4061 38 1056 4062 47 1056 4063 44 1056 4064 38 103 4065 37 103 4066 46 103 4067 39 1057 4068 44 1057 4069 45 1057 4070 55 1058 4071 54 1058 4072 52 1058 4073 55 1059 4074 59 1059 4075 58 1059 4076 57 1060 4077 56 1060 4078 58 1060 4079 53 1061 4080 52 1061 4081 56 1061 4082 54 1062 4083 58 1062 4084 56 1062 4085 55 1063 4086 61 1063 4087 62 1063 4088 63 1064 4089 67 1064 4090 64 1064 4091 59 1065 4092 62 1065 4093 63 1065 4094 53 1066 4095 60 1066 4096 61 1066 4097 53 1067 4098 57 1067 4099 63 1067 4100 66 15 4101 65 15 4102 64 15 4103 61 1068 4104 65 1068 4105 66 1068 4106 63 1069 4107 62 1069 4108 66 1069 4109 60 1070 4110 64 1070 4111 65 1070 4112 68 4 4113 69 4 4114 70 4 4115 74 15 4116 73 15 4117 72 15 4118 70 1071 4119 74 1071 4120 75 1071 4121 68 1072 4122 72 1072 4123 73 1072 4124 71 1073 4125 75 1073 4126 72 1073 4127 69 52 4128 73 52 4129 74 52 4130 79 1074 4131 76 1074 4132 77 1074 4133 83 1075 4134 82 1075 4135 81 1075 4136 85 1076 4137 84 1076 4138 82 1076 4139 86 1077 4140 80 1077 4141 81 1077 4142 86 1078 4143 85 1078 4144 83 1078 4145 87 1079 4146 81 1079 4147 82 1079 4148 77 1080 4149 87 1080 4150 84 1080 4151 76 1081 4152 79 1081 4153 85 1081 4154 77 1082 4155 76 1082 4156 86 1082 4157 78 1083 4158 84 1083 4159 85 1083 4160 91 1084 4161 88 1084 4162 89 1084 4163 94 1085 4164 93 1085 4165 92 1085 4166 98 15 4167 93 15 4168 94 15 4169 96 1086 4170 99 1086 4171 94 1086 4172 97 1087 4173 92 1087 4174 93 1087 4175 89 1088 4176 88 1088 4177 97 1088 4178 90 1089 4179 99 1089 4180 96 1089 4181 90 1090 4182 89 1090 4183 98 1090 4184 88 1091 4185 91 1091 4186 96 1091 4187 107 70 4188 106 70 4189 104 70 4190 111 1092 4191 110 1092 4192 106 1092 4193 109 1093 4194 108 1093 4195 110 1093 4196 105 1094 4197 104 1094 4198 108 1094 4199 106 1095 4200 110 1095 4201 108 1095 4202 107 1096 4203 113 1096 4204 114 1096 4205 115 1097 4206 119 1097 4207 116 1097 4208 109 1098 4209 111 1098 4210 114 1098 4211 105 1099 4212 112 1099 4213 113 1099 4214 105 1100 4215 109 1100 4216 115 1100 4217 119 1101 4218 118 1101 4219 117 1101 4220 114 1102 4221 113 1102 4222 117 1102 4223 114 1103 4224 118 1103 4225 119 1103 4226 112 1104 4227 116 1104 4228 117 1104 4229 123 4 4230 120 4 4231 121 4 4232 127 15 4233 126 15 4234 125 15 4235 122 1105 4236 126 1105 4237 127 1105 4238 120 1106 4239 124 1106 4240 125 1106 4241 123 1107 4242 127 1107 4243 124 1107 4244 121 1108 4245 125 1108 4246 126 1108 4247 128 1109 4248 129 1109 4249 130 1109 4250 134 1110 4251 133 1110 4252 132 1110 4253 137 1111 4254 136 1111 4255 134 1111 4256 138 1112 4257 132 1112 4258 133 1112 4259 137 1113 4260 135 1113 4261 132 1113 4262 136 1114 4263 139 1114 4264 133 1114 4265 130 1115 4266 129 1115 4267 139 1115 4268 131 1116 4269 137 1116 4270 138 1116 4271 129 1117 4272 128 1117 4273 138 1117 4274 130 1118 4275 136 1118 4276 137 1118 4277 143 1119 4278 140 1119 4279 141 1119 4280 147 1120 4281 146 1120 4282 145 1120 4283 150 15 4284 145 15 4285 146 15 4286 148 1121 4287 151 1121 4288 146 1121 4289 149 1122 4290 144 1122 4291 145 1122 4292 141 1123 4293 140 1123 4294 149 1123 4295 142 1124 4296 151 1124 4297 148 1124 4298 141 15 4299 150 15 4300 151 15 4301 140 1125 4302 143 1125 4303 148 1125 4304 159 1126 4305 158 1126 4306 156 1126 4307 163 1127 4308 162 1127 4309 158 1127 4310 161 1128 4311 160 1128 4312 162 1128 4313 157 108 4314 156 108 4315 160 108 4316 158 1129 4317 162 1129 4318 160 1129 4319 159 1130 4320 165 1130 4321 166 1130 4322 167 1131 4323 171 1131 4324 168 1131 4325 163 1132 4326 166 1132 4327 167 1132 4328 157 1133 4329 164 1133 4330 165 1133 4331 161 1134 4332 167 1134 4333 164 1134 4334 170 15 4335 169 15 4336 168 15 4337 165 1135 4338 169 1135 4339 170 1135 4340 166 1136 4341 170 1136 4342 171 1136 4343 164 1137 4344 168 1137 4345 169 1137 4346 175 4 4347 172 4 4348 173 4 4349 179 15 4350 178 15 4351 177 15 4352 174 1138 4353 178 1138 4354 179 1138 4355 172 1139 4356 176 1139 4357 177 1139 4358 175 1140 4359 179 1140 4360 176 1140 4361 173 1141 4362 177 1141 4363 178 1141 4364 180 1142 4365 181 1142 4366 182 1142 4367 187 1143 4368 186 1143 4369 185 1143 4370 189 1144 4371 188 1144 4372 186 1144 4373 190 1145 4374 184 1145 4375 185 1145 4376 190 1146 4377 189 1146 4378 187 1146 4379 188 1147 4380 191 1147 4381 185 1147 4382 182 1148 4383 181 1148 4384 191 1148 4385 183 1149 4386 189 1149 4387 190 1149 4388 181 1150 4389 180 1150 4390 190 1150 4391 182 1151 4392 188 1151 4393 189 1151 4394 195 1152 4395 192 1152 4396 193 1152 4397 199 1153 4398 198 1153 4399 197 1153 4400 203 1154 4401 202 1154 4402 197 1154 4403 200 1155 4404 203 1155 4405 198 1155 4406 201 1156 4407 196 1156 4408 197 1156 4409 193 1157 4410 192 1157 4411 201 1157 4412 194 1158 4413 203 1158 4414 200 1158 4415 193 15 4416 202 15 4417 203 15 4418 195 1159 4419 200 1159 4420 201 1159 4421 209 143 4422 211 143 4423 210 143 4424 215 144 4425 214 144 4426 210 144 4427 213 145 4428 212 145 4429 214 145 4430 209 146 4431 208 146 4432 212 146 4433 210 191 4434 214 191 4435 212 191 4436 211 1160 4437 217 1160 4438 218 1160 4439 219 1161 4440 223 1161 4441 220 1161 4442 213 1162 4443 215 1162 4444 218 1162 4445 209 1163 4446 216 1163 4447 217 1163 4448 209 1164 4449 213 1164 4450 219 1164 4451 222 15 4452 221 15 4453 220 15 4454 217 1165 4455 221 1165 4456 222 1165 4457 218 1166 4458 222 1166 4459 223 1166 4460 216 1167 4461 220 1167 4462 221 1167 4463 224 4 4464 225 4 4465 226 4 4466 230 15 4467 229 15 4468 228 15 4469 226 145 4470 230 145 4471 231 145 4472 224 143 4473 228 143 4474 229 143 4475 227 146 4476 231 146 4477 228 146 4478 225 144 4479 229 144 4480 230 144 4481 232 156 4482 233 156 4483 234 156 4484 238 1168 4485 237 1168 4486 236 1168 4487 241 145 4488 240 145 4489 238 145 4490 242 1169 4491 236 1169 4492 237 1169 4493 241 1170 4494 239 1170 4495 236 1170 4496 243 1171 4497 237 1171 4498 238 1171 4499 233 1172 4500 243 1172 4501 240 1172 4502 235 1173 4503 241 1173 4504 242 1173 4505 233 143 4506 232 143 4507 242 143 4508 234 1174 4509 240 1174 4510 241 1174 4511 244 1175 4512 245 1175 4513 246 1175 4514 250 1176 4515 249 1176 4516 248 1176 4517 254 15 4518 249 15 4519 250 15 4520 252 1177 4521 255 1177 4522 250 1177 4523 253 1178 4524 248 1178 4525 249 1178 4526 245 1179 4527 244 1179 4528 253 1179 4529 246 1180 4530 255 1180 4531 252 1180 4532 245 15 4533 254 15 4534 255 15 4535 247 168 4536 252 168 4537 253 168 4538 263 146 4539 262 146 4540 260 146 4541 267 143 4542 266 143 4543 262 143 4544 265 144 4545 264 144 4546 266 144 4547 261 145 4548 260 145 4549 264 145 4550 262 4 4551 266 4 4552 264 4 4553 263 1181 4554 269 1181 4555 270 1181 4556 271 1182 4557 275 1182 4558 272 1182 4559 267 1183 4560 270 1183 4561 271 1183 4562 261 1184 4563 268 1184 4564 269 1184 4565 265 1185 4566 271 1185 4567 268 1185 4568 274 15 4569 273 15 4570 272 15 4571 269 1186 4572 273 1186 4573 274 1186 4574 270 1187 4575 274 1187 4576 275 1187 4577 268 1188 4578 272 1188 4579 273 1188 4580 276 4 4581 277 4 4582 278 4 4583 282 15 4584 281 15 4585 280 15 4586 278 144 4587 282 144 4588 283 144 4589 276 146 4590 280 146 4591 281 146 4592 279 145 4593 283 145 4594 280 145 4595 277 143 4596 281 143 4597 282 143 4598 284 177 4599 285 177 4600 286 177 4601 290 1189 4602 289 1189 4603 288 1189 4604 293 1190 4605 292 1190 4606 290 1190 4607 294 146 4608 288 146 4609 289 146 4610 293 1191 4611 291 1191 4612 288 1191 4613 295 1192 4614 289 1192 4615 290 1192 4616 285 182 4617 295 182 4618 292 182 4619 287 1193 4620 293 1193 4621 294 1193 4622 285 146 4623 284 146 4624 294 146 4625 286 1194 4626 292 1194 4627 293 1194 4628 296 1195 4629 297 1195 4630 298 1195 4631 302 1196 4632 301 1196 4633 300 1196 4634 307 15 4635 306 15 4636 301 15 4637 304 1197 4638 307 1197 4639 302 1197 4640 305 1198 4641 300 1198 4642 301 1198 4643 297 1199 4644 296 1199 4645 305 1199 4646 298 144 4647 307 144 4648 304 144 4649 297 15 4650 306 15 4651 307 15 4652 299 1200 4653 304 1200 4654 305 1200 4655 315 146 4656 314 146 4657 312 146 4658 315 143 4659 319 143 4660 318 143 4661 317 144 4662 316 144 4663 318 144 4664 313 145 4665 312 145 4666 316 145 4667 314 1201 4668 318 1201 4669 316 1201 4670 319 1202 4671 315 1202 4672 321 1202 4673 323 1203 4674 327 1203 4675 324 1203 4676 319 1204 4677 322 1204 4678 323 1204 4679 313 1205 4680 320 1205 4681 321 1205 4682 317 1206 4683 323 1206 4684 320 1206 4685 326 15 4686 325 15 4687 324 15 4688 322 1207 4689 321 1207 4690 325 1207 4691 322 1208 4692 326 1208 4693 327 1208 4694 320 1209 4695 324 1209 4696 325 1209 4697 328 4 4698 329 4 4699 330 4 4700 334 15 4701 333 15 4702 332 15 4703 330 144 4704 334 144 4705 335 144 4706 328 146 4707 332 146 4708 333 146 4709 331 145 4710 335 145 4711 332 145 4712 329 143 4713 333 143 4714 334 143 4715 336 1210 4716 337 1210 4717 338 1210 4718 342 1211 4719 341 1211 4720 340 1211 4721 345 1212 4722 344 1212 4723 342 1212 4724 346 146 4725 340 146 4726 341 146 4727 345 204 4728 343 204 4729 340 204 4730 347 1213 4731 341 1213 4732 342 1213 4733 337 1214 4734 347 1214 4735 344 1214 4736 339 1215 4737 345 1215 4738 346 1215 4739 337 146 4740 336 146 4741 346 146 4742 338 144 4743 344 144 4744 345 144 4745 348 1216 4746 349 1216 4747 350 1216 4748 354 243 4749 353 243 4750 352 243 4751 358 15 4752 353 15 4753 354 15 4754 356 144 4755 359 144 4756 354 144 4757 357 1217 4758 352 1217 4759 353 1217 4760 349 1218 4761 348 1218 4762 357 1218 4763 350 144 4764 359 144 4765 356 144 4766 349 15 4767 358 15 4768 359 15 4769 351 190 4770 356 190 4771 357 190 4772 367 146 4773 366 146 4774 364 146 4775 371 143 4776 370 143 4777 366 143 4778 369 144 4779 368 144 4780 370 144 4781 365 145 4782 364 145 4783 368 145 4784 366 4 4785 370 4 4786 368 4 4787 371 1219 4788 367 1219 4789 373 1219 4790 375 1203 4791 379 1203 4792 376 1203 4793 371 1220 4794 374 1220 4795 375 1220 4796 365 1221 4797 372 1221 4798 373 1221 4799 369 1222 4800 375 1222 4801 372 1222 4802 378 15 4803 377 15 4804 376 15 4805 373 197 4806 377 197 4807 378 197 4808 374 1223 4809 378 1223 4810 379 1223 4811 372 1224 4812 376 1224 4813 377 1224 4814 380 4 4815 381 4 4816 382 4 4817 386 15 4818 385 15 4819 384 15 4820 382 144 4821 386 144 4822 387 144 4823 380 146 4824 384 146 4825 385 146 4826 383 145 4827 387 145 4828 384 145 4829 381 143 4830 385 143 4831 386 143 4832 388 1225 4833 389 1225 4834 390 1225 4835 394 1211 4836 393 1211 4837 392 1211 4838 397 1226 4839 396 1226 4840 394 1226 4841 398 146 4842 392 146 4843 393 146 4844 397 204 4845 395 204 4846 392 204 4847 399 1213 4848 393 1213 4849 394 1213 4850 389 1214 4851 399 1214 4852 396 1214 4853 391 1227 4854 397 1227 4855 398 1227 4856 389 146 4857 388 146 4858 398 146 4859 390 144 4860 396 144 4861 397 144 4862 400 1216 4863 401 1216 4864 402 1216 4865 406 243 4866 405 243 4867 404 243 4868 410 15 4869 405 15 4870 406 15 4871 408 144 4872 411 144 4873 406 144 4874 409 1228 4875 404 1228 4876 405 1228 4877 401 146 4878 400 146 4879 409 146 4880 402 144 4881 411 144 4882 408 144 4883 401 15 4884 410 15 4885 411 15 4886 403 245 4887 408 245 4888 409 245 4889 419 146 4890 418 146 4891 416 146 4892 423 143 4893 422 143 4894 418 143 4895 421 144 4896 420 144 4897 422 144 4898 417 145 4899 416 145 4900 420 145 4901 418 4 4902 422 4 4903 420 4 4904 423 1229 4905 419 1229 4906 425 1229 4907 427 1203 4908 431 1203 4909 428 1203 4910 423 1230 4911 426 1230 4912 427 1230 4913 417 1231 4914 424 1231 4915 425 1231 4916 421 1232 4917 427 1232 4918 424 1232 4919 430 15 4920 429 15 4921 428 15 4922 425 1233 4923 429 1233 4924 430 1233 4925 426 1234 4926 430 1234 4927 431 1234 4928 424 1235 4929 428 1235 4930 429 1235 4931 432 4 4932 433 4 4933 434 4 4934 438 15 4935 437 15 4936 436 15 4937 434 144 4938 438 144 4939 439 144 4940 432 146 4941 436 146 4942 437 146 4943 435 145 4944 439 145 4945 436 145 4946 433 143 4947 437 143 4948 438 143 4949 440 200 4950 441 200 4951 442 200 4952 446 1211 4953 445 1211 4954 444 1211 4955 449 1236 4956 448 1236 4957 446 1236 4958 450 146 4959 444 146 4960 445 146 4961 449 1237 4962 447 1237 4963 444 1237 4964 451 1238 4965 445 1238 4966 446 1238 4967 441 1239 4968 451 1239 4969 448 1239 4970 443 1240 4971 449 1240 4972 450 1240 4973 441 146 4974 440 146 4975 450 146 4976 442 1241 4977 448 1241 4978 449 1241 4979 452 209 4980 453 209 4981 454 209 4982 458 1242 4983 457 1242 4984 456 1242 4985 462 15 4986 457 15 4987 458 15 4988 460 144 4989 463 144 4990 458 144 4991 461 146 4992 456 146 4993 457 146 4994 453 1243 4995 452 1243 4996 461 1243 4997 454 144 4998 463 144 4999 460 144 5000 453 15 5001 462 15 5002 463 15 5003 455 245 5004 460 245 5005 461 245 5006 471 146 5007 470 146 5008 468 146 5009 475 143 5010 474 143 5011 470 143 5012 473 144 5013 472 144 5014 474 144 5015 469 145 5016 468 145 5017 472 145 5018 470 1244 5019 474 1244 5020 472 1244 5021 475 1245 5022 471 1245 5023 477 1245 5024 476 1246 5025 479 1246 5026 483 1246 5027 475 1247 5028 478 1247 5029 479 1247 5030 469 1248 5031 476 1249 5032 477 1250 5033 473 1251 5034 479 1251 5035 476 1251 5036 482 15 5037 481 15 5038 480 15 5039 477 1252 5040 481 1252 5041 482 1252 5042 478 1253 5043 482 1253 5044 483 1253 5045 476 1254 5046 480 1254 5047 481 1254 5048 484 4 5049 485 4 5050 486 4 5051 490 15 5052 489 15 5053 488 15 5054 486 144 5055 490 144 5056 491 144 5057 484 146 5058 488 146 5059 489 146 5060 487 145 5061 491 145 5062 488 145 5063 485 143 5064 489 143 5065 490 143 5066 492 1255 5067 493 1255 5068 494 1255 5069 498 1211 5070 497 1211 5071 496 1211 5072 501 1256 5073 500 1256 5074 498 1256 5075 502 1257 5076 496 1257 5077 497 1257 5078 501 260 5079 499 260 5080 496 260 5081 503 1258 5082 497 1258 5083 498 1258 5084 493 1259 5085 503 1259 5086 500 1259 5087 495 1260 5088 501 1260 5089 502 1260 5090 493 146 5091 492 146 5092 502 146 5093 494 144 5094 500 144 5095 501 144 5096 504 1261 5097 505 1261 5098 506 1261 5099 510 224 5100 509 224 5101 508 224 5102 514 15 5103 509 15 5104 510 15 5105 512 144 5106 515 144 5107 510 144 5108 513 578 5109 508 578 5110 509 578 5111 505 1262 5112 504 1262 5113 513 1262 5114 506 144 5115 515 144 5116 512 144 5117 505 15 5118 514 15 5119 515 15 5120 507 1263 5121 512 1263 5122 513 1263 5123 523 1264 5124 522 1264 5125 520 1264 5126 527 269 5127 526 269 5128 522 269 5129 525 1265 5130 524 1265 5131 526 1265 5132 521 1266 5133 520 1266 5134 524 1266 5135 520 1095 5136 522 1095 5137 526 1095 5138 527 1267 5139 523 1267 5140 529 1267 5141 528 1268 5142 531 1268 5143 535 1268 5144 527 1269 5145 530 1269 5146 531 1269 5147 521 1270 5148 528 1270 5149 529 1270 5150 521 1271 5151 525 1271 5152 531 1271 5153 535 15 5154 534 15 5155 533 15 5156 529 1272 5157 533 1272 5158 534 1272 5159 530 1273 5160 534 1273 5161 535 1273 5162 528 1274 5163 532 1274 5164 533 1274 5165 536 4 5166 537 4 5167 538 4 5168 542 15 5169 541 15 5170 540 15 5171 538 1275 5172 542 1275 5173 543 1275 5174 536 282 5175 540 282 5176 541 282 5177 539 1276 5178 543 1276 5179 540 1276 5180 537 284 5181 541 284 5182 542 284 5183 544 1277 5184 545 1277 5185 546 1277 5186 550 1278 5187 549 1278 5188 548 1278 5189 553 1279 5190 552 1279 5191 550 1279 5192 554 1280 5193 548 1280 5194 549 1280 5195 553 1281 5196 551 1281 5197 548 1281 5198 555 1282 5199 549 1282 5200 550 1282 5201 545 1283 5202 555 1283 5203 552 1283 5204 547 1284 5205 553 1284 5206 554 1284 5207 545 1285 5208 544 1285 5209 554 1285 5210 546 1286 5211 552 1286 5212 553 1286 5213 559 1287 5214 556 1287 5215 557 1287 5216 563 1288 5217 562 1288 5218 561 1288 5219 567 15 5220 566 15 5221 561 15 5222 564 1289 5223 567 1289 5224 562 1289 5225 565 1290 5226 560 1290 5227 561 1290 5228 557 1291 5229 556 1291 5230 565 1291 5231 558 1292 5232 567 1292 5233 564 1292 5234 558 1293 5235 557 1293 5236 566 1293 5237 559 1294 5238 564 1294 5239 565 1294 5240 575 1295 5241 574 1295 5242 572 1295 5243 579 1296 5244 578 1296 5245 574 1296 5246 577 1297 5247 576 1297 5248 578 1297 5249 573 1298 5250 572 1298 5251 576 1298 5252 574 4 5253 578 4 5254 576 4 5255 575 1299 5256 581 1299 5257 582 1299 5258 580 1300 5259 583 1300 5260 587 1300 5261 577 1301 5262 579 1301 5263 582 1301 5264 575 1302 5265 573 1302 5266 580 1302 5267 577 1303 5268 583 1303 5269 580 1303 5270 587 15 5271 586 15 5272 585 15 5273 582 1304 5274 581 1304 5275 585 1304 5276 582 1305 5277 586 1305 5278 587 1305 5279 580 1306 5280 584 1306 5281 585 1306 5282 591 4 5283 588 4 5284 589 4 5285 595 15 5286 594 15 5287 593 15 5288 590 1307 5289 594 1307 5290 595 1307 5291 588 1308 5292 592 1308 5293 593 1308 5294 591 1309 5295 595 1309 5296 592 1309 5297 589 1310 5298 593 1310 5299 594 1310 5300 596 1311 5301 597 1311 5302 598 1311 5303 603 1312 5304 602 1312 5305 601 1312 5306 605 1313 5307 604 1313 5308 602 1313 5309 606 1314 5310 600 1314 5311 601 1314 5312 606 1315 5313 605 1315 5314 603 1315 5315 604 1316 5316 607 1316 5317 601 1316 5318 598 1317 5319 597 1317 5320 607 1317 5321 596 1318 5322 599 1318 5323 605 1318 5324 597 1319 5325 596 1319 5326 606 1319 5327 598 1320 5328 604 1320 5329 605 1320 5330 608 1321 5331 609 1321 5332 610 1321 5333 615 1322 5334 614 1322 5335 613 1322 5336 619 1323 5337 618 1323 5338 613 1323 5339 616 1324 5340 619 1324 5341 614 1324 5342 617 1325 5343 612 1325 5344 613 1325 5345 609 1326 5346 608 1326 5347 617 1326 5348 610 1327 5349 619 1327 5350 616 1327 5351 610 1328 5352 609 1328 5353 618 1328 5354 611 1329 5355 616 1329 5356 617 1329 5357 627 1330 5358 626 1330 5359 624 1330 5360 627 1331 5361 631 1331 5362 630 1331 5363 629 1332 5364 628 1332 5365 630 1332 5366 625 1333 5367 624 1333 5368 628 1333 5369 624 1334 5370 626 1334 5371 630 1334 5372 631 1335 5373 627 1335 5374 633 1335 5375 635 1336 5376 639 1336 5377 636 1336 5378 631 1337 5379 634 1337 5380 635 1337 5381 625 1338 5382 632 1338 5383 633 1338 5384 625 1339 5385 629 1339 5386 635 1339 5387 639 15 5388 638 15 5389 637 15 5390 633 1340 5391 637 1340 5392 638 1340 5393 634 1341 5394 638 1341 5395 639 1341 5396 632 1342 5397 636 1342 5398 637 1342 5399 640 1343 5400 641 1343 5401 642 1343 5402 646 1344 5403 645 1344 5404 644 1344 5405 642 1345 5406 646 1345 5407 647 1345 5408 640 1346 5409 644 1346 5410 645 1346 5411 643 1347 5412 647 1347 5413 644 1347 5414 641 352 5415 645 352 5416 646 352 5417 648 1348 5418 649 1348 5419 650 1348 5420 654 1349 5421 653 1349 5422 652 1349 5423 657 1350 5424 656 1350 5425 654 1350 5426 658 1351 5427 652 1351 5428 653 1351 5429 658 1352 5430 657 1352 5431 655 1352 5432 656 1353 5433 659 1353 5434 653 1353 5435 649 1354 5436 659 1354 5437 656 1354 5438 648 1355 5439 651 1355 5440 657 1355 5441 649 1356 5442 648 1356 5443 658 1356 5444 650 1357 5445 656 1357 5446 657 1357 5447 663 1358 5448 660 1358 5449 661 1358 5450 667 1359 5451 666 1359 5452 665 1359 5453 671 15 5454 670 15 5455 665 15 5456 668 1360 5457 671 1360 5458 666 1360 5459 669 1361 5460 664 1361 5461 665 1361 5462 661 1362 5463 660 1362 5464 669 1362 5465 662 1363 5466 671 1363 5467 668 1363 5468 662 1364 5469 661 1364 5470 670 1364 5471 663 1365 5472 668 1365 5473 669 1365 5474 679 1366 5475 678 1366 5476 676 1366 5477 683 1367 5478 682 1367 5479 678 1367 5480 681 1368 5481 680 1368 5482 682 1368 5483 677 1369 5484 676 1369 5485 680 1369 5486 676 4 5487 678 4 5488 682 4 5489 679 1370 5490 685 1370 5491 686 1370 5492 687 1371 5493 691 1371 5494 688 1371 5495 683 1372 5496 686 1372 5497 687 1372 5498 679 1373 5499 677 1373 5500 684 1373 5501 677 1374 5502 681 1374 5503 687 1374 5504 690 1375 5505 689 1375 5506 688 1375 5507 686 1376 5508 685 1376 5509 689 1376 5510 686 1377 5511 690 1377 5512 691 1377 5513 685 1378 5514 684 1378 5515 688 1378 5516 692 1379 5517 693 1379 5518 694 1379 5519 698 1380 5520 697 1380 5521 696 1380 5522 694 1381 5523 698 1381 5524 699 1381 5525 692 1382 5526 696 1382 5527 697 1382 5528 695 1383 5529 699 1383 5530 696 1383 5531 693 1384 5532 697 1384 5533 698 1384 5534 700 1385 5535 701 1385 5536 702 1385 5537 707 1386 5538 706 1386 5539 705 1386 5540 709 1387 5541 708 1387 5542 706 1387 5543 710 1388 5544 704 1388 5545 705 1388 5546 709 1389 5547 707 1389 5548 704 1389 5549 708 1390 5550 711 1390 5551 705 1390 5552 702 1391 5553 701 1391 5554 711 1391 5555 700 1392 5556 703 1392 5557 709 1392 5558 701 1393 5559 700 1393 5560 710 1393 5561 702 1394 5562 708 1394 5563 709 1394 5564 715 1395 5565 712 1395 5566 713 1395 5567 719 1396 5568 718 1396 5569 717 1396 5570 723 1397 5571 722 1397 5572 717 1397 5573 720 1398 5574 723 1398 5575 718 1398 5576 721 1399 5577 716 1399 5578 717 1399 5579 713 1400 5580 712 1400 5581 721 1400 5582 714 1401 5583 723 1401 5584 720 1401 5585 714 1402 5586 713 1402 5587 722 1402 5588 715 1403 5589 720 1403 5590 721 1403 5591 731 145 5592 730 145 5593 728 145 5594 735 146 5595 734 146 5596 730 146 5597 733 143 5598 732 143 5599 734 143 5600 729 144 5601 728 144 5602 732 144 5603 730 1404 5604 734 1404 5605 732 1404 5606 731 1405 5607 737 1405 5608 738 1405 5609 739 1406 5610 743 1406 5611 740 1406 5612 735 1163 5613 738 1163 5614 739 1163 5615 731 1162 5616 729 1162 5617 736 1162 5618 733 1407 5619 739 1407 5620 736 1407 5621 742 15 5622 741 15 5623 740 15 5624 737 1408 5625 741 1408 5626 742 1408 5627 739 1409 5628 738 1409 5629 742 1409 5630 736 1410 5631 740 1410 5632 741 1410 5633 744 4 5634 745 4 5635 746 4 5636 750 15 5637 749 15 5638 748 15 5639 746 143 5640 750 143 5641 751 143 5642 744 145 5643 748 145 5644 749 145 5645 747 144 5646 751 144 5647 748 144 5648 745 146 5649 749 146 5650 750 146 5651 752 1411 5652 753 1411 5653 754 1411 5654 758 1412 5655 757 1412 5656 756 1412 5657 761 143 5658 760 143 5659 758 143 5660 762 1413 5661 756 1413 5662 757 1413 5663 761 1414 5664 759 1414 5665 756 1414 5666 763 1415 5667 757 1415 5668 758 1415 5669 753 1416 5670 763 1416 5671 760 1416 5672 755 1417 5673 761 1417 5674 762 1417 5675 753 145 5676 752 145 5677 762 145 5678 754 1418 5679 760 1418 5680 761 1418 5681 764 1419 5682 765 1419 5683 766 1419 5684 770 1420 5685 769 1420 5686 768 1420 5687 774 15 5688 769 15 5689 770 15 5690 772 143 5691 775 143 5692 770 143 5693 773 145 5694 768 145 5695 769 145 5696 765 1421 5697 764 1421 5698 773 1421 5699 766 1422 5700 775 1422 5701 772 1422 5702 765 15 5703 774 15 5704 775 15 5705 767 1423 5706 772 1423 5707 773 1423 5708 783 144 5709 782 144 5710 780 144 5711 787 145 5712 786 145 5713 782 145 5714 785 146 5715 784 146 5716 786 146 5717 781 431 5718 780 431 5719 784 431 5720 782 4 5721 786 4 5722 784 4 5723 787 523 5724 783 523 5725 789 523 5726 791 1424 5727 795 1424 5728 792 1424 5729 787 1425 5730 790 1425 5731 791 1425 5732 783 1426 5733 781 1426 5734 788 1426 5735 785 1427 5736 791 1427 5737 788 1427 5738 795 15 5739 794 15 5740 793 15 5741 789 1428 5742 793 1428 5743 794 1428 5744 790 1429 5745 794 1429 5746 795 1429 5747 788 1430 5748 792 1430 5749 793 1430 5750 796 4 5751 797 4 5752 798 4 5753 802 15 5754 801 15 5755 800 15 5756 798 146 5757 802 146 5758 803 146 5759 796 144 5760 800 144 5761 801 144 5762 799 143 5763 803 143 5764 800 143 5765 797 145 5766 801 145 5767 802 145 5768 804 532 5769 805 532 5770 806 532 5771 810 1431 5772 809 1431 5773 808 1431 5774 813 1432 5775 812 1432 5776 810 1432 5777 814 144 5778 808 144 5779 809 144 5780 813 1433 5781 811 1433 5782 808 1433 5783 815 1434 5784 809 1434 5785 810 1434 5786 805 1435 5787 815 1435 5788 812 1435 5789 807 1436 5790 813 1436 5791 814 1436 5792 805 144 5793 804 144 5794 814 144 5795 806 1437 5796 812 1437 5797 813 1437 5798 816 1438 5799 817 1438 5800 818 1438 5801 822 1439 5802 821 1439 5803 820 1439 5804 826 15 5805 821 15 5806 822 15 5807 824 146 5808 827 146 5809 822 146 5810 825 1440 5811 820 1440 5812 821 1440 5813 817 1441 5814 816 1441 5815 825 1441 5816 818 146 5817 827 146 5818 824 146 5819 817 15 5820 826 15 5821 827 15 5822 819 1442 5823 824 1442 5824 825 1442 5825 835 144 5826 834 144 5827 832 144 5828 839 145 5829 838 145 5830 834 145 5831 837 146 5832 836 146 5833 838 146 5834 833 1443 5835 832 1443 5836 836 1443 5837 834 4 5838 838 4 5839 836 4 5840 835 1444 5841 841 1444 5842 842 1444 5843 843 1445 5844 847 1445 5845 844 1445 5846 839 1446 5847 842 1446 5848 843 1446 5849 835 1447 5850 833 1447 5851 840 1447 5852 837 1448 5853 843 1448 5854 840 1448 5855 846 15 5856 845 15 5857 844 15 5858 841 1449 5859 845 1449 5860 846 1449 5861 842 1450 5862 846 1450 5863 847 1450 5864 840 1451 5865 844 1451 5866 845 1451 5867 848 4 5868 849 4 5869 850 4 5870 854 15 5871 853 15 5872 852 15 5873 850 146 5874 854 146 5875 855 146 5876 848 144 5877 852 144 5878 853 144 5879 851 143 5880 855 143 5881 852 143 5882 849 145 5883 853 145 5884 854 145 5885 856 1452 5886 857 1452 5887 858 1452 5888 862 1453 5889 861 1453 5890 860 1453 5891 865 1454 5892 864 1454 5893 862 1454 5894 866 1455 5895 860 1455 5896 861 1455 5897 865 1456 5898 863 1456 5899 860 1456 5900 867 1457 5901 861 1457 5902 862 1457 5903 857 469 5904 867 469 5905 864 469 5906 859 470 5907 865 470 5908 866 470 5909 857 144 5910 856 144 5911 866 144 5912 858 146 5913 864 146 5914 865 146 5915 871 1458 5916 868 1458 5917 869 1458 5918 875 1459 5919 874 1459 5920 873 1459 5921 879 15 5922 878 15 5923 873 15 5924 876 1460 5925 879 1460 5926 874 1460 5927 877 1461 5928 872 1461 5929 873 1461 5930 869 1462 5931 868 1462 5932 877 1462 5933 870 146 5934 879 146 5935 876 146 5936 869 15 5937 878 15 5938 879 15 5939 871 1463 5940 876 1463 5941 877 1463 5942 887 144 5943 886 144 5944 884 144 5945 891 145 5946 890 145 5947 886 145 5948 889 146 5949 888 146 5950 890 146 5951 885 143 5952 884 143 5953 888 143 5954 886 1464 5955 890 1464 5956 888 1464 5957 891 1444 5958 887 1444 5959 893 1444 5960 892 1465 5961 895 1465 5962 899 1465 5963 891 1466 5964 894 1466 5965 895 1466 5966 885 1467 5967 892 1467 5968 893 1467 5969 889 1468 5970 895 1468 5971 892 1468 5972 898 15 5973 897 15 5974 896 15 5975 893 1469 5976 897 1469 5977 898 1469 5978 894 1470 5979 898 1470 5980 899 1470 5981 892 1471 5982 896 1471 5983 897 1471 5984 900 4 5985 901 4 5986 902 4 5987 906 15 5988 905 15 5989 904 15 5990 902 146 5991 906 146 5992 907 146 5993 900 144 5994 904 144 5995 905 144 5996 903 143 5997 907 143 5998 904 143 5999 901 145 6000 905 145 6001 906 145 6002 908 1472 6003 909 1472 6004 910 1472 6005 914 489 6006 913 489 6007 912 489 6008 917 1473 6009 916 1473 6010 914 1473 6011 918 144 6012 912 144 6013 913 144 6014 917 1474 6015 915 1474 6016 912 1474 6017 919 1475 6018 913 1475 6019 914 1475 6020 909 493 6021 919 493 6022 916 493 6023 911 1476 6024 917 1476 6025 918 1476 6026 909 144 6027 908 144 6028 918 144 6029 910 1477 6030 916 1477 6031 917 1477 6032 920 1478 6033 921 1478 6034 922 1478 6035 926 1479 6036 925 1479 6037 924 1479 6038 930 15 6039 925 15 6040 926 15 6041 928 146 6042 931 146 6043 926 146 6044 929 144 6045 924 144 6046 925 144 6047 921 144 6048 920 144 6049 929 144 6050 922 146 6051 931 146 6052 928 146 6053 921 15 6054 930 15 6055 931 15 6056 923 1480 6057 928 1480 6058 929 1480 6059 939 144 6060 938 144 6061 936 144 6062 943 145 6063 942 145 6064 938 145 6065 941 146 6066 940 146 6067 942 146 6068 937 1481 6069 936 1481 6070 940 1481 6071 938 4 6072 942 4 6073 940 4 6074 943 1482 6075 939 1482 6076 945 1482 6077 947 1483 6078 951 1483 6079 948 1483 6080 943 1484 6081 946 1484 6082 947 1484 6083 939 1485 6084 937 1485 6085 944 1485 6086 941 213 6087 947 213 6088 944 213 6089 951 15 6090 950 15 6091 949 15 6092 945 1486 6093 949 1486 6094 950 1486 6095 946 1487 6096 950 1487 6097 951 1487 6098 944 1488 6099 948 1488 6100 949 1488 6101 952 4 6102 953 4 6103 954 4 6104 958 15 6105 957 15 6106 956 15 6107 954 146 6108 958 146 6109 959 146 6110 952 144 6111 956 144 6112 957 144 6113 955 143 6114 959 143 6115 956 143 6116 953 145 6117 957 145 6118 958 145 6119 960 532 6120 961 532 6121 962 532 6122 966 533 6123 965 533 6124 964 533 6125 969 1489 6126 968 1489 6127 966 1489 6128 970 144 6129 964 144 6130 965 144 6131 969 1490 6132 967 1490 6133 964 1490 6134 971 1491 6135 965 1491 6136 966 1491 6137 961 1435 6138 971 1435 6139 968 1435 6140 963 1436 6141 969 1436 6142 970 1436 6143 961 1492 6144 960 1492 6145 970 1492 6146 962 1493 6147 968 1493 6148 969 1493 6149 972 1494 6150 973 1494 6151 974 1494 6152 978 1495 6153 977 1495 6154 976 1495 6155 982 15 6156 977 15 6157 978 15 6158 980 146 6159 983 146 6160 978 146 6161 981 144 6162 976 144 6163 977 144 6164 973 1496 6165 972 1496 6166 981 1496 6167 974 146 6168 983 146 6169 980 146 6170 973 15 6171 982 15 6172 983 15 6173 975 1497 6174 980 1497 6175 981 1497 6176 991 144 6177 990 144 6178 988 144 6179 995 145 6180 994 145 6181 990 145 6182 993 146 6183 992 146 6184 994 146 6185 989 143 6186 988 143 6187 992 143 6188 990 4 6189 994 4 6190 992 4 6191 991 1498 6192 997 1498 6193 998 1498 6194 999 1499 6195 1003 1499 6196 1000 1499 6197 995 1500 6198 998 1500 6199 999 1500 6200 989 1501 6201 996 1501 6202 997 1501 6203 993 1502 6204 999 1502 6205 996 1502 6206 1003 15 6207 1002 15 6208 1001 15 6209 997 1503 6210 1001 1503 6211 1002 1503 6212 998 1504 6213 1002 1504 6214 1003 1504 6215 996 1505 6216 1000 1505 6217 1001 1505 6218 1004 4 6219 1005 4 6220 1006 4 6221 1010 15 6222 1009 15 6223 1008 15 6224 1006 146 6225 1010 146 6226 1011 146 6227 1004 144 6228 1008 144 6229 1009 144 6230 1007 143 6231 1011 143 6232 1008 143 6233 1005 145 6234 1009 145 6235 1010 145 6236 1012 532 6237 1013 532 6238 1014 532 6239 1018 511 6240 1017 511 6241 1016 511 6242 1021 1506 6243 1020 1506 6244 1018 1506 6245 1022 144 6246 1016 144 6247 1017 144 6248 1021 1507 6249 1019 1507 6250 1016 1507 6251 1023 1508 6252 1017 1508 6253 1018 1508 6254 1013 1435 6255 1023 1435 6256 1020 1435 6257 1015 1509 6258 1021 1509 6259 1022 1509 6260 1013 144 6261 1012 144 6262 1022 144 6263 1014 146 6264 1020 146 6265 1021 146 6266 1024 1438 6267 1025 1438 6268 1026 1438 6269 1030 1439 6270 1029 1439 6271 1028 1439 6272 1034 15 6273 1029 15 6274 1030 15 6275 1032 146 6276 1035 146 6277 1030 146 6278 1033 144 6279 1028 144 6280 1029 144 6281 1025 144 6282 1024 144 6283 1033 144 6284 1026 146 6285 1035 146 6286 1032 146 6287 1025 15 6288 1034 15 6289 1035 15 6290 1027 1510 6291 1032 1510 6292 1033 1510 6293 1043 144 6294 1042 144 6295 1040 144 6296 1047 145 6297 1046 145 6298 1042 145 6299 1045 146 6300 1044 146 6301 1046 146 6302 1041 500 6303 1040 500 6304 1044 500 6305 1042 4 6306 1046 4 6307 1044 4 6308 1047 1511 6309 1043 1511 6310 1049 1511 6311 1051 1512 6312 1055 1512 6313 1052 1512 6314 1047 1513 6315 1050 1513 6316 1051 1513 6317 1043 1514 6318 1041 1514 6319 1048 1514 6320 1045 1515 6321 1051 1515 6322 1048 1515 6323 1054 15 6324 1053 15 6325 1052 15 6326 1049 1516 6327 1053 1516 6328 1054 1516 6329 1050 1517 6330 1054 1517 6331 1055 1517 6332 1048 1518 6333 1052 1518 6334 1053 1518 6335 1056 4 6336 1057 4 6337 1058 4 6338 1062 15 6339 1061 15 6340 1060 15 6341 1058 146 6342 1062 146 6343 1063 146 6344 1056 144 6345 1060 144 6346 1061 144 6347 1059 143 6348 1063 143 6349 1060 143 6350 1057 145 6351 1061 145 6352 1062 145 6353 1064 532 6354 1065 532 6355 1066 532 6356 1070 1519 6357 1069 1519 6358 1068 1519 6359 1073 1520 6360 1072 1520 6361 1070 1520 6362 1074 1521 6363 1068 1521 6364 1069 1521 6365 1073 1522 6366 1071 1522 6367 1068 1522 6368 1075 1523 6369 1069 1523 6370 1070 1523 6371 1065 1435 6372 1075 1435 6373 1072 1435 6374 1067 1524 6375 1073 1524 6376 1074 1524 6377 1065 144 6378 1064 144 6379 1074 144 6380 1066 1525 6381 1072 1525 6382 1073 1525 6383 1076 1526 6384 1077 1526 6385 1078 1526 6386 1083 1527 6387 1082 1527 6388 1081 1527 6389 1086 15 6390 1081 15 6391 1082 15 6392 1084 146 6393 1087 146 6394 1082 146 6395 1085 1528 6396 1080 1528 6397 1081 1528 6398 1077 1529 6399 1076 1529 6400 1085 1529 6401 1078 146 6402 1087 146 6403 1084 146 6404 1077 15 6405 1086 15 6406 1087 15 6407 1079 1497 6408 1084 1497 6409 1085 1497 6410 1095 144 6411 1094 144 6412 1092 144 6413 1099 145 6414 1098 145 6415 1094 145 6416 1097 146 6417 1096 146 6418 1098 146 6419 1093 143 6420 1092 143 6421 1096 143 6422 1094 1530 6423 1098 1530 6424 1096 1530 6425 1095 1531 6426 1101 1531 6427 1102 1531 6428 1100 1532 6429 1103 1532 6430 1107 1532 6431 1099 1533 6432 1102 1533 6433 1103 1533 6434 1093 1534 6435 1100 1534 6436 1101 1534 6437 1093 1535 6438 1097 1535 6439 1103 1535 6440 1106 15 6441 1105 15 6442 1104 15 6443 1101 1536 6444 1105 1536 6445 1106 1536 6446 1102 1537 6447 1106 1537 6448 1107 1537 6449 1100 1538 6450 1104 1538 6451 1105 1538 6452 1108 4 6453 1109 4 6454 1110 4 6455 1114 15 6456 1113 15 6457 1112 15 6458 1110 146 6459 1114 146 6460 1115 146 6461 1108 144 6462 1112 144 6463 1113 144 6464 1111 143 6465 1115 143 6466 1112 143 6467 1109 145 6468 1113 145 6469 1114 145 6470 1116 1539 6471 1117 1539 6472 1118 1539 6473 1122 1540 6474 1121 1540 6475 1120 1540 6476 1125 1541 6477 1124 1541 6478 1122 1541 6479 1126 144 6480 1120 144 6481 1121 144 6482 1125 1542 6483 1123 1542 6484 1120 1542 6485 1127 1543 6486 1121 1543 6487 1122 1543 6488 1117 1544 6489 1127 1544 6490 1124 1544 6491 1119 1545 6492 1125 1545 6493 1126 1545 6494 1117 144 6495 1116 144 6496 1126 144 6497 1118 1546 6498 1124 1546 6499 1125 1546 6500 1128 449 6501 1129 449 6502 1130 449 6503 1134 577 6504 1133 577 6505 1132 577 6506 1138 15 6507 1133 15 6508 1134 15 6509 1136 146 6510 1139 146 6511 1134 146 6512 1137 144 6513 1132 144 6514 1133 144 6515 1129 1547 6516 1128 1547 6517 1137 1547 6518 1130 146 6519 1139 146 6520 1136 146 6521 1129 15 6522 1138 15 6523 1139 15 6524 1131 1548 6525 1136 1548 6526 1137 1548 6527 1305 659 6528 1146 659 6529 1145 659 6530 1148 1549 6531 1147 1549 6532 1310 1549 6533 1160 1550 6534 1156 1550 6535 1153 1550 6536 1159 1551 6537 1160 1551 6538 1158 1551 6539 1151 146 6540 1154 146 6541 1155 146 6542 1150 144 6543 1159 144 6544 1157 144 6545 1167 1552 6546 1166 1552 6547 1169 1552 6548 1167 146 6549 1168 146 6550 1162 146 6551 1173 1553 6552 1177 1553 6553 1175 1553 6554 1154 1554 6555 1153 1554 6556 1156 1554 6557 1151 1555 6558 1170 1555 6559 1406 1555 6560 1190 1556 6561 1183 1556 6562 1188 1556 6563 1189 1557 6564 1190 1557 6565 1192 1557 6566 1191 1558 6567 1192 1558 6568 1202 1558 6569 1180 1559 6570 1191 1559 6571 1201 1559 6572 1187 1560 6573 1184 1560 6574 1181 1560 6575 1185 1561 6576 1187 1561 6577 1182 1561 6578 1189 1562 6579 1191 1562 6580 1180 1562 6581 1192 596 6582 1188 596 6583 1186 596 6584 1185 1563 6585 1186 1563 6586 1188 1563 6587 1187 1564 6588 1188 1564 6589 1183 1564 6590 1198 1565 6591 1204 1565 6592 1202 1565 6593 1203 1566 6594 1204 1566 6595 1199 1566 6596 1203 1567 6597 1200 1567 6598 1193 1567 6599 1201 1568 6600 1202 1568 6601 1204 1568 6602 1201 1569 6603 1203 1569 6604 1194 1569 6605 1240 1570 6606 1242 1570 6607 1217 1570 6608 1259 1571 6609 1195 1571 6610 1205 1571 6611 1253 1572 6612 1255 1572 6613 1211 1572 6614 1227 1573 6615 1230 1573 6616 1225 1573 6617 1236 1574 6618 1240 1574 6619 1216 1574 6620 1211 1575 6621 1255 1575 6622 1257 1575 6623 1205 1576 6624 1197 1576 6625 1185 1576 6626 1241 1577 6627 1248 1577 6628 1250 1577 6629 1234 1578 6630 1233 1578 6631 1212 1578 6632 1256 1579 6633 1216 1579 6634 1217 1579 6635 1238 1580 6636 1236 1580 6637 1215 1580 6638 1242 1581 6639 1245 1581 6640 1218 1581 6641 1222 1582 6642 1224 1582 6643 1207 1582 6644 1249 1583 6645 1247 1583 6646 1219 1583 6647 1251 617 6648 1249 617 6649 1220 617 6650 1211 1584 6651 1231 1584 6652 1228 1584 6653 1233 1585 6654 1231 1585 6655 1211 1585 6656 1225 1586 6657 1230 1586 6658 1232 1586 6659 1246 1587 6660 1248 1587 6661 1241 1587 6662 1228 1588 6663 1229 1588 6664 1209 1588 6665 1224 1589 6666 1222 1589 6667 1223 1589 6668 1230 1590 6669 1227 1590 6670 1228 1590 6671 1233 1591 6672 1232 1591 6673 1230 1591 6674 1235 1592 6675 1232 1592 6676 1233 1592 6677 1236 1593 6678 1238 1593 6679 1239 1593 6680 1240 1594 6681 1236 1594 6682 1237 1594 6683 1243 1595 6684 1242 1595 6685 1240 1595 6686 1244 1596 6687 1245 1596 6688 1242 1596 6689 1248 1597 6690 1246 1597 6691 1247 1597 6692 1251 1598 6693 1250 1598 6694 1248 1598 6695 1255 1599 6696 1253 1599 6697 1254 1599 6698 1258 1600 6699 1257 1600 6700 1255 1600 6701 1410 1601 6702 1411 1601 6703 1374 1601 6704 1215 1602 6705 1216 1602 6706 1256 1602 6707 1184 1603 6708 1183 1603 6709 1263 1603 6710 1190 1604 6711 1189 1604 6712 1265 1604 6713 1184 1605 6714 1262 1605 6715 1261 1605 6716 1183 1606 6717 1190 1606 6718 1264 1606 6719 1178 1607 6720 1260 1607 6721 1265 1607 6722 1200 1608 6723 1251 1608 6724 1221 1608 6725 1431 1609 6726 1437 1609 6727 1355 1609 6728 1197 1610 6729 1198 1610 6730 1186 1610 6731 1223 1611 6732 1222 1611 6733 1267 1611 6734 1267 646 6735 1222 646 6736 1206 646 6737 1449 847 6738 1444 847 6739 1473 847 6740 1282 649 6741 1281 649 6742 1284 649 6743 1279 1612 6744 1275 1612 6745 1276 1612 6746 1281 649 6747 1269 649 6748 1274 649 6749 1287 1613 6750 1288 1613 6751 1290 1613 6752 1310 1614 6753 1147 1614 6754 1420 1614 6755 1420 654 6756 1438 654 6757 1319 654 6758 1306 714 6759 1308 714 6760 1307 714 6761 1309 1615 6762 1310 1615 6763 1312 1615 6764 1318 649 6765 1314 649 6766 1315 649 6767 1322 1616 6768 1324 1616 6769 1323 1616 6770 1448 1617 6771 1431 1617 6772 1444 1617 6773 1182 1618 6774 1281 1618 6775 1282 1618 6776 1181 1619 6777 1269 1619 6778 1281 1619 6779 1245 1620 6780 1197 1620 6781 1205 1620 6782 1436 1621 6783 1437 1621 6784 1431 1621 6785 1286 787 6786 1279 787 6787 1278 787 6788 1423 1622 6789 1425 1622 6790 1341 1622 6791 1269 1623 6792 1272 1623 6793 1273 1623 6794 1289 1624 6795 1290 1624 6796 1286 1624 6797 1319 1625 6798 1438 1625 6799 1146 1625 6800 1328 683 6801 1293 683 6802 1292 683 6803 1296 790 6804 1288 790 6805 1287 790 6806 1331 1624 6807 1294 1624 6808 1296 1624 6809 1308 1626 6810 1304 1626 6811 1316 1626 6812 1312 1627 6813 1322 1627 6814 1321 1627 6815 1445 1628 6816 1447 1628 6817 1270 1628 6818 1301 1629 6819 1283 1629 6820 1433 1629 6821 1447 1630 6822 1434 1630 6823 1303 1630 6824 1309 1631 6825 1301 1631 6826 1446 1631 6827 1304 1632 6828 1318 1632 6829 1317 1632 6830 1323 1624 6831 1324 1624 6832 1332 1624 6833 1432 1633 6834 1433 1633 6835 1283 1633 6836 1258 1634 6837 1217 1634 6838 1218 1634 6839 1336 1635 6840 1337 1635 6841 1294 1635 6842 1320 1636 6843 1332 1636 6844 1334 1636 6845 1291 1637 6846 1280 1637 6847 1282 1637 6848 1280 1638 6849 1205 1638 6850 1196 1638 6851 1342 1639 6852 1355 1639 6853 1437 1639 6854 1195 1640 6855 1259 1640 6856 1257 1640 6857 1334 1641 6858 1337 1641 6859 1336 1641 6860 1326 1642 6861 1327 1642 6862 1235 1642 6863 1303 1643 6864 1434 1643 6865 1432 1643 6866 1326 1644 6867 1234 1644 6868 1213 1644 6869 1408 1645 6870 1372 1645 6871 1371 1645 6872 1477 795 6873 1473 795 6874 1483 795 6875 1348 1646 6876 1343 1646 6877 1350 1646 6878 1349 1647 6879 1351 1647 6880 1352 1647 6881 1351 1648 6882 1360 1648 6883 1361 1648 6884 1360 1649 6885 1351 1649 6886 1340 1649 6887 1341 1650 6888 1344 1650 6889 1347 1650 6890 1342 1651 6891 1347 1651 6892 1345 1651 6893 1340 1652 6894 1351 1652 6895 1349 1652 6896 1346 640 6897 1348 640 6898 1352 640 6899 1345 1653 6900 1347 1653 6901 1348 1653 6902 1347 1654 6903 1344 1654 6904 1343 1654 6905 1357 1655 6906 1346 1655 6907 1361 1655 6908 1362 1656 6909 1359 1656 6910 1358 1656 6911 1354 1657 6912 1353 1657 6913 1359 1657 6914 1360 1658 6915 1362 1658 6916 1363 1658 6917 1339 1659 6918 1354 1659 6919 1362 1659 6920 1373 1660 6921 1394 1660 6922 1392 1660 6923 1412 1661 6924 1409 1661 6925 1370 1661 6926 1409 1662 6927 1369 1662 6928 1370 1662 6929 1368 1663 6930 1407 1663 6931 1405 1663 6932 1381 1664 6933 1384 1664 6934 1382 1664 6935 1372 1665 6936 1392 1665 6937 1390 1665 6938 1368 1666 6939 1369 1666 6940 1409 1666 6941 1345 1667 6942 1356 1667 6943 1364 1667 6944 1393 1668 6945 1395 1668 6946 1402 1668 6947 1369 1669 6948 1387 1669 6949 1388 1669 6950 1408 1670 6951 1410 1670 6952 1373 1670 6953 1254 1671 6954 1252 1671 6955 1214 1671 6956 1374 1672 6957 1397 1672 6958 1394 1672 6959 1366 1673 6960 1380 1673 6961 1378 1673 6962 1375 1674 6963 1399 1674 6964 1401 1674 6965 1377 1675 6966 1376 1675 6967 1401 1675 6968 1368 1676 6969 1367 1676 6970 1383 1676 6971 1368 1677 6972 1385 1677 6973 1387 1677 6974 1393 1678 6975 1400 1678 6976 1398 1678 6977 1379 1679 6978 1378 1679 6979 1380 1679 6980 1383 1680 6981 1382 1680 6982 1384 1680 6983 1387 1681 6984 1385 1681 6985 1384 1681 6986 1387 1682 6987 1386 1682 6988 1389 1682 6989 1391 1683 6990 1390 1683 6991 1392 1683 6992 1395 1684 6993 1393 1684 6994 1392 1684 6995 1396 1685 6996 1395 1685 6997 1394 1685 6998 1399 1686 6999 1398 1686 7000 1400 1686 7001 1403 1687 7002 1401 1687 7003 1400 1687 7004 1406 1688 7005 1405 1688 7006 1407 1688 7007 1410 1689 7008 1408 1689 7009 1407 1689 7010 1411 1690 7011 1410 1690 7012 1409 1690 7013 1344 1691 7014 1415 1691 7015 1416 1691 7016 1350 1692 7017 1417 1692 7018 1418 1692 7019 1414 1693 7020 1415 1693 7021 1344 1693 7022 1343 1694 7023 1416 1694 7024 1417 1694 7025 1349 1695 7026 1418 1695 7027 1413 1695 7028 1377 1696 7029 1403 1696 7030 1359 1696 7031 1356 1697 7032 1345 1697 7033 1346 1697 7034 1422 1698 7035 1421 1698 7036 1425 1698 7037 1427 880 7038 1426 880 7039 1430 880 7040 1442 1699 7041 1443 1699 7042 1441 1699 7043 1464 648 7044 1463 648 7045 1467 648 7046 1471 822 7047 1472 822 7048 1470 822 7049 1364 1700 7050 1356 1700 7051 1397 1700 7052 1424 1701 7053 1425 1701 7054 1423 1701 7055 1429 1702 7056 1430 1702 7057 1439 1702 7058 1435 1703 7059 1423 1703 7060 1437 1703 7061 1428 1704 7062 1439 1704 7063 1443 1704 7064 1440 1705 7065 1441 1705 7066 1452 1705 7067 1478 1706 7068 1451 1706 7069 1452 1706 7070 1465 659 7071 1456 659 7072 1458 659 7073 1469 1707 7074 1470 1707 7075 1460 1707 7076 1293 649 7077 1280 649 7078 1291 649 7079 1466 659 7080 1467 659 7081 1456 659 7082 1468 1708 7083 1479 1708 7084 1472 1708 7085 1478 1709 7086 1450 1709 7087 1485 1709 7088 1480 1624 7089 1481 1624 7090 1479 1624 7091 1328 1710 7092 1213 1710 7093 1259 1710 7094 1412 1711 7095 1431 1711 7096 1364 1711 7097 1484 1712 7098 1485 1712 7099 1481 1712 7100 1475 1713 7101 1388 1713 7102 1389 1713 7103 1370 1714 7104 1388 1714 7105 1475 1714 7106 1404 1715 7107 1209 1715 7108 1367 1715 7109 1209 1716 7110 1175 1716 7111 1253 1716 7112 1172 1717 7113 1170 1717 7114 1151 1717 7115 1163 144 7116 1165 144 7117 1238 144 7118 1163 1718 7119 1214 1718 7120 1252 1718 7121 1266 1719 7122 1419 1719 7123 1227 1719 7124 1228 1720 7125 1227 1720 7126 1419 1720 7127 1371 1721 7128 1390 1721 7129 1154 1721 7130 1209 1722 7131 1229 1722 7132 1383 1722 7133 1266 1723 7134 1379 1723 7135 1382 1723 7136 1383 1724 7137 1229 1724 7138 1419 1724 7139 1379 1725 7140 1266 1725 7141 1267 1725 7142 1365 1726 7143 1378 1726 7144 1267 1726 7145 1174 1727 7146 1209 1727 7147 1404 1727 7148 1457 786 7149 1458 786 7150 1145 786 7151 1148 1728 7152 1459 1728 7153 1460 1728 7154 1239 1729 7155 1164 1729 7156 1169 1729 7157 1171 1730 7158 1404 1730 7159 1170 1730 7160 1176 1731 7161 1252 1731 7162 1175 1731 7163 1204 1550 7164 1198 1550 7165 1244 1550 7166 1245 1732 7167 1244 1732 7168 1198 1732 7169 1243 1733 7170 1250 1733 7171 1199 1733 7172 1166 1734 7173 1246 1734 7174 1237 1734 7175 1247 1735 7176 1167 1735 7177 1161 1735 7178 1246 1736 7179 1166 1736 7180 1167 1736 7181 1253 1737 7182 1175 1737 7183 1252 1737 7184 1200 1738 7185 1199 1738 7186 1250 1738 7187 1396 1739 7188 1357 1739 7189 1363 1739 7190 1397 1740 7191 1356 1740 7192 1357 1740 7193 1395 1741 7194 1396 1741 7195 1358 1741 7196 1391 1742 7197 1398 1742 7198 1158 1742 7199 1149 1743 7200 1157 1743 7201 1399 1743 7202 1157 1744 7203 1158 1744 7204 1398 1744 7205 1170 1745 7206 1404 1745 7207 1405 1745 7208 1359 1746 7209 1403 1746 7210 1402 1746 7211 1164 1747 7212 1239 1747 7213 1238 1747 7214 1153 1748 7215 1154 1748 7216 1390 1748 7217 1313 1749 7218 1226 1749 7219 1455 1749 7220 1299 1750 7221 1462 1750 7222 1455 1750 7223 1461 872 7224 1454 872 7225 1298 872 7226 1453 1751 7227 1208 1751 7228 1313 1751 7229 1306 1752 7230 1145 1752 7231 1461 1752 7232 1454 1753 7233 1462 1753 7234 1299 1753 7235 1207 1754 7236 1224 1754 7237 1313 1754 7238 1313 1755 7239 1224 1755 7240 1225 1755 7241 1297 1756 7242 1325 1756 7243 1330 1756 7244 1297 145 7245 1298 145 7246 1326 145 7247 1299 1757 7248 1327 1757 7249 1326 1757 7250 1226 1758 7251 1232 1758 7252 1327 1758 7253 1232 1759 7254 1235 1759 7255 1327 1759 7256 1366 1760 7257 1453 1760 7258 1144 1760 7259 1381 1761 7260 1455 1761 7261 1386 1761 7262 1381 1762 7263 1380 1762 7264 1144 1762 7265 1213 1763 7266 1212 1763 7267 1257 1763 7268 1474 145 7269 1475 145 7270 1454 145 7271 1475 1764 7272 1476 1764 7273 1462 1764 7274 1389 1765 7275 1386 1765 7276 1476 1765 7277 1386 1766 7278 1455 1766 7279 1476 1766 7280 1330 847 7281 1328 847 7282 1329 847 7283 1314 649 7284 1330 649 7285 1335 649 7286 1482 795 7287 1483 795 7288 1463 795 7289 1483 1767 7290 1474 1767 7291 1461 1767 7292</p>
        </triangles>
        <triangles material="Lamppost_Emitter-material" count="220">
          <input semantic="VERTEX" source="#Freeway_Join_Freeway_2_mesh-mesh-vertices" offset="0"/>
          <input semantic="NORMAL" source="#Freeway_Join_Freeway_2_mesh-mesh-normals" offset="1"/>
          <input semantic="TEXCOORD" source="#Freeway_Join_Freeway_2_mesh-mesh-map-0" offset="2" set="0"/>
          <p>40 914 3624 48 914 3625 43 914 3626 50 915 3627 49 915 3628 51 915 3629 43 916 3630 50 916 3631 44 916 3632 44 917 3633 51 917 3634 45 917 3635 45 918 3636 49 918 3637 40 918 3638 95 919 3639 101 919 3640 100 919 3641 103 920 3642 100 920 3643 101 920 3644 95 921 3645 102 921 3646 96 921 3647 97 922 3648 102 922 3649 103 922 3650 92 923 3651 103 923 3652 101 923 3653 147 924 3654 153 924 3655 152 924 3656 154 925 3657 153 925 3658 155 925 3659 147 926 3660 154 926 3661 148 926 3662 148 927 3663 155 927 3664 149 927 3665 144 928 3666 155 928 3667 153 928 3668 199 929 3669 205 929 3670 204 929 3671 207 930 3672 204 930 3673 205 930 3674 199 931 3675 206 931 3676 200 931 3677 200 932 3678 207 932 3679 201 932 3680 196 933 3681 207 933 3682 205 933 3683 248 934 3684 256 934 3685 251 934 3686 258 935 3687 257 935 3688 259 935 3689 251 936 3690 258 936 3691 252 936 3692 253 937 3693 258 937 3694 259 937 3695 248 938 3696 259 938 3697 257 938 3698 300 939 3699 308 939 3700 303 939 3701 310 940 3702 309 940 3703 311 940 3704 303 941 3705 310 941 3706 304 941 3707 304 942 3708 311 942 3709 305 942 3710 300 943 3711 311 943 3712 309 943 3713 355 944 3714 361 944 3715 360 944 3716 362 945 3717 361 945 3718 363 945 3719 355 946 3720 362 946 3721 356 946 3722 356 947 3723 363 947 3724 357 947 3725 352 948 3726 363 948 3727 361 948 3728 407 949 3729 413 949 3730 412 949 3731 414 950 3732 413 950 3733 415 950 3734 407 951 3735 414 951 3736 408 951 3737 408 952 3738 415 952 3739 409 952 3740 404 953 3741 415 953 3742 413 953 3743 459 954 3744 465 954 3745 464 954 3746 466 955 3747 465 955 3748 467 955 3749 459 956 3750 466 956 3751 460 956 3752 460 957 3753 467 957 3754 461 957 3755 456 958 3756 467 958 3757 465 958 3758 511 959 3759 517 959 3760 516 959 3761 518 960 3762 517 960 3763 519 960 3764 511 961 3765 518 961 3766 512 961 3767 512 962 3768 519 962 3769 513 962 3770 508 963 3771 519 963 3772 517 963 3773 560 964 3774 568 964 3775 563 964 3776 570 965 3777 569 965 3778 571 965 3779 563 966 3780 570 966 3781 564 966 3782 564 967 3783 571 967 3784 565 967 3785 565 968 3786 569 968 3787 560 968 3788 612 969 3789 620 969 3790 615 969 3791 622 970 3792 621 970 3793 623 970 3794 615 971 3795 622 971 3796 616 971 3797 617 972 3798 622 972 3799 623 972 3800 612 973 3801 623 973 3802 621 973 3803 667 974 3804 673 974 3805 672 974 3806 675 975 3807 672 975 3808 673 975 3809 667 976 3810 674 976 3811 668 976 3812 669 977 3813 674 977 3814 675 977 3815 664 978 3816 675 978 3817 673 978 3818 716 979 3819 724 979 3820 719 979 3821 726 980 3822 725 980 3823 727 980 3824 719 981 3825 726 981 3826 720 981 3827 721 982 3828 726 982 3829 727 982 3830 716 983 3831 727 983 3832 725 983 3833 771 984 3834 777 984 3835 776 984 3836 778 985 3837 777 985 3838 779 985 3839 771 986 3840 778 986 3841 772 986 3842 772 987 3843 779 987 3844 773 987 3845 768 988 3846 779 988 3847 777 988 3848 820 989 3849 828 989 3850 823 989 3851 830 990 3852 829 990 3853 831 990 3854 823 991 3855 830 991 3856 824 991 3857 825 992 3858 830 992 3859 831 992 3860 820 993 3861 831 993 3862 829 993 3863 872 994 3864 880 994 3865 875 994 3866 882 995 3867 881 995 3868 883 995 3869 875 996 3870 882 996 3871 876 996 3872 877 997 3873 882 997 3874 883 997 3875 872 998 3876 883 998 3877 881 998 3878 927 999 3879 933 999 3880 932 999 3881 934 1000 3882 933 1000 3883 935 1000 3884 927 1001 3885 934 1001 3886 928 1001 3887 928 1002 3888 935 1002 3889 929 1002 3890 924 1003 3891 935 1003 3892 933 1003 3893 979 1004 3894 985 1004 3895 984 1004 3896 986 1005 3897 985 1005 3898 987 1005 3899 979 1006 3900 986 1006 3901 980 1006 3902 980 1007 3903 987 1007 3904 981 1007 3905 976 1008 3906 987 1008 3907 985 1008 3908 1028 989 3909 1036 989 3910 1031 989 3911 1038 990 3912 1037 990 3913 1039 990 3914 1031 1009 3915 1038 1009 3916 1032 1009 3917 1033 1010 3918 1038 1010 3919 1039 1010 3920 1028 1011 3921 1039 1011 3922 1037 1011 3923 1083 1012 3924 1089 1012 3925 1088 1012 3926 1090 1013 3927 1089 1013 3928 1091 1013 3929 1083 1014 3930 1090 1014 3931 1084 1014 3932 1084 1007 3933 1091 1007 3934 1085 1007 3935 1080 1015 3936 1091 1015 3937 1089 1015 3938 1132 1016 3939 1140 1016 3940 1135 1016 3941 1142 1017 3942 1141 1017 3943 1143 1017 3944 1135 1018 3945 1142 1018 3946 1136 1018 3947 1136 1019 3948 1143 1019 3949 1137 1019 3950 1132 1020 3951 1143 1020 3952 1141 1020 3953 40 1768 7293 49 1768 7294 48 1768 7295 50 1769 7296 48 1769 7297 49 1769 7298 43 1770 7299 48 1770 7300 50 1770 7301 44 1771 7302 50 1771 7303 51 1771 7304 45 1772 7305 51 1772 7306 49 1772 7307 95 1773 7308 92 1773 7309 101 1773 7310 103 1774 7311 102 1774 7312 100 1774 7313 95 1775 7314 100 1775 7315 102 1775 7316 97 1776 7317 96 1776 7318 102 1776 7319 92 1777 7320 97 1777 7321 103 1777 7322 147 1778 7323 144 1778 7324 153 1778 7325 154 1779 7326 152 1779 7327 153 1779 7328 147 1780 7329 152 1780 7330 154 1780 7331 148 1781 7332 154 1781 7333 155 1781 7334 144 1782 7335 149 1782 7336 155 1782 7337 199 1783 7338 196 1783 7339 205 1783 7340 207 1784 7341 206 1784 7342 204 1784 7343 199 1785 7344 204 1785 7345 206 1785 7346 200 1786 7347 206 1786 7348 207 1786 7349 196 1787 7350 201 1787 7351 207 1787 7352 248 1788 7353 257 1788 7354 256 1788 7355 258 1789 7356 256 1789 7357 257 1789 7358 251 1790 7359 256 1790 7360 258 1790 7361 253 1791 7362 252 1791 7363 258 1791 7364 248 1792 7365 253 1792 7366 259 1792 7367 300 1793 7368 309 1793 7369 308 1793 7370 310 1794 7371 308 1794 7372 309 1794 7373 303 1795 7374 308 1795 7375 310 1795 7376 304 1796 7377 310 1796 7378 311 1796 7379 300 1797 7380 305 1797 7381 311 1797 7382 355 1798 7383 352 1798 7384 361 1798 7385 362 1799 7386 360 1799 7387 361 1799 7388 355 1800 7389 360 1800 7390 362 1800 7391 356 1801 7392 362 1801 7393 363 1801 7394 352 1802 7395 357 1802 7396 363 1802 7397 407 1803 7398 404 1803 7399 413 1803 7400 414 1804 7401 412 1804 7402 413 1804 7403 407 1805 7404 412 1805 7405 414 1805 7406 408 1806 7407 414 1806 7408 415 1806 7409 404 1807 7410 409 1807 7411 415 1807 7412 459 1808 7413 456 1808 7414 465 1808 7415 466 955 7416 464 955 7417 465 955 7418 459 1809 7419 464 1809 7420 466 1809 7421 460 1810 7422 466 1810 7423 467 1810 7424 456 1811 7425 461 1811 7426 467 1811 7427 511 1812 7428 508 1812 7429 517 1812 7430 518 1813 7431 516 1813 7432 517 1813 7433 511 1814 7434 516 1814 7435 518 1814 7436 512 1815 7437 518 1815 7438 519 1815 7439 508 1816 7440 513 1816 7441 519 1816 7442 560 1817 7443 569 1817 7444 568 1817 7445 570 1818 7446 568 1818 7447 569 1818 7448 563 1819 7449 568 1819 7450 570 1819 7451 564 1820 7452 570 1820 7453 571 1820 7454 565 1821 7455 571 1821 7456 569 1821 7457 612 1822 7458 621 1822 7459 620 1822 7460 622 1823 7461 620 1823 7462 621 1823 7463 615 1824 7464 620 1824 7465 622 1824 7466 617 1825 7467 616 1825 7468 622 1825 7469 612 1826 7470 617 1826 7471 623 1826 7472 667 1827 7473 664 1827 7474 673 1827 7475 675 1828 7476 674 1828 7477 672 1828 7478 667 1829 7479 672 1829 7480 674 1829 7481 669 1830 7482 668 1830 7483 674 1830 7484 664 1831 7485 669 1831 7486 675 1831 7487 716 1832 7488 725 1832 7489 724 1832 7490 726 1833 7491 724 1833 7492 725 1833 7493 719 1834 7494 724 1834 7495 726 1834 7496 721 1835 7497 720 1835 7498 726 1835 7499 716 1836 7500 721 1836 7501 727 1836 7502 771 1837 7503 768 1837 7504 777 1837 7505 778 1838 7506 776 1838 7507 777 1838 7508 771 1839 7509 776 1839 7510 778 1839 7511 772 1840 7512 778 1840 7513 779 1840 7514 768 1841 7515 773 1841 7516 779 1841 7517 820 1842 7518 829 1842 7519 828 1842 7520 830 1843 7521 828 1843 7522 829 1843 7523 823 1844 7524 828 1844 7525 830 1844 7526 825 1845 7527 824 1845 7528 830 1845 7529 820 1846 7530 825 1846 7531 831 1846 7532 872 1847 7533 881 1847 7534 880 1847 7535 882 1848 7536 880 1848 7537 881 1848 7538 875 1849 7539 880 1849 7540 882 1849 7541 877 1850 7542 876 1850 7543 882 1850 7544 872 1851 7545 877 1851 7546 883 1851 7547 927 1852 7548 924 1852 7549 933 1852 7550 934 1853 7551 932 1853 7552 933 1853 7553 927 1854 7554 932 1854 7555 934 1854 7556 928 1855 7557 934 1855 7558 935 1855 7559 924 1856 7560 929 1856 7561 935 1856 7562 979 1857 7563 976 1857 7564 985 1857 7565 986 1858 7566 984 1858 7567 985 1858 7568 979 1859 7569 984 1859 7570 986 1859 7571 980 1860 7572 986 1860 7573 987 1860 7574 976 1861 7575 981 1861 7576 987 1861 7577 1028 1842 7578 1037 1842 7579 1036 1842 7580 1038 1843 7581 1036 1843 7582 1037 1843 7583 1031 1862 7584 1036 1862 7585 1038 1862 7586 1033 1845 7587 1032 1845 7588 1038 1845 7589 1028 1863 7590 1033 1863 7591 1039 1863 7592 1083 1864 7593 1080 1864 7594 1089 1864 7595 1090 1865 7596 1088 1865 7597 1089 1865 7598 1083 1866 7599 1088 1866 7600 1090 1866 7601 1084 1860 7602 1090 1860 7603 1091 1860 7604 1080 1867 7605 1085 1867 7606 1091 1867 7607 1132 1868 7608 1141 1868 7609 1140 1868 7610 1142 1869 7611 1140 1869 7612 1141 1869 7613 1135 1870 7614 1140 1870 7615 1142 1870 7616 1136 1871 7617 1142 1871 7618 1143 1871 7619 1132 1872 7620 1137 1872 7621 1143 1872 7622</p>
        </triangles>
      </mesh>
    </geometry>
  </library_geometries>
  <library_visual_scenes>
    <visual_scene id="Scene" name="Scene">
      <node id="Freeway_Join_Freeway_2_mesh" name="Freeway_Join_Freeway_2_mesh" type="NODE">
        <matrix sid="transform">0.9999999 0 0 0 0 7.54979e-8 -1 0 0 1 7.54979e-8 0 0 0 0 1</matrix>
        <instance_geometry url="#Freeway_Join_Freeway_2_mesh-mesh" name="Freeway_Join_Freeway_2_mesh">
          <bind_material>
            <technique_common>
              <instance_material symbol="Road-material" target="#Road-material">
                <bind_vertex_input semantic="Freeway_Join_Freeway_2_mesh-mesh-map-0" input_semantic="TEXCOORD" input_set="0"/>
              </instance_material>
              <instance_material symbol="Lamppost_Emitter-material" target="#Lamppost_Emitter-material">
                <bind_vertex_input semantic="Freeway_Join_Freeway_2_mesh-mesh-map-0" input_semantic="TEXCOORD" input_set="0"/>
              </instance_material>
            </technique_common>
          </bind_material>
        </instance_geometry>
      </node>
    </visual_scene>
  </library_visual_scenes>
  <scene>
    <instance_visual_scene url="#Scene"/>
  </scene>
</COLLADA>